produce_type,temperature,humidity,voc,storage_age,initial_shelf_life,remaining_shelf_life
Spinach,29.8,77.3,1.759,6.8,12,0.0
Broccoli,34.0,74.8,0.294,0.4,18,5.4
Banana,37.4,50.0,15.0,18.9,20,0.0
Grapes,14.6,86.6,0.224,6.0,45,10.1
Strawberry,30.3,53.2,15.0,3.0,5,0.0
Carrot,0.9,94.0,0.02,1.9,30,27.8
Mango,33.6,63.5,0.388,0.4,21,14.5
Strawberry,-0.7,90.9,1.154,4.3,5,0.0
Mango,12.3,97.1,0.491,4.2,21,13.7
Banana,37.4,81.3,14.934,11.4,20,0.0
Onion_Green,-1.5,92.8,0.083,6.5,25,16.6
Strawberry,2.6,98.6,0.271,0.9,5,3.6
Carrot,35.7,57.0,0.09,0.3,30,20.7
Apple,34.1,82.4,15.0,111.4,180,0.0
Strawberry,34.2,61.6,2.887,0.4,5,0.0
Apple,7.9,84.8,0.62,65.5,180,0.0
Onion_Green,35.6,69.6,15.0,18.3,25,0.0
Onion_Green,-1.4,93.4,0.284,21.3,25,0.0
Tomato,17.9,87.6,0.605,5.0,21,12.1
Mango,34.0,74.3,15.0,17.6,21,0.0
Cucumber,34.3,80.5,4.524,10.7,14,0.0
Strawberry,0.8,91.7,1.025,3.1,5,0.0
Carrot,36.6,50.2,4.048,14.6,30,0.0
Apple,0.9,90.5,0.217,37.5,180,131.5
Orange,31.6,84.0,7.85,64.0,70,0.0
Tomato,14.0,87.3,0.053,0.8,21,20.1
Tomato,17.2,99.4,1.091,9.0,21,0.0
Spinach,30.4,75.5,1.586,4.3,12,0.0
Mango,32.0,78.6,14.259,15.9,21,0.0
Grapes,31.3,57.7,6.32,30.4,45,0.0
Onion_Green,-1.6,98.9,0.245,16.4,25,2.7
Tomato,16.2,93.8,0.992,10.8,21,0.0
Cucumber,13.1,96.6,0.235,7.4,14,4.0
Bell Pepper,37.0,72.2,3.488,5.9,18,0.0
Apple,36.5,80.0,15.0,69.2,180,0.0
Bell Pepper,37.7,59.9,4.18,5.3,18,0.0
Banana,11.6,100.0,1.185,13.6,20,0.0
Mango,11.3,95.1,0.8,6.2,21,8.2
Strawberry,6.5,86.1,1.558,2.8,5,0.0
Orange,5.8,95.5,0.436,38.4,70,0.0
Tomato,15.1,90.4,0.036,0.6,21,20.3
Strawberry,11.9,85.5,3.195,3.6,5,0.0
Potato,32.3,83.8,2.761,183.1,200,0.0
Potato,9.7,92.2,0.088,70.9,200,119.7
Cucumber,35.0,70.0,0.52,1.4,14,0.0
Banana,12.3,93.8,0.761,5.7,20,8.7
Cucumber,36.7,82.0,3.685,6.8,14,0.0
Tomato,16.5,85.8,1.49,17.7,21,0.0
Onion_Green,0.2,94.9,0.021,1.0,25,24.0
Grapes,36.6,58.8,0.546,1.8,45,0.0
Onion_Green,0.1,94.3,0.32,18.3,25,0.0
Mango,29.9,64.4,8.215,14.0,21,0.0
Orange,37.8,68.1,4.402,21.5,70,0.0
Strawberry,30.5,56.5,3.238,0.5,5,0.0
Onion_Green,-2.0,100.0,0.052,3.8,25,20.5
Carrot,-2.0,100.0,0.162,17.5,30,5.3
Spinach,-0.8,98.2,0.018,1.5,12,10.4
Onion_Green,-0.4,98.8,0.194,11.3,25,10.9
Cucumber,36.1,62.1,2.434,6.2,14,0.0
Onion,20.3,75.2,0.228,107.1,180,0.0
Cucumber,27.3,87.1,1.501,8.2,14,0.0
Mango,25.8,90.4,3.584,9.2,21,0.0
Apple,34.3,78.7,15.0,111.4,180,0.0
Strawberry,-0.8,91.0,0.43,1.6,5,2.5
Cucumber,9.0,100.0,0.156,6.6,14,4.2
Broccoli,35.4,78.1,4.473,4.9,18,0.0
Cucumber,27.1,93.4,1.569,9.8,14,0.0
Orange,33.6,58.4,6.227,45.2,70,0.0
Spinach,29.0,81.6,1.472,5.8,12,0.0
Broccoli,1.4,96.3,0.481,16.4,18,0.0
Onion_Green,33.7,72.1,4.244,10.7,25,0.0
Broccoli,-1.8,100.0,0.325,16.6,18,0.0
Carrot,34.2,53.5,0.642,2.5,30,0.0
Banana,29.5,68.0,2.727,4.5,20,0.0
Orange,6.7,86.1,0.573,63.0,70,0.0
Grapes,-0.3,89.4,0.172,14.2,45,27.0
Bell Pepper,19.9,81.1,0.132,1.1,18,13.8
Grapes,1.2,90.9,0.029,3.6,45,41.1
Tomato,16.6,90.5,1.741,19.8,21,0.0
Mango,11.8,91.1,0.647,5.9,21,10.2
Tomato,18.2,95.9,0.101,1.0,21,19.3
Strawberry,2.0,93.9,0.558,1.9,5,1.7
Strawberry,4.8,84.3,1.544,3.9,5,0.0
Bell Pepper,10.7,92.1,0.458,10.0,18,2.4
Carrot,14.5,85.2,1.138,28.1,30,0.0
Onion_Green,-1.6,98.3,0.026,1.6,25,23.3
Carrot,10.7,87.2,0.649,24.7,30,0.0
Potato,35.6,63.2,1.039,45.9,200,0.0
Carrot,1.2,99.0,0.078,6.6,30,22.7
Strawberry,2.8,92.5,0.819,2.3,5,0.2
Apple,12.0,88.3,1.762,96.0,180,0.0
Onion_Green,1.5,99.4,0.374,16.8,25,0.0
Apple,34.2,84.3,15.0,104.0,180,0.0
Apple,31.5,68.0,15.0,134.0,180,0.0
Strawberry,3.4,93.2,1.795,3.8,5,0.0
Tomato,16.3,88.7,0.825,9.9,21,1.3
Grapes,-2.0,95.2,0.283,23.0,45,11.2
Broccoli,-1.7,94.2,0.121,6.0,18,10.4
Apple,33.2,84.1,15.0,103.0,180,0.0
Banana,13.2,92.2,0.39,4.0,20,14.1
Banana,12.2,89.0,0.249,1.8,20,17.3
Orange,37.2,52.1,3.852,18.5,70,0.0
Tomato,16.8,87.6,0.941,10.8,21,0.0
Strawberry,0.6,97.4,0.079,0.3,5,4.7
Orange,6.3,88.9,0.401,49.9,70,0.0
Carrot,29.8,69.7,3.216,24.0,30,0.0
Onion,22.5,70.1,0.336,135.0,180,0.0
Onion_Green,33.6,70.5,6.178,13.4,25,0.0
Cucumber,13.6,91.1,0.266,7.6,14,2.5
Onion,20.8,66.9,0.232,145.5,180,0.0
Bell Pepper,10.1,90.0,0.293,7.1,18,8.1
Mango,12.9,92.5,2.031,14.4,21,0.0
Bell Pepper,33.6,70.0,1.797,4.9,18,0.0
Onion,30.0,75.8,0.594,90.6,180,0.0
Tomato,17.8,92.2,0.437,3.2,21,15.6
Tomato,14.1,93.7,0.524,11.0,21,0.0
Banana,13.1,94.8,1.6,13.0,20,0.0
Orange,7.9,95.1,0.663,56.6,70,0.0
Strawberry,29.2,75.6,15.0,4.5,5,0.0
Grapes,2.4,90.7,0.109,7.1,45,36.1
Potato,9.5,88.6,0.321,172.5,200,0.0
Banana,32.4,63.2,5.174,8.8,20,0.0
Onion,36.0,49.6,0.738,60.8,180,0.0
Potato,34.2,54.1,2.281,178.6,200,0.0
Spinach,34.9,55.8,6.25,10.0,12,0.0
Broccoli,29.5,60.9,1.83,4.3,18,0.0
Spinach,2.0,94.8,0.098,5.7,12,5.3
Grapes,0.4,96.4,0.07,6.5,45,37.3
Onion_Green,14.0,97.5,1.3,17.0,25,0.0
Bell Pepper,33.8,64.0,3.534,8.0,18,0.0
Bell Pepper,9.5,99.6,0.398,12.4,18,0.0
Mango,28.2,72.8,9.712,15.4,21,0.0
Onion_Green,3.2,100.0,0.482,22.2,25,0.0
Bell Pepper,11.2,91.3,0.587,14.3,18,0.0
Tomato,33.2,70.7,3.561,8.0,21,0.0
Mango,34.0,54.0,8.519,8.3,21,0.0
Cucumber,31.5,62.1,2.003,9.8,14,0.0
Strawberry,30.5,70.2,5.026,0.9,5,0.0
Potato,31.6,70.3,1.747,120.2,200,0.0
Strawberry,7.2,79.6,0.779,1.5,5,0.0
Bell Pepper,30.1,81.4,1.442,3.6,18,0.0
Banana,12.3,93.2,1.375,10.2,20,0.0
Tomato,23.0,78.5,0.479,3.7,21,10.1
Bell Pepper,17.7,88.6,0.249,4.4,18,6.6
Spinach,-0.0,100.0,0.106,7.5,12,3.1
Orange,36.6,79.1,5.142,26.5,70,0.0
Potato,6.0,89.8,0.023,16.6,200,180.0
Potato,9.7,93.5,0.11,80.1,200,106.7
Banana,34.2,61.8,14.125,15.7,20,0.0
Mango,12.8,100.0,0.772,8.8,21,0.8
Strawberry,0.7,89.6,1.152,4.7,5,0.0
Banana,13.8,93.4,1.102,12.1,20,0.0
Spinach,-0.5,100.0,0.024,1.6,12,10.2
Potato,9.4,87.6,0.188,105.3,200,52.3
Carrot,9.3,89.1,0.081,4.1,30,18.0
Broccoli,7.3,95.8,0.163,3.1,18,11.0
Grapes,32.0,77.0,5.232,18.1,45,0.0
Tomato,16.3,83.2,0.717,7.8,21,5.5
Orange,15.7,79.7,0.995,40.6,70,0.0
Orange,35.3,57.5,0.418,2.2,70,13.8
Mango,13.4,93.2,2.781,19.1,21,0.0
Banana,12.4,93.0,0.96,9.5,20,0.0
Broccoli,7.6,87.1,0.078,1.4,18,13.8
Tomato,15.6,87.3,0.324,3.8,21,15.7
Bell Pepper,35.6,72.4,7.352,13.0,18,0.0
Orange,7.1,82.9,0.685,65.7,70,0.0
Grapes,0.2,99.4,0.394,42.7,45,0.0
Spinach,4.9,94.3,0.301,10.5,12,0.0
Banana,26.0,86.5,0.566,1.1,20,14.6
Spinach,-2.0,93.3,0.019,1.5,12,10.1
Banana,33.3,65.4,8.006,7.7,20,0.0
Mango,31.2,71.9,15.0,17.7,21,0.0
Cucumber,32.2,66.2,4.076,13.2,14,0.0
Broccoli,31.5,76.9,3.505,6.9,18,0.0
Potato,13.7,85.3,0.183,75.7,200,41.0
Mango,30.4,53.9,4.877,7.1,21,0.0
Bell Pepper,35.2,70.6,2.231,4.8,18,0.0
Mango,11.7,92.0,1.796,17.6,21,0.0
Bell Pepper,9.8,100.0,0.245,6.9,18,6.4
Apple,13.3,79.3,0.754,37.8,180,0.0
Tomato,36.3,78.0,7.906,12.6,21,0.0
Mango,29.7,63.9,8.349,15.2,21,0.0
Bell Pepper,37.0,66.2,4.092,10.7,18,0.0
Broccoli,-1.3,98.4,0.23,11.2,18,3.2
Potato,30.8,58.8,0.014,1.1,200,180.3
Banana,14.2,94.6,0.164,1.5,20,18.1
Tomato,16.6,90.6,1.998,18.1,21,0.0
Orange,17.5,80.4,1.496,53.0,70,0.0
Orange,4.6,86.7,0.192,22.3,70,42.4
Strawberry,-0.4,91.4,0.85,3.6,5,0.0
Onion_Green,2.4,98.5,0.138,6.2,25,17.0
Orange,2.2,89.4,0.443,51.9,70,0.0
Onion,19.9,66.5,0.261,143.7,180,0.0
Potato,7.9,93.0,0.019,13.0,200,186.6
Broccoli,1.1,100.0,0.185,8.2,18,7.5
Broccoli,2.9,100.0,0.343,11.7,18,0.0
Cucumber,12.5,94.9,0.058,1.4,14,12.4
Grapes,2.3,100.0,0.197,11.8,45,24.8
Tomato,28.3,75.6,4.809,18.2,21,0.0
Broccoli,14.6,86.3,0.377,3.7,18,0.0
Tomato,18.4,94.8,1.035,9.5,21,0.0
Onion_Green,11.4,85.6,0.948,18.9,25,0.0
Strawberry,0.8,94.6,0.994,3.8,5,0.0
Tomato,16.4,96.2,0.296,4.6,21,12.5
Strawberry,-1.9,94.2,0.84,3.8,5,0.0
Orange,9.3,72.8,1.065,64.8,70,0.0
Onion,21.2,68.8,0.332,133.4,180,0.0
Orange,4.1,88.0,0.01,1.3,70,68.6
Onion,21.0,79.1,0.01,1.8,180,174.1
Tomato,28.8,78.9,1.469,7.2,21,0.0
Spinach,3.7,99.4,0.185,9.1,12,0.0
Tomato,29.2,81.4,3.406,11.9,21,0.0
Carrot,3.7,98.6,0.37,24.8,30,0.0
Bell Pepper,11.3,100.0,0.407,9.5,18,0.0
Onion,32.5,72.5,0.661,90.1,180,0.0
Onion,30.6,56.0,0.896,105.3,180,0.0
Apple,31.4,56.4,15.0,135.1,180,0.0
Banana,17.2,88.6,2.105,10.4,20,0.0
Broccoli,1.2,100.0,0.039,1.3,18,16.5
Onion_Green,9.7,89.4,0.85,17.5,25,0.0
Bell Pepper,28.4,80.3,3.048,9.9,18,0.0
Mango,37.0,64.8,7.663,5.6,21,0.0
Apple,-0.4,87.9,0.407,79.7,180,44.1
Cucumber,37.1,56.3,1.633,3.2,14,0.0
Bell Pepper,17.9,81.8,0.625,7.5,18,0.0
Bell Pepper,17.5,88.2,0.174,2.9,18,11.0
Broccoli,1.6,96.6,0.01,0.3,18,17.7
Mango,32.5,58.3,1.805,1.6,21,0.0
Bell Pepper,12.9,90.7,0.178,2.6,18,14.4
Strawberry,29.7,55.9,1.217,0.3,5,0.0
Potato,10.7,93.0,0.293,134.1,200,5.1
Onion,19.8,66.5,0.02,9.9,180,169.8
Onion_Green,0.2,96.1,0.091,5.4,25,18.9
Strawberry,-0.8,95.2,0.611,2.2,5,1.0
Onion_Green,11.3,77.1,0.153,3.1,25,5.0
Orange,28.9,73.5,2.827,29.6,70,0.0
Potato,30.6,73.2,2.492,185.9,200,0.0
Banana,13.9,100.0,0.097,0.7,20,19.0
Orange,37.2,71.0,14.423,62.6,70,0.0
Carrot,2.5,100.0,0.249,22.3,30,0.0
Grapes,0.5,90.1,0.374,32.7,45,0.0
Banana,36.0,65.2,15.0,15.6,20,0.0
Orange,3.0,91.0,0.346,41.9,70,3.8
Apple,4.5,87.8,0.551,63.9,180,52.8
Strawberry,-1.3,93.4,0.775,3.1,5,0.0
Potato,33.2,66.8,0.109,5.0,200,111.9
Cucumber,11.6,91.5,0.077,3.3,14,10.1
Spinach,35.2,83.4,0.143,0.3,12,4.1
Spinach,11.4,89.4,0.204,4.4,12,0.0
Apple,-0.6,87.4,0.259,48.8,180,103.3
Broccoli,33.3,70.3,0.902,1.6,18,0.0
Grapes,14.7,81.8,1.372,29.1,45,0.0
Cucumber,29.8,60.3,2.073,10.6,14,0.0
Onion,29.5,58.1,0.879,162.7,180,0.0
Spinach,6.1,100.0,0.212,9.1,12,0.0
Carrot,37.0,62.4,2.678,6.8,30,0.0
Potato,9.5,93.9,0.231,127.6,200,32.7
Cucumber,23.5,79.1,1.225,9.8,14,0.0
Banana,20.1,83.2,1.231,6.0,20,0.0
Broccoli,-1.0,100.0,0.129,8.5,18,7.6
Banana,16.5,95.3,1.709,8.5,20,0.0
Broccoli,29.3,53.6,4.839,12.4,18,0.0
Cucumber,35.7,59.3,2.621,8.6,14,0.0
Tomato,18.9,85.7,1.097,10.4,21,0.0
Banana,14.4,99.3,0.851,5.2,20,7.8
Strawberry,1.8,96.2,1.322,4.7,5,0.0
Banana,14.0,92.8,0.7,6.4,20,8.2
Potato,8.7,89.5,0.171,101.9,200,71.1
Bell Pepper,13.0,80.0,0.127,2.1,18,12.9
Tomato,33.2,71.8,0.95,1.9,21,3.5
Spinach,34.1,67.7,0.777,1.9,12,0.0
Carrot,-0.8,97.8,0.081,8.8,30,19.8
Mango,13.7,90.9,1.15,11.5,21,0.0
Strawberry,29.2,78.6,11.659,1.9,5,0.0
Orange,12.9,79.7,0.246,14.2,70,28.2
Apple,3.0,89.4,1.542,166.8,180,0.0
Cucumber,29.3,80.2,3.571,12.3,14,0.0
Onion,31.2,83.3,0.916,141.1,180,0.0
Grapes,0.8,92.7,0.225,18.5,45,21.2
Banana,11.0,92.6,0.628,7.0,20,6.5
Onion_Green,-0.3,100.0,0.021,1.5,25,23.4
Carrot,30.7,56.2,3.594,19.7,30,0.0
Tomato,21.9,82.1,1.132,12.5,21,0.0
Onion_Green,32.0,72.9,3.812,8.5,25,0.0
Broccoli,11.6,91.3,0.932,13.2,18,0.0
Broccoli,9.5,89.4,0.807,11.7,18,0.0
Orange,12.0,77.3,0.744,36.5,70,0.0
Spinach,0.8,99.7,0.123,9.3,12,1.1
Grapes,2.2,91.9,0.619,38.1,45,0.0
Strawberry,-1.2,93.5,0.316,1.3,5,3.2
Orange,19.2,83.6,2.531,59.5,70,0.0
Strawberry,15.2,82.3,0.436,0.3,5,2.9
Orange,4.5,88.1,0.034,4.8,70,64.9
Bell Pepper,37.7,83.0,9.963,13.4,18,0.0
Apple,1.9,90.4,1.045,130.7,180,0.0
Carrot,34.7,50.4,1.891,7.4,30,0.0
Mango,34.4,68.6,1.293,0.9,21,6.5
Onion_Green,15.4,82.1,0.089,1.1,25,16.6
Tomato,30.2,63.0,3.847,8.7,21,0.0
Onion,18.3,68.1,0.172,84.9,180,72.7
Tomato,18.2,94.3,1.971,17.2,21,0.0
Potato,35.5,69.5,0.673,34.4,200,0.0
Broccoli,-1.2,100.0,0.167,9.3,18,6.2
Potato,36.2,57.5,2.405,96.2,200,0.0
Orange,7.2,86.0,0.461,49.5,70,0.0
Spinach,1.5,100.0,0.173,8.7,12,1.1
Onion_Green,2.0,98.2,0.326,17.6,25,0.0
Apple,13.3,79.6,2.249,95.0,180,0.0
Bell Pepper,9.0,98.3,0.462,13.4,18,0.0
Cucumber,36.3,50.4,4.283,10.0,14,0.0
Potato,7.2,91.2,0.067,58.1,200,134.5
Mango,30.2,54.8,6.754,13.3,21,0.0
Onion,22.3,74.4,0.041,16.0,180,156.5
Bell Pepper,29.0,57.9,4.353,12.1,18,0.0
Orange,7.0,96.7,0.189,18.0,70,36.2
Bell Pepper,12.0,95.7,0.896,16.8,18,0.0
Potato,33.2,65.4,0.444,28.1,200,0.0
Banana,11.2,94.8,0.616,5.8,20,8.9
Tomato,30.2,80.4,0.965,2.4,21,5.8
Broccoli,37.5,57.1,8.763,9.7,18,0.0
Cucumber,10.7,97.3,0.24,6.9,14,4.7
Cucumber,30.3,63.2,1.412,6.2,14,0.0
Mango,32.6,66.9,2.678,2.7,21,0.0
Banana,35.8,50.2,1.234,1.2,20,0.0
Bell Pepper,10.8,99.4,0.467,11.3,18,0.0
Strawberry,0.2,95.2,1.208,4.6,5,0.0
Onion,28.6,61.1,0.162,26.8,180,101.2
Potato,24.6,73.7,1.085,171.0,200,0.0
Banana,33.5,54.5,15.0,16.8,20,0.0
Orange,4.4,89.9,0.087,13.3,70,54.8
Orange,5.5,87.1,0.525,64.3,70,0.0
Carrot,33.6,68.3,1.09,3.4,30,0.0
Banana,28.3,83.5,4.379,10.5,20,0.0
Banana,25.7,84.7,4.024,8.8,20,0.0
Apple,0.1,100.0,0.493,87.7,180,4.0
Apple,30.0,59.1,3.932,28.2,180,0.0
Onion_Green,35.5,50.6,1.474,3.1,25,0.0
Bell Pepper,10.7,93.5,0.548,13.2,18,0.0
Onion_Green,9.2,84.0,0.324,6.8,25,0.0
Spinach,0.1,100.0,0.158,8.9,12,0.9
Apple,3.4,90.4,0.442,47.3,180,102.7
Onion_Green,33.3,55.5,5.887,16.6,25,0.0
Strawberry,-1.8,96.4,1.017,4.3,5,0.0
Strawberry,-1.4,89.6,0.565,2.1,5,1.1
Onion,36.6,54.1,1.24,126.5,180,0.0
Bell Pepper,9.9,98.1,0.012,0.3,18,17.6
Carrot,0.2,93.7,0.208,27.7,30,0.0
Onion,27.0,52.5,0.421,80.6,180,0.0
Onion_Green,-2.0,100.0,0.258,19.5,25,0.0
Potato,10.1,93.2,0.13,79.9,200,103.4
Banana,16.4,91.5,1.526,12.4,20,0.0
Potato,36.4,58.9,0.175,6.0,200,53.7
Grapes,2.4,98.3,0.045,3.1,45,40.7
Strawberry,28.7,52.7,8.162,1.7,5,0.0
Cucumber,18.5,81.6,0.045,0.5,14,12.3
Bell Pepper,30.3,78.3,0.263,1.1,18,5.9
Onion_Green,0.4,99.5,0.218,13.4,25,7.8
Onion,18.5,64.6,0.129,70.6,180,91.5
Onion_Green,-0.8,97.2,0.251,17.6,25,1.9
Carrot,1.6,98.1,0.256,23.0,30,0.0
Mango,34.2,69.6,15.0,12.6,21,0.0
Mango,13.8,93.6,0.371,2.0,21,18.0
Bell Pepper,7.4,94.1,0.467,14.1,18,0.0
Broccoli,36.5,73.4,10.728,10.2,18,0.0
Carrot,34.3,68.6,6.096,23.9,30,0.0
Broccoli,36.6,68.3,0.758,1.2,18,0.0
Mango,15.6,92.2,1.512,10.5,21,0.0
Apple,32.4,71.2,15.0,108.0,180,0.0
Mango,34.4,73.7,3.41,2.7,21,0.0
Apple,0.2,100.0,0.802,127.2,180,0.0
Tomato,17.9,86.9,0.016,0.2,21,20.8
Broccoli,-0.7,96.8,0.049,3.4,18,14.3
Apple,19.0,79.0,3.665,91.9,180,0.0
Tomato,16.9,88.5,1.105,10.3,21,0.0
Broccoli,1.2,95.8,0.127,4.9,18,12.1
Broccoli,14.0,87.4,1.259,12.0,18,0.0
Apple,15.9,79.0,3.507,150.9,180,0.0
Grapes,1.3,91.1,0.143,11.1,45,31.5
Spinach,0.4,99.2,0.131,7.6,12,3.0
Potato,10.1,97.1,0.022,13.6,200,183.4
Cucumber,10.7,99.5,0.319,8.6,14,0.8
Grapes,0.5,94.6,0.316,26.2,45,7.9
Strawberry,2.5,94.8,1.018,2.6,5,0.0
Strawberry,1.9,100.0,0.097,0.3,5,4.5
Potato,30.2,66.3,1.979,155.2,200,0.0
Broccoli,8.1,81.5,0.3,5.3,18,0.0
Cucumber,19.8,78.4,0.607,6.0,14,0.0
Spinach,1.7,92.0,0.145,6.9,12,2.5
Mango,15.1,100.0,0.523,3.4,21,13.9
Tomato,16.7,91.4,0.725,6.9,21,7.5
Onion_Green,34.0,53.5,11.377,20.1,25,0.0
Orange,32.5,74.1,1.291,9.4,70,0.0
Potato,8.5,93.8,0.038,25.9,200,172.7
Broccoli,-0.2,96.7,0.135,5.0,18,12.1
Potato,31.7,63.1,1.402,90.1,200,0.0
Carrot,30.9,83.6,2.211,11.2,30,0.0
Grapes,35.7,84.3,6.568,20.5,45,0.0
Potato,32.4,60.6,0.823,49.3,200,0.0
Apple,4.5,92.8,0.374,40.3,180,114.2
Tomato,30.3,76.6,3.553,12.5,21,0.0
Broccoli,1.1,100.0,0.149,5.2,18,11.5
Apple,0.5,91.1,0.485,81.4,180,48.7
Mango,29.3,70.8,7.451,12.0,21,0.0
Onion,16.9,66.4,0.23,135.8,180,0.0
Mango,23.1,85.8,0.709,2.0,21,12.8
Spinach,3.5,94.8,0.167,8.7,12,0.1
Onion_Green,-0.4,100.0,0.26,17.3,25,1.6
Strawberry,35.6,70.1,15.0,4.5,5,0.0
Onion_Green,-0.3,100.0,0.306,20.1,25,0.0
Grapes,30.2,75.7,8.553,32.6,45,0.0
Onion,21.9,77.7,0.053,23.1,180,106.7
Banana,11.9,93.1,1.931,15.1,20,0.0
Apple,34.8,79.0,10.091,50.5,180,0.0
Potato,9.6,93.0,0.227,133.0,200,27.4
Onion_Green,-1.2,97.4,0.124,9.7,25,13.5
Apple,11.1,88.0,2.655,119.3,180,0.0
Grapes,33.2,60.5,1.268,3.4,45,0.0
Onion,20.0,67.0,0.1,50.6,180,123.3
Strawberry,32.0,60.2,6.644,0.8,5,0.0
Tomato,17.1,95.6,0.68,7.2,21,4.7
Carrot,29.9,75.2,5.305,24.7,30,0.0
Onion,19.7,64.2,0.295,122.1,180,5.5
Mango,13.8,87.3,0.37,2.5,21,16.9
Strawberry,11.8,79.0,2.634,3.0,5,0.0
Broccoli,-1.3,96.9,0.071,3.3,18,14.3
Onion,28.6,79.4,0.01,0.8,180,176.3
Potato,28.8,82.6,1.849,157.1,200,0.0
Banana,12.4,93.3,0.912,8.3,20,2.2
Tomato,16.8,88.9,0.214,2.4,21,17.9
Strawberry,-0.6,100.0,0.754,3.2,5,0.0
Tomato,17.1,85.1,1.662,18.8,21,0.0
Apple,-2.0,100.0,0.718,163.6,180,0.0
Strawberry,32.8,53.9,15.0,3.1,5,0.0
Potato,36.5,57.4,3.234,124.9,200,0.0
Broccoli,34.5,77.9,8.889,12.9,18,0.0
Orange,4.1,93.8,0.394,42.9,70,0.0
Potato,13.4,98.5,0.041,16.3,200,171.0
Tomato,16.0,82.3,1.389,16.7,21,0.0
Bell Pepper,10.3,92.7,0.022,0.6,18,17.3
Strawberry,14.1,82.4,5.135,4.6,5,0.0
Strawberry,0.1,97.2,0.361,1.3,5,2.9
Strawberry,-0.0,91.8,0.392,1.3,5,3.0
Potato,7.2,94.7,0.204,122.0,200,40.3
Potato,12.2,100.0,0.208,87.1,200,35.0
Onion,20.4,69.2,0.338,160.3,180,0.0
Strawberry,17.7,82.6,7.951,4.6,5,0.0
Strawberry,30.0,75.4,14.246,3.0,5,0.0
Grapes,34.4,63.6,8.554,28.9,45,0.0
Broccoli,37.5,61.8,10.471,12.4,18,0.0
Bell Pepper,10.1,90.0,0.123,2.4,18,15.2
Banana,13.0,96.3,2.063,18.0,20,0.0
Bell Pepper,32.6,69.1,2.95,7.5,18,0.0
Bell Pepper,19.8,88.1,1.395,15.4,18,0.0
Broccoli,36.5,58.5,14.953,16.4,18,0.0
Mango,37.9,74.9,15.0,19.6,21,0.0
Carrot,29.8,57.5,0.089,0.5,30,16.7
Onion,20.6,67.6,0.303,129.5,180,2.3
Mango,11.1,96.7,0.433,3.3,21,15.3
Orange,36.6,71.1,10.253,55.6,70,0.0
Strawberry,2.4,88.7,0.632,1.6,5,1.9
Banana,22.2,86.3,1.522,4.7,20,0.0
Grapes,-0.3,90.2,0.323,39.3,45,0.0
Apple,2.8,92.5,0.814,108.7,180,0.0
Cucumber,10.5,92.9,0.273,7.5,14,3.6
Broccoli,7.6,91.2,0.828,16.4,18,0.0
Carrot,33.8,65.3,3.84,16.6,30,0.0
Apple,1.2,93.0,0.579,73.6,180,55.0
Spinach,9.4,80.2,0.261,6.8,12,0.0
Carrot,0.4,97.8,0.134,18.2,30,8.7
Apple,8.7,88.8,1.851,142.9,180,0.0
Grapes,35.7,62.3,7.844,35.3,45,0.0
Potato,10.4,91.0,0.044,24.4,200,172.3
Bell Pepper,18.1,83.2,0.474,6.3,18,0.0
Spinach,2.0,94.4,0.01,0.1,12,11.9
Onion_Green,1.7,94.8,0.352,15.3,25,1.7
Cucumber,10.8,98.6,0.308,10.9,14,0.0
Bell Pepper,7.9,91.1,0.341,13.1,18,0.0
Broccoli,10.4,88.2,0.217,4.7,18,0.0
Cucumber,22.9,84.3,0.97,8.4,14,0.0
Tomato,23.3,66.0,3.231,18.6,21,0.0
Orange,4.6,88.2,0.065,8.4,70,60.9
Banana,30.0,62.1,4.531,6.4,20,0.0
Mango,13.5,91.2,2.335,13.4,21,0.0
Tomato,13.3,88.9,0.839,14.7,21,0.0
Banana,13.4,93.4,2.075,15.2,20,0.0
Spinach,1.5,100.0,0.12,6.3,12,4.5
Tomato,21.2,74.2,1.405,9.7,21,0.0
Carrot,0.5,94.1,0.201,24.8,30,0.0
Apple,10.9,80.1,2.175,159.9,180,0.0
Orange,6.0,82.2,0.206,20.5,70,40.2
Broccoli,9.7,91.0,0.689,15.0,18,0.0
Tomato,17.4,92.9,0.566,6.7,21,8.3
Banana,14.2,92.4,1.753,14.9,20,0.0
Spinach,12.0,85.4,0.169,3.2,12,0.0
Banana,37.1,50.4,11.525,8.6,20,0.0
Carrot,35.0,64.8,3.01,9.9,30,0.0
Strawberry,1.1,99.9,1.262,3.5,5,0.0
Onion,34.0,52.7,0.155,13.0,180,94.2
Onion,22.6,65.6,0.231,78.4,180,67.1
Potato,7.2,96.1,0.176,115.9,200,45.8
Carrot,17.5,82.6,0.348,6.2,30,0.0
Bell Pepper,12.6,100.0,0.502,10.0,18,0.0
Tomato,28.8,84.8,4.741,14.8,21,0.0
Cucumber,9.8,92.4,0.295,10.0,14,0.0
Onion_Green,36.6,78.6,7.913,12.2,25,0.0
Carrot,-1.3,96.0,0.048,5.8,30,23.2
Spinach,-0.5,91.9,0.045,2.5,12,8.7
Bell Pepper,36.4,78.2,9.547,14.1,18,0.0
Broccoli,-0.7,100.0,0.21,8.8,18,6.5
Tomato,33.8,68.8,2.342,5.4,21,0.0
Strawberry,36.6,51.2,15.0,3.8,5,0.0
Broccoli,32.3,65.5,6.02,11.1,18,0.0
Potato,32.2,67.5,1.929,149.2,200,0.0
Onion,31.3,57.4,0.976,158.5,180,0.0
Onion_Green,1.1,97.0,0.06,2.7,25,22.0
Strawberry,0.7,100.0,1.028,3.3,5,0.0
Apple,28.1,82.4,5.459,75.9,180,0.0
Grapes,0.5,93.9,0.168,13.2,45,28.9
Spinach,31.3,62.4,1.93,5.8,12,0.0
Apple,31.5,68.3,15.0,135.9,180,0.0
Spinach,36.6,76.2,2.473,5.1,12,0.0
Potato,19.6,78.7,0.516,93.0,200,0.0
Grapes,0.2,97.7,0.07,7.0,45,36.1
Strawberry,6.7,81.2,0.821,1.5,5,0.0
Spinach,-1.1,95.8,0.036,2.6,12,9.0
Grapes,11.3,85.2,1.058,29.1,45,0.0
Orange,29.7,67.5,2.924,27.5,70,0.0
Onion_Green,1.4,94.7,0.154,8.1,25,14.7
Orange,4.1,92.9,0.467,59.6,70,0.0
Potato,34.1,80.0,1.946,127.9,200,0.0
Apple,15.9,87.5,1.448,43.4,180,0.0
Carrot,30.0,54.5,1.527,8.2,30,0.0
Spinach,12.0,86.0,0.444,10.1,12,0.0
Bell Pepper,9.9,97.8,0.483,12.7,18,0.0
Onion_Green,-0.9,98.1,0.125,9.0,25,14.5
Grapes,14.0,77.1,0.61,15.0,45,0.0
Orange,4.1,80.9,0.449,48.1,70,0.0
Broccoli,1.5,98.4,0.173,6.4,18,9.9
Onion_Green,35.7,69.2,1.018,1.7,25,0.0
Potato,22.9,89.2,0.755,144.1,200,0.0
Apple,4.3,100.0,0.263,29.1,180,126.2
Grapes,-0.2,94.4,0.158,18.6,45,22.4
Cucumber,33.8,72.1,0.913,2.2,14,0.0
Onion,19.7,63.7,0.232,102.6,180,38.9
Banana,24.0,87.0,1.288,3.7,20,2.6
Strawberry,9.1,85.3,1.473,2.1,5,0.0
Bell Pepper,10.2,100.0,0.357,10.9,18,0.0
Strawberry,7.8,87.0,1.978,3.9,5,0.0
Cucumber,12.6,100.0,0.347,10.1,14,0.0
Strawberry,2.7,87.4,0.726,2.0,5,0.7
Apple,34.3,80.0,15.0,134.0,180,0.0
Orange,4.5,88.5,0.142,16.6,70,50.3
Onion,37.7,78.9,2.748,154.4,180,0.0
Grapes,-1.8,91.6,0.01,0.7,45,44.3
Strawberry,1.7,100.0,1.437,3.6,5,0.0
Potato,33.9,70.3,4.651,188.2,200,0.0
Onion_Green,34.8,54.8,8.263,13.8,25,0.0
Broccoli,31.4,68.5,1.959,3.7,18,0.0
Apple,14.9,82.4,2.016,78.9,180,0.0
Broccoli,31.6,80.2,1.146,2.0,18,0.0
Broccoli,2.9,97.5,0.286,12.0,18,0.0
Apple,36.1,64.5,8.39,35.0,180,0.0
Onion,32.9,59.9,0.289,29.1,180,33.3
Strawberry,13.1,85.4,3.366,3.1,5,0.0
Cucumber,22.2,79.2,0.401,3.8,14,0.0
Orange,6.1,92.4,0.048,4.5,70,64.4
Cucumber,12.9,95.8,0.401,11.8,14,0.0
Grapes,34.8,63.1,13.543,34.2,45,0.0
Onion_Green,-0.9,95.6,0.299,16.4,25,2.0
Onion_Green,28.6,61.7,0.572,1.7,25,0.0
Spinach,2.1,98.4,0.08,3.6,12,8.0
Spinach,1.4,97.0,0.042,3.1,12,8.7
Cucumber,13.3,87.4,0.609,13.1,14,0.0
Grapes,-1.8,91.4,0.129,15.3,45,26.2
Grapes,0.3,93.4,0.043,3.4,45,41.4
Bell Pepper,12.3,93.1,0.174,2.5,18,14.7
Apple,1.7,92.2,0.51,75.6,180,58.1
Spinach,1.3,93.9,0.093,8.3,12,2.1
Banana,15.0,100.0,0.983,6.0,20,4.5
Tomato,37.4,50.6,7.412,10.5,21,0.0
Grapes,32.9,66.9,12.25,35.9,45,0.0
Banana,13.5,90.4,1.455,9.8,20,0.0
Orange,7.9,92.4,0.303,32.6,70,15.0
Spinach,35.4,59.8,0.908,1.6,12,0.0
Orange,3.6,85.4,0.084,12.2,70,55.7
Grapes,12.5,72.3,1.486,33.6,45,0.0
Apple,36.9,61.8,15.0,124.8,180,0.0
Mango,14.7,99.1,2.471,17.5,21,0.0
Spinach,13.0,94.3,0.373,6.9,12,0.0
Tomato,15.7,81.2,0.142,2.0,21,18.2
Cucumber,12.6,95.5,0.462,10.5,14,0.0
Spinach,14.0,97.2,0.55,11.4,12,0.0
Banana,13.4,93.6,0.073,0.7,20,19.3
Orange,3.3,86.4,0.487,51.5,70,0.0
Potato,8.6,91.0,0.121,83.3,200,103.3
Apple,30.2,61.8,9.729,79.7,180,0.0
Grapes,-2.0,94.8,0.081,7.5,45,35.9
Bell Pepper,9.3,98.2,0.15,3.7,18,12.8
Cucumber,13.0,100.0,0.219,5.2,14,6.3
Carrot,2.9,92.5,0.104,9.5,30,16.9
Banana,13.8,100.0,1.173,11.7,20,0.0
Banana,16.3,100.0,1.459,6.7,20,0.0
Tomato,18.0,90.6,1.127,12.5,21,0.0
Broccoli,28.9,84.7,3.586,9.3,18,0.0
Strawberry,1.5,91.9,0.107,0.4,5,4.6
Bell Pepper,20.9,83.8,0.608,4.7,18,0.0
Apple,36.2,76.5,1.76,9.6,180,0.0
Banana,31.6,76.5,5.189,5.7,20,0.0
Spinach,3.5,96.2,0.265,10.7,12,0.0
Mango,13.4,93.2,1.018,5.8,21,8.0
Onion_Green,29.4,75.7,3.312,15.1,25,0.0
Onion,31.4,75.7,0.948,112.7,180,0.0
Banana,14.1,95.7,2.034,13.3,20,0.0
Mango,9.9,93.9,0.229,2.2,21,17.8
Grapes,-1.1,91.8,0.262,25.1,45,11.4
Banana,28.3,73.1,5.142,10.2,20,0.0
Strawberry,35.9,76.2,15.0,2.7,5,0.0
Bell Pepper,7.7,92.3,0.198,6.0,18,9.9
Spinach,1.0,96.1,0.043,2.6,12,9.3
Carrot,11.6,92.9,0.627,23.4,30,0.0
Onion,35.9,55.5,0.081,9.0,180,116.2
Onion,30.6,63.7,0.241,37.9,180,42.4
Onion_Green,2.2,98.8,0.323,18.6,25,0.0
Strawberry,-0.5,93.1,0.746,2.6,5,0.1
Cucumber,31.1,58.7,1.708,8.7,14,0.0
Carrot,28.7,64.6,0.631,3.4,30,0.0
Apple,28.4,74.3,12.143,110.9,180,0.0
Cucumber,36.1,71.4,1.766,5.0,14,0.0
Broccoli,32.4,76.3,3.831,9.1,18,0.0
Onion_Green,0.4,96.4,0.312,19.7,25,0.0
Bell Pepper,10.1,87.9,0.46,12.2,18,0.0
Onion_Green,37.6,57.7,13.075,21.1,25,0.0
Orange,10.4,72.5,0.27,19.1,70,4.9
Banana,12.8,100.0,1.608,15.7,20,0.0
Grapes,-0.8,100.0,0.193,32.9,45,0.0
Onion_Green,10.1,77.7,0.61,13.7,25,0.0
Orange,7.3,85.4,0.287,23.1,70,36.0
Onion,20.9,72.0,0.147,77.8,180,77.0
Cucumber,14.0,98.2,0.448,9.2,14,0.0
Onion_Green,6.5,91.8,0.568,18.5,25,0.0
Banana,16.2,91.1,2.593,17.1,20,0.0
Spinach,28.5,55.6,0.902,3.9,12,0.0
Cucumber,12.2,93.9,0.432,12.3,14,0.0
Broccoli,9.7,84.0,0.292,4.3,18,0.0
Cucumber,22.5,84.6,0.896,7.3,14,0.0
Onion_Green,29.3,68.0,1.195,4.7,25,0.0
Strawberry,11.8,84.9,1.162,1.1,5,0.0
Potato,7.7,88.2,0.083,53.2,200,134.1
Bell Pepper,28.5,67.2,1.592,7.6,18,0.0
Bell Pepper,15.1,79.2,0.301,5.1,18,2.3
Spinach,0.3,95.4,0.082,4.2,12,7.2
Potato,33.8,61.8,2.512,152.6,200,0.0
Broccoli,1.0,100.0,0.321,15.3,18,0.0
Apple,-0.0,100.0,0.146,24.2,180,141.4
Mango,13.2,91.4,1.511,10.7,21,0.0
Mango,35.9,73.1,8.518,11.6,21,0.0
Grapes,-2.0,96.4,0.241,26.5,45,6.1
Bell Pepper,13.2,87.5,0.113,2.3,18,14.6
Potato,28.2,78.6,0.071,7.7,200,122.0
Cucumber,34.0,67.9,0.276,0.9,14,0.0
Broccoli,34.7,79.6,4.569,5.6,18,0.0
Banana,28.1,50.0,4.628,7.2,20,0.0
Strawberry,30.3,74.2,8.406,1.2,5,0.0
Cucumber,12.5,91.5,0.074,1.7,14,12.0
Banana,12.7,96.2,0.975,9.1,20,0.0
Strawberry,1.3,96.1,1.399,4.0,5,0.0
Spinach,3.9,100.0,0.053,2.1,12,9.4
Bell Pepper,8.1,93.7,0.112,2.9,18,14.5
Spinach,6.0,92.8,0.241,10.5,12,0.0
Mango,35.3,77.5,15.0,19.8,21,0.0
Orange,34.8,73.8,9.18,62.9,70,0.0
Mango,11.9,92.0,0.095,0.9,21,19.9
Strawberry,1.5,98.3,0.497,1.7,5,1.9
Mango,13.6,98.5,2.112,17.8,21,0.0
Potato,31.6,58.9,0.045,2.5,200,151.0
Broccoli,37.0,69.4,12.738,13.9,18,0.0
Onion_Green,-2.0,100.0,0.073,5.8,25,18.0
Spinach,0.1,95.1,0.012,0.8,12,11.1
Mango,21.3,87.6,2.364,6.2,21,0.0
Onion,27.2,52.6,0.697,126.3,180,0.0
Potato,21.8,87.8,0.812,143.2,200,0.0
Onion,21.6,69.5,0.4,131.3,180,0.0
Strawberry,13.6,84.2,1.121,1.0,5,0.0
Broccoli,-1.5,99.5,0.323,14.3,18,0.0
Apple,6.9,83.8,1.609,109.1,180,0.0
Bell Pepper,19.9,77.7,1.869,16.7,18,0.0
Orange,12.6,84.3,0.621,42.7,70,0.0
Cucumber,31.4,83.0,1.807,7.1,14,0.0
Potato,7.0,96.2,0.2,128.4,200,23.0
Bell Pepper,9.1,95.0,0.33,13.5,18,0.0
Banana,23.7,84.2,0.426,1.3,20,15.1
Bell Pepper,6.8,89.6,0.058,2.0,18,15.3
Mango,17.6,75.7,3.627,13.2,21,0.0
Onion,27.7,65.4,0.101,23.2,180,126.0
Tomato,20.2,85.9,1.077,11.6,21,0.0
Tomato,15.0,86.9,0.923,12.4,21,0.0
Onion,23.2,71.1,0.332,149.1,180,0.0
Apple,2.9,98.5,0.815,101.4,180,0.0
Carrot,-0.2,96.2,0.051,4.4,30,25.2
Tomato,22.3,75.9,1.09,10.1,21,0.0
Bell Pepper,13.4,91.3,0.693,14.2,18,0.0
Spinach,2.8,100.0,0.104,6.9,12,3.5
Orange,22.9,80.2,3.089,62.2,70,0.0
Potato,34.2,62.0,4.245,166.0,200,0.0
Strawberry,30.8,54.6,10.797,2.1,5,0.0
Onion,22.3,67.0,0.286,128.6,180,0.0
Cucumber,22.5,91.0,0.529,4.8,14,0.0
Strawberry,32.7,65.6,1.515,0.2,5,0.2
Broccoli,33.4,71.2,2.816,3.8,18,0.0
Grapes,36.2,77.6,6.555,12.2,45,0.0
Broccoli,-0.9,98.2,0.146,7.6,18,8.9
Strawberry,-0.1,87.5,1.394,4.1,5,0.0
Grapes,13.3,80.6,0.235,6.3,45,8.8
Grapes,10.0,83.5,0.264,8.7,45,11.3
Bell Pepper,28.5,53.4,0.215,0.8,18,2.5
Potato,14.5,87.1,0.175,86.4,200,16.5
Tomato,16.4,87.3,0.162,2.5,21,18.0
Carrot,1.2,100.0,0.017,1.4,30,28.5
Bell Pepper,8.8,92.8,0.01,0.2,18,17.8
Broccoli,32.1,72.9,6.645,10.0,18,0.0
Mango,15.3,94.5,0.844,6.4,21,7.4
Carrot,0.2,93.7,0.166,16.8,30,8.0
Grapes,7.3,75.9,0.778,33.5,45,0.0
Strawberry,10.7,89.3,2.713,2.9,5,0.0
Orange,31.3,75.6,3.944,28.0,70,0.0
Broccoli,0.4,98.4,0.205,7.9,18,8.1
Onion,30.5,57.5,0.126,23.2,180,87.0
Bell Pepper,12.4,94.0,0.462,7.5,18,5.4
Potato,30.1,62.4,1.001,127.2,200,0.0
Bell Pepper,31.5,58.5,3.462,11.3,18,0.0
Spinach,6.8,89.2,0.251,8.5,12,0.0
Banana,13.8,89.4,2.048,14.2,20,0.0
Carrot,35.4,71.4,4.075,14.0,30,0.0
Potato,7.6,89.7,0.09,60.7,200,128.6
Carrot,14.0,83.0,0.031,0.8,30,25.5
Spinach,11.4,83.1,0.086,1.5,12,5.0
Apple,30.0,50.8,15.0,147.4,180,0.0
Banana,14.4,100.0,0.873,5.7,20,6.2
Carrot,9.3,83.5,0.115,5.7,30,8.1
Grapes,6.8,79.1,0.797,35.6,45,0.0
Broccoli,0.1,93.6,0.075,3.7,18,13.6
Carrot,-2.0,100.0,0.063,8.9,30,18.5
Cucumber,28.2,55.4,3.012,11.8,14,0.0
Banana,36.2,50.7,12.496,14.0,20,0.0
Grapes,0.5,91.8,0.12,11.0,45,32.3
Grapes,-0.5,87.1,0.345,39.0,45,0.0
Carrot,31.1,64.4,1.238,6.1,30,0.0
Spinach,1.2,100.0,0.029,1.8,12,10.0
Onion_Green,31.9,54.6,6.731,16.0,25,0.0
Cucumber,31.7,55.2,0.943,2.8,14,0.0
Mango,30.3,64.2,4.47,5.4,21,0.0
Orange,36.0,61.3,8.722,50.9,70,0.0
Bell Pepper,9.8,93.9,0.223,5.9,18,10.5
Orange,28.8,71.0,2.675,32.3,70,0.0
Tomato,15.7,88.8,1.111,13.8,21,0.0
Carrot,1.5,94.1,0.082,7.0,30,21.7
Bell Pepper,10.6,93.4,0.098,2.4,18,15.2
Orange,5.5,90.3,0.431,53.4,70,0.0
Grapes,35.4,73.7,4.127,10.9,45,0.0
Orange,37.6,57.6,1.343,6.0,70,0.0
Spinach,1.3,100.0,0.039,2.2,12,9.6
Onion_Green,15.4,83.7,0.804,16.8,25,0.0
Grapes,0.5,94.3,0.066,4.9,45,39.6
Onion_Green,-0.3,100.0,0.082,5.6,25,18.6
Onion_Green,-0.2,98.4,0.245,18.4,25,1.0
Bell Pepper,30.2,52.0,1.246,4.4,18,0.0
Bell Pepper,5.9,95.3,0.579,15.1,18,0.0
Onion,23.5,65.7,0.155,77.2,180,68.2
Carrot,6.1,78.6,0.401,22.4,30,0.0
Cucumber,10.5,100.0,0.021,0.7,14,13.1
Mango,25.7,74.1,10.543,19.9,21,0.0
Apple,1.3,91.4,0.197,37.6,180,133.2
Carrot,5.6,88.0,0.416,23.5,30,0.0
Tomato,37.3,65.1,1.917,2.5,21,0.0
Mango,13.2,91.8,2.155,14.2,21,0.0
Strawberry,30.3,51.9,5.105,1.0,5,0.0
Orange,4.8,93.9,0.473,49.2,70,0.0
Tomato,36.7,50.3,10.857,15.5,21,0.0
Cucumber,10.6,98.0,0.28,7.5,14,3.4
Mango,36.6,53.4,15.0,14.1,21,0.0
Bell Pepper,31.3,83.4,0.566,2.2,18,0.0
Onion,30.5,54.2,0.307,64.5,180,0.0
Onion,36.1,75.8,0.95,91.9,180,0.0
Banana,15.4,89.4,0.382,3.2,20,15.0
Bell Pepper,35.2,59.9,3.422,5.6,18,0.0
Strawberry,10.0,75.1,0.488,0.6,5,1.6
Mango,37.1,78.7,15.0,17.7,21,0.0
Onion_Green,37.5,76.4,6.284,10.6,25,0.0
Apple,29.9,65.7,13.797,141.9,180,0.0
Tomato,19.1,84.9,0.86,7.6,21,4.2
Grapes,1.4,95.7,0.488,36.5,45,0.0
Banana,29.1,84.3,3.728,7.3,20,0.0
Bell Pepper,21.9,89.0,1.708,10.9,18,0.0
Spinach,34.3,78.3,0.256,0.9,12,0.0
Tomato,28.1,78.6,3.668,12.4,21,0.0
Potato,9.9,91.7,0.074,45.2,200,148.8
Cucumber,21.9,88.5,0.799,7.0,14,0.0
Bell Pepper,22.9,71.0,1.162,8.9,18,0.0
Grapes,-1.7,95.9,0.018,2.5,45,42.1
Onion,20.9,63.2,0.234,93.1,180,48.0
Orange,28.1,66.9,0.763,8.3,70,0.0
Potato,17.9,90.7,0.191,45.7,200,62.8
Banana,33.5,68.7,2.796,3.8,20,0.0
Tomato,14.3,87.5,0.781,11.7,21,0.0
Onion_Green,28.5,59.0,3.411,11.1,25,0.0
Mango,20.5,77.0,3.991,12.5,21,0.0
Potato,8.7,95.0,0.063,56.9,200,136.4
Apple,9.5,80.5,2.321,135.8,180,0.0
Potato,9.6,96.5,0.013,7.9,200,191.0
Carrot,15.9,84.7,1.22,21.4,30,0.0
Strawberry,4.7,100.0,0.529,1.1,5,2.4
Tomato,32.8,57.6,7.295,19.3,21,0.0
Grapes,1.8,93.9,0.173,12.9,45,28.4
Bell Pepper,10.8,89.4,0.149,3.6,18,13.5
Mango,13.0,92.2,0.758,6.7,21,8.2
Banana,13.5,94.5,2.041,13.9,20,0.0
Banana,32.2,60.8,12.394,17.8,20,0.0
Mango,18.5,95.5,2.532,12.0,21,0.0
Apple,4.7,96.7,0.392,35.5,180,116.6
Onion_Green,6.7,90.1,0.349,12.8,25,0.0
Onion_Green,0.2,92.0,0.314,17.8,25,0.0
Cucumber,13.2,100.0,0.4,9.6,14,0.0
Strawberry,0.6,89.8,1.212,3.9,5,0.0
Onion_Green,9.5,97.6,0.199,4.0,25,12.8
Cucumber,37.0,70.4,0.837,1.7,14,0.0
Onion,19.1,70.8,0.256,103.1,180,35.8
Carrot,8.9,85.4,0.419,20.8,30,0.0
Mango,14.1,98.3,1.161,8.8,21,0.0
Potato,29.4,52.4,1.586,169.8,200,0.0
Cucumber,28.4,66.6,0.771,4.5,14,0.0
Spinach,1.2,96.0,0.016,0.8,12,11.2
Potato,14.9,75.7,0.285,91.9,200,0.0
Broccoli,35.5,66.0,10.66,14.5,18,0.0
Carrot,28.6,70.2,0.51,3.5,30,0.0
Banana,18.3,76.4,2.891,13.7,20,0.0
Banana,14.1,90.9,1.071,8.6,20,0.2
Banana,12.1,96.5,1.161,11.8,20,0.0
Spinach,37.7,84.0,6.835,9.9,12,0.0
Onion_Green,1.8,97.7,0.269,16.3,25,2.4
Broccoli,-1.0,99.1,0.021,1.1,18,16.9
Orange,3.1,88.0,0.026,4.3,70,65.2
Orange,12.9,72.8,0.022,1.2,70,65.7
Strawberry,11.8,86.4,0.16,0.1,5,4.4
Strawberry,0.0,96.9,0.607,2.0,5,1.3
Potato,20.3,78.2,0.286,51.7,200,0.0
Orange,35.6,73.7,3.416,20.1,70,0.0
Mango,32.7,57.9,11.682,12.3,21,0.0
Grapes,-0.4,91.6,0.333,32.9,45,0.0
Mango,36.1,61.1,0.284,0.3,21,15.9
Tomato,15.2,90.1,0.591,7.8,21,7.0
Orange,4.1,78.8,0.412,54.1,70,0.0
Potato,7.2,95.6,0.258,176.6,200,0.0
Cucumber,10.4,91.8,0.152,5.4,14,7.1
Onion,34.4,75.1,1.419,167.0,180,0.0
Strawberry,2.7,96.5,1.578,4.1,5,0.0
Carrot,3.5,95.7,0.27,17.4,30,4.5
Grapes,0.6,91.9,0.102,9.9,45,33.8
Cucumber,9.4,100.0,0.01,0.3,14,13.6
Bell Pepper,13.4,99.1,0.373,7.1,18,4.0
Orange,5.0,87.6,0.521,49.9,70,0.0
Apple,11.2,88.2,1.37,61.6,180,0.0
Broccoli,10.9,75.7,1.008,16.5,18,0.0
Onion,18.1,75.1,0.011,5.3,180,166.2
Cucumber,33.6,51.9,4.438,12.9,14,0.0
Potato,22.2,82.6,0.606,123.7,200,0.0
Mango,13.6,92.0,0.802,4.6,21,11.9
Strawberry,2.2,91.2,0.033,0.1,5,4.9
Spinach,32.6,74.8,4.076,11.2,12,0.0
Apple,15.3,85.8,0.344,13.6,180,104.4
Orange,11.2,76.7,0.646,35.7,70,0.0
Cucumber,12.8,95.1,0.471,10.5,14,0.0
Orange,28.5,69.2,5.31,59.2,70,0.0
Potato,6.0,94.3,0.063,53.1,200,135.2
Carrot,9.1,83.4,0.052,1.9,30,22.9
Mango,12.6,90.9,2.415,19.3,21,0.0
Grapes,0.6,94.1,0.563,40.1,45,0.0
Orange,4.5,87.6,0.18,17.2,70,49.0
Tomato,15.8,88.8,0.154,2.0,21,18.6
Mango,36.5,67.4,15.0,12.1,21,0.0
Bell Pepper,7.7,93.3,0.066,2.4,18,15.2
Bell Pepper,29.7,63.5,2.034,6.0,18,0.0
Orange,4.5,91.8,0.185,22.5,70,39.5
Mango,13.0,87.9,0.399,5.3,21,12.4
Bell Pepper,10.9,95.4,0.759,14.9,18,0.0
Banana,33.8,75.1,6.388,7.1,20,0.0
Onion_Green,7.3,84.3,0.503,14.3,25,0.0
Banana,15.1,91.6,1.845,18.4,20,0.0
Broccoli,-0.9,95.8,0.077,4.0,18,13.5
Spinach,-1.4,93.8,0.034,3.7,12,7.4
Banana,13.8,92.8,2.263,14.8,20,0.0
Onion_Green,13.5,92.4,0.926,14.5,25,0.0
Onion,28.2,65.5,0.607,139.3,180,0.0
Potato,17.2,80.8,0.764,181.1,200,0.0
Orange,28.9,75.0,1.305,18.1,70,0.0
Apple,8.6,86.0,0.887,62.8,180,0.0
Broccoli,9.8,78.4,0.671,12.3,18,0.0
Apple,3.8,92.6,1.156,146.8,180,0.0
Tomato,18.0,89.4,1.597,19.8,21,0.0
Grapes,13.7,77.1,1.628,32.8,45,0.0
Apple,37.8,81.8,15.0,145.7,180,0.0
Grapes,1.6,97.3,0.548,39.1,45,0.0
Grapes,-1.0,92.9,0.232,30.9,45,4.9
Potato,19.5,93.9,0.044,9.8,200,165.9
Banana,29.2,72.8,0.48,1.1,20,10.3
Carrot,9.8,78.3,0.13,4.7,30,5.6
Onion,35.7,54.0,0.91,110.1,180,0.0
Grapes,7.7,86.9,0.913,34.5,45,0.0
Onion,19.2,62.3,0.175,93.3,180,48.8
Cucumber,22.1,80.5,0.882,6.5,14,0.0
Broccoli,32.4,54.5,7.508,12.7,18,0.0
Grapes,-0.9,91.3,0.123,11.2,45,31.9
Banana,32.5,67.7,8.515,10.9,20,0.0
Grapes,29.7,65.3,4.613,19.9,45,0.0
Broccoli,2.0,100.0,0.442,14.3,18,0.0
Onion_Green,1.1,98.6,0.165,12.3,25,9.9
Tomato,32.4,51.4,3.184,7.3,21,0.0
Banana,15.8,93.5,2.987,16.3,20,0.0
Onion_Green,-0.4,100.0,0.018,1.7,25,23.2
Onion,37.8,73.2,2.074,139.7,180,0.0
Onion_Green,1.6,95.2,0.276,15.6,25,2.9
Tomato,17.1,85.3,1.773,19.4,21,0.0
Banana,14.7,99.4,1.199,8.1,20,0.0
Bell Pepper,31.5,65.6,3.161,11.5,18,0.0
Onion,35.6,51.7,1.341,144.3,180,0.0
Onion_Green,5.0,100.0,0.484,16.3,25,0.0
Mango,14.4,95.9,0.072,0.4,21,20.5
Strawberry,-2.0,93.5,1.094,4.7,5,0.0
Tomato,17.5,98.6,1.377,13.5,21,0.0
Spinach,3.0,100.0,0.079,3.6,12,7.7
Spinach,3.7,100.0,0.185,7.1,12,2.0
Banana,15.6,94.2,2.063,12.8,20,0.0
Mango,13.0,100.0,0.1,0.8,21,19.9
Bell Pepper,11.0,94.6,0.151,3.8,18,13.3
Grapes,0.2,93.8,0.222,21.5,45,17.6
Orange,3.1,89.5,0.084,10.5,70,57.4
Onion_Green,15.0,79.2,1.437,20.9,25,0.0
Tomato,17.5,88.3,0.326,3.4,21,16.1
Mango,13.7,84.5,0.275,1.5,21,18.3
Bell Pepper,12.0,91.4,0.126,2.5,18,14.9
Mango,33.4,53.0,4.282,4.8,21,0.0
Banana,14.7,98.7,2.006,12.9,20,0.0
Spinach,3.2,96.7,0.099,5.9,12,4.8
Apple,37.9,55.7,15.0,118.3,180,0.0
Apple,0.5,93.4,0.487,76.7,180,56.6
Grapes,4.5,79.5,0.582,32.6,45,0.0
Carrot,0.8,100.0,0.075,7.8,30,21.2
Grapes,-1.9,100.0,0.279,30.8,45,0.0
Banana,23.1,81.7,0.311,1.0,20,16.3
Cucumber,30.7,78.7,2.903,13.3,14,0.0
Bell Pepper,8.3,100.0,0.425,13.2,18,0.0
Potato,7.7,90.0,0.03,19.1,200,179.1
Carrot,0.1,96.9,0.097,12.0,30,16.4
Mango,21.3,86.7,0.506,1.5,21,16.2
Banana,14.2,90.3,1.48,11.7,20,0.0
Orange,7.0,83.4,0.055,4.8,70,63.9
Grapes,-2.0,95.4,0.142,14.8,45,25.7
Strawberry,9.9,87.2,1.836,2.9,5,0.0
Potato,12.2,100.0,0.11,52.7,200,106.4
Bell Pepper,8.7,95.9,0.361,8.7,18,4.5
Orange,4.0,95.8,0.242,29.0,70,18.6
Apple,11.5,82.0,2.769,122.8,180,0.0
Onion_Green,31.8,56.2,3.048,8.4,25,0.0
Cucumber,10.9,100.0,0.125,3.5,14,9.4
Spinach,2.3,96.6,0.2,10.4,12,0.0
Grapes,32.8,67.0,9.034,24.2,45,0.0
Broccoli,34.2,52.9,2.428,3.8,18,0.0
Cucumber,31.4,83.3,2.052,7.1,14,0.0
Spinach,17.5,80.9,0.296,3.5,12,0.0
Carrot,2.1,97.0,0.245,20.3,30,3.3
Onion_Green,-2.0,96.4,0.225,15.0,25,4.6
Apple,-0.4,94.7,0.748,122.7,180,0.0
Onion_Green,13.3,87.6,0.036,0.7,25,21.4
Orange,6.3,90.9,0.122,14.2,70,52.1
Strawberry,-0.9,91.9,0.166,0.6,5,4.3
Apple,1.1,93.3,0.188,27.4,180,146.2
Tomato,18.4,89.9,1.346,12.5,21,0.0
Potato,32.0,83.2,1.199,77.3,200,0.0
Grapes,3.1,98.3,0.168,9.3,45,29.9
Spinach,30.0,78.2,2.979,9.7,12,0.0
Apple,11.4,84.4,0.827,46.8,180,0.0
Bell Pepper,11.1,92.8,0.344,11.4,18,1.6
Onion_Green,34.7,54.4,12.294,18.2,25,0.0
Cucumber,22.7,80.2,0.272,2.4,14,1.4
Carrot,2.4,100.0,0.213,16.7,30,7.6
Spinach,1.8,99.0,0.108,11.2,12,0.0
Onion,33.2,73.4,1.183,139.4,180,0.0
Mango,24.8,80.6,1.056,2.7,21,5.1
Grapes,37.0,74.4,1.987,4.2,45,0.0
Potato,9.5,93.7,0.042,24.2,200,173.9
Strawberry,2.0,89.5,0.757,2.2,5,0.5
Potato,10.5,92.6,0.359,177.9,200,0.0
Bell Pepper,20.1,89.2,0.663,5.9,18,0.0
Banana,24.8,84.0,2.811,7.7,20,0.0
Tomato,37.1,71.2,4.872,10.6,21,0.0
Carrot,-0.3,95.9,0.124,13.2,30,14.2
Orange,2.1,90.6,0.115,21.9,70,39.9
Tomato,13.8,87.4,0.989,14.6,21,0.0
Onion,28.3,54.1,0.575,96.4,180,0.0
Onion,33.8,66.2,1.06,139.9,180,0.0
Onion_Green,31.2,81.7,1.215,3.1,25,0.0
Tomato,25.1,75.9,0.64,2.6,21,10.4
Broccoli,33.4,59.4,8.222,12.0,18,0.0
Strawberry,6.2,83.2,0.379,0.6,5,3.4
Tomato,33.1,60.5,1.319,3.1,21,0.0
Onion_Green,0.6,100.0,0.092,4.7,25,19.5
Mango,18.5,83.4,4.013,16.0,21,0.0
Broccoli,11.0,85.1,0.113,1.7,18,10.2
Carrot,33.8,68.9,0.384,1.5,30,0.0
Bell Pepper,16.9,85.6,1.112,12.8,18,0.0
Banana,36.9,52.2,10.59,8.6,20,0.0
Carrot,28.6,55.0,0.232,1.6,30,0.0
Broccoli,0.2,98.1,0.15,5.7,18,11.2
Onion_Green,9.1,86.3,0.819,23.0,25,0.0
Onion,21.5,67.7,0.132,45.0,180,126.0
Mango,30.6,61.8,6.252,8.1,21,0.0
Grapes,-1.3,99.9,0.201,22.3,45,8.4
Onion_Green,0.6,96.2,0.264,16.8,25,2.5
Strawberry,-1.2,91.9,0.561,2.4,5,0.8
Onion,33.5,56.1,0.593,64.8,180,0.0
Broccoli,13.0,95.5,0.258,3.8,18,0.2
Banana,26.6,86.5,5.437,11.6,20,0.0
Mango,12.2,95.4,0.732,5.8,21,9.7
Broccoli,1.6,90.9,0.319,10.6,18,0.0
Tomato,32.7,68.2,1.806,3.9,21,0.0
Banana,33.0,84.3,1.862,1.9,20,0.0
Bell Pepper,7.2,99.4,0.546,14.3,18,0.0
Strawberry,-1.0,97.8,1.117,4.0,5,0.0
Apple,10.1,81.7,1.092,76.1,180,0.0
Potato,7.2,92.7,0.064,57.6,200,136.1
Bell Pepper,11.6,89.7,0.711,13.4,18,0.0
Orange,3.4,88.7,0.262,37.7,70,18.2
Banana,24.0,79.9,3.986,10.0,20,0.0
Mango,31.2,62.0,2.352,4.0,21,0.0
Potato,9.4,93.1,0.232,103.7,200,65.4
Carrot,16.8,84.2,0.49,9.1,30,0.0
Tomato,17.1,88.4,1.173,10.2,21,0.0
Cucumber,11.2,92.0,0.366,10.2,14,0.0
Apple,2.9,100.0,0.589,71.5,180,28.4
Spinach,1.1,98.4,0.137,8.1,12,2.5
Broccoli,9.3,77.0,1.188,16.2,18,0.0
Spinach,4.3,99.6,0.075,3.0,12,8.0
Orange,18.6,80.0,0.862,22.6,70,0.0
Orange,5.6,99.5,0.473,47.8,70,0.0
Cucumber,34.0,68.6,0.161,0.5,14,6.5
Apple,35.3,67.8,15.0,169.6,180,0.0
Onion,19.2,72.0,0.225,118.6,180,11.8
Cucumber,25.0,86.0,0.804,6.0,14,0.0
Broccoli,33.8,83.6,8.316,11.3,18,0.0
Orange,5.2,81.5,0.535,62.6,70,0.0
Strawberry,-0.1,91.4,1.054,4.2,5,0.0
Carrot,36.0,59.4,7.864,25.3,30,0.0
Orange,12.4,73.6,0.8,39.3,70,0.0
Onion,30.5,67.2,0.102,13.0,180,136.6
Spinach,2.6,97.8,0.052,3.1,12,8.5
Orange,28.3,70.8,3.163,35.9,70,0.0
Onion_Green,0.8,95.9,0.041,2.3,25,22.5
Onion,17.9,72.6,0.01,7.1,180,170.9
Strawberry,37.5,67.0,15.0,3.4,5,0.0
Grapes,12.1,88.5,1.364,35.2,45,0.0
Bell Pepper,10.2,100.0,0.442,9.3,18,0.3
Strawberry,-0.2,100.0,0.917,3.0,5,0.0
Broccoli,10.0,91.2,0.384,5.2,18,0.0
Bell Pepper,8.4,86.2,0.423,15.3,18,0.0
Cucumber,30.0,52.8,1.388,6.4,14,0.0
Broccoli,-1.9,100.0,0.153,9.6,18,5.5
Potato,6.5,94.1,0.199,151.8,200,0.0
Onion_Green,34.3,76.2,3.132,5.1,25,0.0
Mango,13.4,90.8,0.213,1.4,21,19.2
Tomato,35.4,52.8,3.841,7.2,21,0.0
Broccoli,28.1,52.6,1.736,4.4,18,0.0
Onion,30.4,56.1,0.677,106.6,180,0.0
Grapes,0.7,89.9,0.284,23.9,45,11.6
Apple,2.8,95.0,0.296,54.3,180,102.3
Apple,35.1,62.8,1.722,9.1,180,0.0
Grapes,0.4,95.4,0.375,26.0,45,5.8
Mango,11.6,94.1,1.147,7.8,21,2.1
Carrot,33.5,65.8,1.306,4.9,30,0.0
Bell Pepper,30.7,63.0,3.041,9.8,18,0.0
Carrot,-2.0,100.0,0.062,9.7,30,17.4
Grapes,32.5,60.6,5.456,16.5,45,0.0
Onion_Green,12.4,86.4,0.045,0.8,25,21.1
Orange,15.6,69.0,1.575,53.7,70,0.0
Carrot,13.3,84.6,0.791,25.6,30,0.0
Broccoli,30.5,51.3,0.933,1.8,18,0.0
Onion,16.9,79.1,0.058,34.4,180,56.3
Onion,24.2,64.1,0.102,29.4,180,134.1
Strawberry,2.4,90.1,0.797,2.1,5,0.6
Grapes,13.9,75.5,2.05,38.8,45,0.0
Spinach,3.5,94.8,0.071,2.7,12,8.6
Orange,6.2,90.1,0.561,59.6,70,0.0
Onion_Green,32.3,56.9,3.29,10.5,25,0.0
Mango,17.3,78.4,0.472,2.8,21,12.0
Broccoli,13.4,84.9,0.513,6.7,18,0.0
Mango,14.5,90.5,0.444,2.7,21,16.7
Tomato,17.0,97.9,1.275,12.2,21,0.0
Banana,24.2,76.5,6.294,16.4,20,0.0
Broccoli,2.8,91.1,0.128,5.2,18,9.8
Cucumber,30.2,73.7,2.714,10.7,14,0.0
Cucumber,34.6,62.4,4.233,10.8,14,0.0
Spinach,-1.6,96.1,0.099,9.7,12,0.0
Tomato,33.5,73.2,8.155,18.0,21,0.0
Onion,19.5,68.9,0.078,41.7,180,133.6
Potato,22.7,84.3,0.025,3.4,200,181.4
Onion_Green,10.5,82.6,0.57,13.4,25,0.0
Carrot,0.8,100.0,0.045,4.2,30,25.4
Apple,32.8,84.8,15.0,116.2,180,0.0
Strawberry,38.0,75.4,11.148,0.6,5,0.0
Orange,5.8,91.2,0.344,38.1,70,12.2
Onion_Green,10.4,84.3,0.869,14.3,25,0.0
Mango,15.5,91.5,0.445,2.3,21,17.1
Strawberry,28.5,71.1,15.0,3.9,5,0.0
Spinach,-1.5,99.4,0.022,3.7,12,7.7
Grapes,10.6,88.0,0.495,17.6,45,0.0
Grapes,-0.5,87.1,0.415,41.1,45,0.0
Grapes,-1.0,92.6,0.047,4.8,45,39.8
Broccoli,36.2,83.5,9.062,14.1,18,0.0
Grapes,-1.6,92.3,0.093,10.1,45,33.2
Cucumber,35.7,76.2,1.638,3.2,14,0.0
Bell Pepper,11.0,89.3,0.338,7.0,18,7.6
Bell Pepper,10.0,89.9,0.432,11.5,18,0.0
Broccoli,37.1,55.8,1.865,2.2,18,0.0
Mango,19.1,87.8,2.034,8.7,21,0.0
Spinach,35.8,50.7,1.621,3.8,12,0.0
Orange,6.6,92.9,0.531,58.1,70,0.0
Onion_Green,-2.0,98.4,0.129,9.4,25,13.4
Strawberry,-1.4,97.4,0.382,1.7,5,2.2
Banana,32.3,56.7,2.573,3.7,20,0.0
Carrot,2.3,97.7,0.245,24.4,30,0.0
Onion_Green,30.1,62.5,0.634,3.6,25,0.0
Apple,13.8,85.0,2.079,82.7,180,0.0
Onion_Green,28.0,61.2,2.387,10.1,25,0.0
Strawberry,-0.7,100.0,0.519,1.8,5,1.4
Mango,36.5,66.9,10.479,8.4,21,0.0
Broccoli,34.7,68.6,1.092,1.8,18,0.0
Bell Pepper,28.5,57.4,2.241,9.7,18,0.0
Carrot,1.2,100.0,0.214,24.6,30,0.0
Cucumber,9.9,94.4,0.271,12.6,14,0.0
Potato,8.1,90.1,0.188,112.7,200,57.2
Bell Pepper,10.2,99.3,0.488,13.1,18,0.0
Broccoli,35.9,58.5,11.582,15.5,18,0.0
Mango,12.3,95.8,1.582,10.8,21,0.0
Broccoli,13.1,96.2,1.138,15.4,18,0.0
Grapes,-2.0,100.0,0.23,25.8,45,0.4
Onion,19.0,66.3,0.102,60.5,180,110.3
Orange,5.2,83.4,0.571,62.2,70,0.0
Spinach,28.4,78.2,1.15,4.3,12,0.0
Grapes,30.4,58.4,0.867,3.7,45,0.0
Carrot,13.2,91.9,0.25,6.8,30,0.0
Carrot,1.8,99.4,0.118,10.1,30,18.2
Potato,5.1,89.1,0.01,3.0,200,196.0
Carrot,1.0,93.3,0.241,24.7,30,0.0
Apple,30.3,75.9,6.183,53.0,180,0.0
Apple,34.0,67.3,1.194,6.9,180,0.0
Mango,13.2,90.7,1.93,12.7,21,0.0
Grapes,8.5,86.1,0.651,19.2,45,0.0
Strawberry,11.9,80.6,4.168,4.4,5,0.0
Onion_Green,-0.1,93.1,0.369,20.9,25,0.0
Spinach,1.1,100.0,0.087,5.2,12,6.0
Bell Pepper,37.1,83.0,6.085,8.9,18,0.0
Orange,17.1,72.0,0.354,16.2,70,0.0
Cucumber,10.0,89.1,0.257,8.3,14,0.8
Tomato,15.3,87.0,0.398,5.2,21,13.1
Mango,29.6,81.3,0.382,0.5,21,17.4
Onion_Green,2.3,97.5,0.373,18.0,25,0.0
Tomato,18.2,82.3,1.327,16.7,21,0.0
Onion_Green,12.1,89.3,1.612,23.0,25,0.0
Strawberry,37.2,64.3,13.199,1.0,5,0.0
Mango,13.1,93.3,1.247,9.9,21,0.0
Onion,32.1,66.9,0.078,12.1,180,131.1
Broccoli,37.1,69.4,6.777,9.1,18,0.0
Spinach,12.8,89.5,0.343,7.2,12,0.0
Apple,2.2,100.0,0.049,8.0,180,168.4
Carrot,35.5,57.7,4.812,12.7,30,0.0
Tomato,17.4,90.0,1.001,11.7,21,0.0
Apple,5.7,80.5,0.918,99.4,180,0.0
Strawberry,15.2,92.7,3.252,3.0,5,0.0
Broccoli,7.4,83.5,0.37,8.3,18,0.0
Broccoli,1.3,95.7,0.228,6.9,18,8.9
Grapes,2.1,91.2,0.334,33.0,45,0.0
Tomato,18.5,89.9,1.896,16.2,21,0.0
Apple,12.6,80.0,3.147,159.5,180,0.0
Cucumber,28.8,82.0,0.864,4.0,14,0.0
Potato,5.9,88.4,0.142,151.0,200,0.0
Grapes,9.5,84.2,0.586,24.2,45,0.0
Carrot,1.0,96.7,0.343,27.7,30,0.0
Cucumber,37.7,80.1,0.499,1.6,14,0.0
Bell Pepper,8.9,92.8,0.496,13.1,18,0.0
Strawberry,9.5,87.4,2.448,3.2,5,0.0
Onion_Green,35.8,50.8,9.303,14.3,25,0.0
Bell Pepper,11.1,100.0,0.616,13.9,18,0.0
Grapes,6.0,90.6,0.255,10.9,45,22.6
Onion,19.2,66.2,0.139,83.0,180,81.1
Onion_Green,29.3,54.3,0.941,3.6,25,0.0
Grapes,34.1,70.0,1.025,2.4,45,0.0
Broccoli,33.3,78.9,6.392,14.7,18,0.0
Orange,6.0,87.4,0.087,10.8,70,57.9
Cucumber,34.5,62.2,4.948,12.9,14,0.0
Bell Pepper,11.8,95.4,0.026,0.6,18,17.3
Bell Pepper,17.7,86.8,0.014,0.2,18,17.5
Orange,30.5,68.6,3.651,32.1,70,0.0
Grapes,0.9,94.8,0.327,28.3,45,4.2
Onion_Green,-0.3,90.9,0.091,5.6,25,17.1
Spinach,30.0,83.6,0.616,1.7,12,0.0
Spinach,11.1,78.8,0.243,5.2,12,0.0
Onion,20.6,78.5,0.223,110.5,180,0.0
Cucumber,12.3,96.1,0.26,6.1,14,5.9
Mango,13.9,90.0,0.466,3.2,21,15.9
Broccoli,2.3,100.0,0.302,10.4,18,2.3
Carrot,0.4,94.4,0.079,7.2,30,21.5
Onion,21.7,67.6,0.323,117.6,180,10.0
Broccoli,2.0,94.8,0.042,1.5,18,16.3
Bell Pepper,8.1,93.4,0.154,4.3,18,12.5
Banana,13.8,98.1,1.251,9.6,20,0.0
Apple,29.8,70.9,11.377,72.6,180,0.0
Spinach,-1.9,98.0,0.092,7.9,12,1.9
Tomato,17.6,84.8,1.448,13.8,21,0.0
Cucumber,11.9,100.0,0.274,7.1,14,3.4
Tomato,28.4,74.7,0.143,0.6,21,18.1
Apple,10.7,90.0,2.307,128.9,180,0.0
Mango,14.2,100.0,1.122,8.8,21,0.0
Apple,-0.3,100.0,0.291,49.8,180,90.9
Broccoli,1.6,93.3,0.289,14.3,18,0.0
Spinach,35.0,60.2,2.438,3.9,12,0.0
Mango,14.4,96.5,0.392,2.8,21,16.4
Strawberry,-1.0,95.0,1.154,4.2,5,0.0
Spinach,13.4,90.7,0.3,6.2,12,0.0
Banana,30.8,77.7,2.418,4.4,20,0.0
Cucumber,24.0,82.2,0.746,6.6,14,0.0
Orange,6.8,88.7,0.217,19.0,70,44.6
Apple,0.5,95.2,1.176,164.0,180,0.0
Banana,16.0,97.9,1.284,10.4,20,0.0
Onion_Green,1.2,96.8,0.202,10.9,25,11.1
Potato,31.5,64.2,1.144,74.9,200,0.0
Cucumber,32.6,58.3,3.702,12.5,14,0.0
Mango,37.5,64.3,15.0,13.2,21,0.0
Grapes,-1.2,97.4,0.251,24.6,45,8.4
Orange,2.8,91.3,0.102,19.5,70,44.4
Orange,3.3,89.6,0.049,9.9,70,58.7
Cucumber,9.4,93.7,0.483,12.4,14,0.0
Tomato,16.1,95.7,0.937,13.5,21,0.0
Orange,5.6,91.0,0.274,29.6,70,28.1
Orange,5.2,84.5,0.364,38.6,70,12.1
Tomato,36.4,79.7,9.951,15.4,21,0.0
Bell Pepper,10.4,88.2,0.284,7.7,18,6.7
Strawberry,37.7,65.3,15.0,4.1,5,0.0
Apple,1.8,89.4,0.21,25.0,180,147.0
Banana,35.5,67.1,11.761,11.5,20,0.0
Bell Pepper,10.2,93.0,0.509,15.3,18,0.0
Grapes,-2.0,91.2,0.066,7.1,45,36.7
Mango,28.9,87.8,0.359,0.5,21,17.7
Broccoli,0.9,99.7,0.358,12.9,18,0.0
Grapes,1.8,93.9,0.532,36.0,45,0.0
Potato,14.5,78.2,0.37,122.2,200,0.0
Onion_Green,29.7,61.3,7.675,23.1,25,0.0
Banana,28.6,84.9,9.955,18.3,20,0.0
Apple,13.7,82.5,1.32,46.6,180,0.0
Broccoli,1.3,96.0,0.032,1.3,18,16.6
Mango,24.6,82.0,6.029,16.9,21,0.0
Mango,12.2,93.4,0.119,0.8,21,20.1
Spinach,1.8,100.0,0.117,6.2,12,4.6
Onion_Green,-1.0,91.9,0.088,6.7,25,16.0
Spinach,1.2,97.1,0.213,11.2,12,0.0
Banana,26.2,83.1,0.605,1.1,20,14.0
Apple,9.6,76.8,0.01,0.2,180,179.1
Cucumber,11.8,98.1,0.275,6.9,14,4.3
Orange,8.2,96.5,0.212,20.1,70,29.7
Banana,25.6,78.9,1.989,5.8,20,0.0
Carrot,36.9,68.2,6.244,16.1,30,0.0
Bell Pepper,10.7,88.8,0.082,1.6,18,16.1
Carrot,33.3,77.6,5.34,24.0,30,0.0
Grapes,33.0,74.8,2.672,10.7,45,0.0
Spinach,34.3,76.2,1.912,5.0,12,0.0
Cucumber,15.1,84.3,0.635,12.3,14,0.0
Apple,0.9,92.9,1.085,159.7,180,0.0
Carrot,-0.2,94.9,0.01,1.2,30,28.7
Potato,30.5,67.7,2.055,160.5,200,0.0
Cucumber,9.3,93.9,0.202,6.9,14,4.7
Banana,15.3,97.2,1.117,8.6,20,0.0
Bell Pepper,29.8,65.3,1.632,6.8,18,0.0
Onion_Green,-0.4,100.0,0.218,16.5,25,3.5
Tomato,22.1,75.1,2.328,14.6,21,0.0
Grapes,-1.6,100.0,0.058,5.2,45,37.3
Mango,11.1,94.7,1.53,16.7,21,0.0
Cucumber,21.6,82.4,0.25,2.7,14,2.1
Cucumber,11.6,94.2,0.161,5.4,14,7.5
Banana,13.3,99.4,1.862,12.5,20,0.0
Mango,11.0,87.1,1.629,14.9,21,0.0
Apple,0.1,91.0,0.425,67.4,180,74.6
Onion_Green,13.7,88.9,0.431,6.6,25,0.0
Apple,35.1,67.2,7.902,44.1,180,0.0
Mango,26.3,79.1,6.922,15.2,21,0.0
Grapes,-0.0,91.1,0.278,21.1,45,16.6
Broccoli,-1.0,100.0,0.284,11.7,18,1.7
Cucumber,12.3,94.4,0.288,8.7,14,2.2
Strawberry,28.4,61.1,6.678,1.6,5,0.0
Potato,29.7,78.8,1.9,146.2,200,0.0
Grapes,28.4,65.6,1.209,4.9,45,0.0
Carrot,2.3,94.5,0.192,17.8,30,6.4
Bell Pepper,34.6,62.1,1.424,3.0,18,0.0
Onion,33.3,73.4,1.105,142.2,180,0.0
Bell Pepper,10.7,96.9,0.215,4.5,18,11.7
Apple,37.8,72.3,8.674,27.7,180,0.0
Broccoli,-0.4,99.5,0.162,7.1,18,9.3
Apple,3.9,99.9,0.89,133.7,180,0.0
Onion_Green,31.0,73.1,1.284,3.3,25,0.0
Broccoli,0.4,96.5,0.077,3.7,18,14.0
Mango,14.6,95.2,0.924,6.1,21,7.5
Mango,30.6,74.3,0.597,0.9,21,12.0
Carrot,0.3,100.0,0.106,14.9,30,12.4
Onion,18.4,77.4,0.159,85.2,180,0.0
Apple,-0.2,99.3,0.78,127.4,180,0.0
Broccoli,0.8,93.7,0.052,2.0,18,15.7
Onion_Green,35.8,59.4,9.958,19.3,25,0.0
Tomato,16.6,84.7,1.201,14.1,21,0.0
Apple,10.0,91.2,0.325,19.4,180,124.9
Onion_Green,32.0,61.8,2.296,5.6,25,0.0
Carrot,-2.0,93.7,0.218,26.7,30,0.0
Mango,21.3,72.6,3.487,14.6,21,0.0
Grapes,0.7,87.3,0.413,31.3,45,0.0
Carrot,1.1,96.4,0.029,3.1,30,26.8
Mango,12.7,100.0,1.518,11.7,21,0.0
Grapes,32.1,76.2,1.447,4.9,45,0.0
Mango,37.9,63.6,1.782,1.0,21,0.0
Apple,15.3,85.0,2.547,117.1,180,0.0
Cucumber,9.1,93.0,0.247,9.8,14,0.0
Carrot,37.9,73.8,10.35,28.1,30,0.0
Mango,14.1,90.4,1.792,12.2,21,0.0
Onion,20.5,68.8,0.211,92.2,180,62.9
Cucumber,32.2,64.1,0.206,0.6,14,4.7
Onion,20.7,66.8,0.111,43.2,180,130.5
Apple,1.7,100.0,0.123,18.1,180,152.4
Banana,16.8,96.6,2.82,18.3,20,0.0
Banana,24.7,83.1,0.82,1.8,20,11.1
Cucumber,25.1,89.8,0.431,3.9,14,0.0
Orange,4.4,89.7,0.01,0.2,70,69.8
Strawberry,-1.2,85.7,1.102,4.2,5,0.0
Tomato,15.9,94.6,0.61,7.1,21,6.3
Orange,19.5,84.5,0.98,29.0,70,0.0
Tomato,15.2,86.1,0.185,3.6,21,16.5
Mango,14.5,93.4,2.547,16.1,21,0.0
Banana,13.6,94.8,1.093,10.5,20,0.0
Onion,29.0,47.4,0.109,19.1,180,76.4
Potato,35.9,72.0,0.779,29.1,200,0.0
Orange,32.5,74.0,3.801,24.0,70,0.0
Potato,21.7,81.2,0.271,47.9,200,0.0
Potato,8.8,94.2,0.01,4.3,200,195.6
Strawberry,3.0,97.1,0.893,2.3,5,0.0
Grapes,14.1,91.0,1.012,21.8,45,0.0
Onion_Green,-1.8,98.7,0.079,5.4,25,18.7
Grapes,11.7,85.0,1.063,29.7,45,0.0
Strawberry,2.4,92.7,1.446,4.0,5,0.0
Banana,35.9,59.1,15.0,13.5,20,0.0
Onion_Green,2.2,98.9,0.522,23.6,25,0.0
Spinach,13.0,79.7,0.237,3.5,12,0.0
Spinach,1.8,91.4,0.162,8.1,12,0.1
Orange,36.6,66.3,8.42,49.5,70,0.0
Onion,30.6,52.3,0.382,68.2,180,0.0
Tomato,24.9,80.4,2.376,11.1,21,0.0
Broccoli,0.8,97.3,0.426,14.3,18,0.0
Onion,19.9,67.3,0.228,90.3,180,65.0
Carrot,29.3,58.2,2.732,13.0,30,0.0
Onion,36.6,65.7,0.129,10.8,180,107.3
Grapes,14.4,79.4,0.968,24.9,45,0.0
Broccoli,8.8,85.2,0.258,5.6,18,0.0
Orange,4.1,96.8,0.225,32.7,70,9.0
Spinach,37.7,76.1,1.401,2.1,12,0.0
Broccoli,6.0,83.2,0.437,13.8,18,0.0
Spinach,7.9,76.3,0.105,2.5,12,0.0
Spinach,4.6,89.1,0.302,11.4,12,0.0
Cucumber,12.6,96.1,0.495,10.1,14,0.0
Apple,4.9,91.1,1.756,155.3,180,0.0
Orange,4.4,86.7,0.3,39.1,70,16.3
Orange,0.9,87.2,0.087,12.8,70,51.6
Mango,20.3,78.2,3.263,13.1,21,0.0
Carrot,-1.3,99.2,0.187,28.1,30,0.0
Banana,12.4,100.0,0.809,8.4,20,0.0
Carrot,35.4,56.9,8.229,24.1,30,0.0
Grapes,30.7,78.1,8.971,42.6,45,0.0
Bell Pepper,11.4,87.8,0.764,16.5,18,0.0
Bell Pepper,10.7,96.4,0.815,16.4,18,0.0
Onion,29.4,52.8,0.313,54.2,180,0.0
Potato,29.9,84.2,2.423,188.9,200,0.0
Potato,11.7,95.7,0.432,176.1,200,0.0
Onion,21.6,69.8,0.132,49.3,180,118.5
Potato,32.5,80.0,0.148,9.3,200,72.2
Potato,32.6,79.6,1.195,86.0,200,0.0
Bell Pepper,34.6,53.8,3.988,8.4,18,0.0
Potato,12.3,100.0,0.01,3.5,200,194.1
Tomato,23.1,78.8,0.674,3.6,21,9.5
Mango,15.5,100.0,1.589,8.0,21,0.0
Onion,36.0,79.6,0.2,19.8,180,5.5
Onion_Green,9.4,85.2,0.598,14.1,25,0.0
Broccoli,-1.3,100.0,0.371,16.5,18,0.0
Broccoli,11.9,78.9,0.468,6.8,18,0.0
Onion,19.0,64.9,0.299,170.9,180,0.0
Strawberry,-1.3,92.2,0.897,3.7,5,0.0
Carrot,1.6,96.0,0.172,22.8,30,2.1
Strawberry,1.1,95.0,1.092,3.5,5,0.0
Broccoli,28.7,62.8,2.712,6.9,18,0.0
Cucumber,29.5,65.8,1.172,5.5,14,0.0
Onion_Green,-1.8,97.4,0.104,8.8,25,14.5
Banana,11.3,96.1,0.046,0.5,20,19.4
Banana,31.5,59.1,4.486,8.2,20,0.0
Grapes,-0.3,87.6,0.334,34.6,45,0.0
Apple,33.0,81.0,7.802,61.3,180,0.0
Mango,10.2,85.4,1.119,8.8,21,0.0
Spinach,16.2,82.2,0.67,8.8,12,0.0
Banana,14.9,97.6,0.35,3.9,20,13.7
Cucumber,32.3,64.4,0.237,0.6,14,4.8
Cucumber,11.3,96.4,0.013,0.4,14,13.6
Apple,29.4,67.4,3.865,36.7,180,0.0
Cucumber,20.2,83.5,0.86,12.0,14,0.0
Grapes,29.8,71.2,2.339,14.5,45,0.0
Onion,21.2,69.1,0.015,4.3,180,175.4
Tomato,16.5,86.6,1.055,12.1,21,0.0
Mango,24.4,72.1,4.806,12.6,21,0.0
Onion,20.0,62.3,0.252,127.3,180,0.0
Orange,5.0,99.1,0.479,55.4,70,0.0
Apple,36.5,68.4,15.0,118.3,180,0.0
Tomato,18.6,97.6,2.261,18.8,21,0.0
Strawberry,32.0,57.5,10.794,1.8,5,0.0
Orange,33.1,84.2,2.455,18.8,70,0.0
Bell Pepper,12.5,97.1,0.327,7.2,18,6.0
Apple,1.4,96.6,0.59,82.3,180,30.3
Carrot,-0.9,98.8,0.056,7.2,30,21.7
Orange,32.2,75.8,1.072,7.6,70,0.0
Bell Pepper,21.7,85.5,0.234,2.3,18,8.1
Potato,32.9,51.3,1.658,101.7,200,0.0
Onion,19.0,71.0,0.046,24.6,180,151.6
Grapes,12.4,80.8,0.195,5.1,45,18.4
Onion_Green,1.1,98.4,0.028,1.5,25,23.4
Mango,11.9,92.5,1.086,9.7,21,0.0
Cucumber,19.2,89.3,0.474,6.4,14,0.0
Potato,22.0,84.7,0.57,115.1,200,0.0
Spinach,31.5,72.9,2.08,8.1,12,0.0
Apple,3.1,88.1,1.481,165.5,180,0.0
Spinach,31.0,72.8,0.999,3.8,12,0.0
Apple,9.5,83.0,3.041,161.4,180,0.0
Spinach,2.4,95.6,0.137,9.0,12,1.0
Mango,11.5,93.2,1.539,13.1,21,0.0
Carrot,1.1,100.0,0.146,14.2,30,12.7
Potato,8.5,98.2,0.169,96.1,200,63.3
Cucumber,35.8,78.8,3.668,9.7,14,0.0
Strawberry,1.5,100.0,0.231,0.7,5,3.8
Onion_Green,0.2,100.0,0.065,3.7,25,20.8
Grapes,8.7,82.4,0.913,34.7,45,0.0
Cucumber,11.3,93.0,0.177,5.4,14,7.3
Broccoli,32.9,50.3,1.215,2.5,18,0.0
Carrot,1.1,99.6,0.088,9.3,30,19.4
Mango,34.1,71.9,11.985,12.8,21,0.0
Orange,4.7,84.1,0.133,13.1,70,53.8
Strawberry,12.5,83.0,3.673,4.0,5,0.0
Onion,28.1,70.7,0.634,144.9,180,0.0
Grapes,-0.4,94.0,0.237,26.1,45,11.0
Bell Pepper,28.6,74.0,1.504,6.3,18,0.0
Spinach,-0.1,98.6,0.17,10.6,12,0.0
Strawberry,8.4,74.8,0.656,0.9,5,0.4
Grapes,1.1,95.4,0.343,26.1,45,6.1
Spinach,29.9,72.3,2.302,7.5,12,0.0
Onion,34.2,67.1,1.031,104.0,180,0.0
Onion,22.4,61.3,0.18,56.3,180,90.4
Strawberry,2.5,94.8,0.903,2.2,5,0.1
Onion_Green,-1.4,100.0,0.327,22.4,25,0.0
Tomato,19.0,96.7,1.761,12.5,21,0.0
Onion_Green,10.2,91.8,0.99,17.2,25,0.0
Tomato,23.6,71.8,0.404,2.4,21,10.9
Tomato,15.5,86.8,0.085,1.1,21,19.7
Broccoli,-0.3,100.0,0.283,11.7,18,1.8
Apple,32.8,60.7,15.0,88.6,180,0.0
Onion,17.0,64.6,0.138,95.9,180,45.5
Grapes,8.3,84.1,0.806,36.2,45,0.0
Bell Pepper,11.0,91.1,0.293,6.9,18,8.5
Bell Pepper,18.0,80.8,1.337,14.4,18,0.0
Spinach,0.7,98.7,0.08,4.5,12,7.0
Orange,15.1,69.1,0.047,2.1,70,58.6
Onion,23.1,76.5,0.302,89.5,180,0.0
Onion_Green,30.0,61.8,4.253,11.2,25,0.0
Cucumber,34.3,79.9,3.283,10.7,14,0.0
Apple,0.0,100.0,0.489,83.5,180,12.6
Carrot,16.7,95.3,0.73,14.9,30,0.0
Onion_Green,-1.0,98.7,0.105,7.0,25,16.9
Potato,17.4,87.0,0.471,152.5,200,0.0
Onion_Green,9.2,77.4,0.753,14.4,25,0.0
Grapes,36.9,75.2,10.464,25.0,45,0.0
Cucumber,37.5,58.6,3.535,9.9,14,0.0
Bell Pepper,20.5,81.9,1.83,13.6,18,0.0
Broccoli,-2.0,100.0,0.377,16.4,18,0.0
Apple,11.8,78.8,2.658,142.7,180,0.0
Spinach,7.6,87.5,0.183,5.7,12,0.0
Cucumber,11.4,91.7,0.233,7.5,14,3.9
Onion,18.7,78.1,0.337,164.2,180,0.0
Broccoli,0.4,96.3,0.159,7.6,18,8.9
Orange,4.7,86.4,0.123,13.4,70,54.5
Orange,4.1,86.3,0.327,44.7,70,6.5
Carrot,35.3,50.0,8.932,27.2,30,0.0
Broccoli,33.4,55.4,5.768,8.7,18,0.0
Cucumber,32.4,71.0,2.4,6.4,14,0.0
Apple,1.5,93.5,0.696,136.2,180,0.0
Apple,-1.8,100.0,0.412,77.2,180,18.5
Strawberry,-0.5,95.1,0.495,1.3,5,2.8
Onion,40.7,58.7,1.238,76.7,180,0.0
Apple,1.0,92.3,0.887,125.6,180,0.0
Broccoli,-2.0,100.0,0.039,2.3,18,15.4
Onion,19.9,75.4,0.443,156.5,180,0.0
Strawberry,0.9,87.3,1.53,4.0,5,0.0
Onion_Green,-1.1,95.4,0.098,5.8,25,18.2
Apple,30.6,58.9,11.639,132.1,180,0.0
Orange,28.4,60.4,1.49,18.7,70,0.0
Cucumber,11.8,89.2,0.399,8.9,14,0.0
Carrot,34.4,59.7,7.094,28.4,30,0.0
Grapes,11.3,84.7,1.464,40.0,45,0.0
Mango,32.0,57.8,10.581,10.3,21,0.0
Bell Pepper,15.3,92.9,0.751,11.5,18,0.0
Apple,29.0,59.3,8.845,84.7,180,0.0
Broccoli,-0.1,100.0,0.258,15.1,18,0.0
Potato,7.5,89.8,0.174,105.5,200,65.2
Potato,14.6,78.8,0.339,117.1,200,0.0
Apple,1.5,90.6,0.769,138.5,180,0.0
Onion_Green,0.1,100.0,0.066,3.4,25,21.2
Strawberry,31.1,66.1,15.0,3.2,5,0.0
Grapes,32.7,63.4,3.615,10.8,45,0.0
Carrot,1.5,100.0,0.058,5.8,30,23.5
Strawberry,33.1,70.5,6.457,0.9,5,0.0
Spinach,32.2,56.8,1.364,3.3,12,0.0
Apple,36.1,58.6,15.0,105.2,180,0.0
Cucumber,10.2,97.4,0.145,5.5,14,7.1
Banana,13.2,92.9,2.097,16.7,20,0.0
Banana,27.1,86.4,2.905,7.2,20,0.0
Carrot,33.4,54.5,3.152,15.1,30,0.0
Apple,10.3,78.2,1.036,69.7,180,0.0
Bell Pepper,10.2,90.7,0.06,1.6,18,16.3
Tomato,16.7,85.2,1.035,12.0,21,0.0
Bell Pepper,22.4,82.7,0.931,9.4,18,0.0
Bell Pepper,12.3,90.5,0.234,4.7,18,11.3
Strawberry,-1.1,95.6,0.439,1.5,5,2.6
Strawberry,-0.9,90.0,0.165,0.6,5,4.3
Bell Pepper,11.9,98.6,0.119,2.4,18,14.5
Orange,4.1,94.9,0.422,57.2,70,0.0
Strawberry,-0.6,100.0,1.309,4.7,5,0.0
Mango,32.9,78.5,15.0,19.0,21,0.0
Apple,30.8,79.2,6.168,54.2,180,0.0
Tomato,17.0,85.8,0.201,2.3,21,18.1
Orange,8.4,87.7,0.208,19.8,70,40.7
Strawberry,1.6,99.7,0.361,2.1,5,1.2
Spinach,8.6,88.6,0.389,10.8,12,0.0
Bell Pepper,21.1,83.5,0.523,5.0,18,0.0
Potato,9.9,90.8,0.079,41.6,200,152.1
Banana,20.2,74.4,2.31,11.6,20,0.0
Spinach,30.8,62.7,2.116,5.3,12,0.0
Cucumber,31.6,79.6,1.317,5.6,14,0.0
Apple,3.5,100.0,0.114,12.3,180,160.5
Bell Pepper,9.0,92.4,0.528,16.3,18,0.0
Onion_Green,31.4,60.8,9.068,22.2,25,0.0
Mango,19.1,86.2,5.128,16.6,21,0.0
Orange,17.3,71.5,1.383,47.2,70,0.0
Mango,22.3,80.7,0.849,2.1,21,11.0
Banana,12.4,96.6,1.342,13.6,20,0.0
Apple,0.5,93.6,0.111,24.8,180,151.2
Potato,7.4,92.1,0.161,97.1,200,81.8
Grapes,9.2,84.4,0.434,17.0,45,0.0
Grapes,0.1,95.2,0.374,33.7,45,0.0
Carrot,36.1,67.3,1.526,5.9,30,0.0
Cucumber,32.7,64.1,1.512,6.0,14,0.0
Cucumber,29.9,65.5,0.271,1.0,14,0.0
Carrot,31.9,61.6,3.119,17.0,30,0.0
Potato,7.8,100.0,0.07,52.4,200,122.9
Potato,28.2,65.3,0.047,4.2,200,142.2
Cucumber,6.0,91.2,0.115,5.6,14,3.7
Apple,7.6,84.5,0.557,49.2,180,40.6
Cucumber,10.2,100.0,0.414,12.0,14,0.0
Spinach,1.5,100.0,0.061,3.0,12,8.7
Grapes,7.4,73.2,0.697,24.7,45,0.0
Onion,17.8,74.8,0.133,68.1,180,70.4
Bell Pepper,20.3,72.4,1.295,12.4,18,0.0
Mango,13.3,96.4,1.06,9.0,21,0.0
Apple,-0.1,90.8,0.611,112.9,180,0.0
Onion_Green,32.3,69.3,2.317,5.6,25,0.0
Orange,7.5,87.6,0.387,44.7,70,0.0
Broccoli,-2.0,95.5,0.182,9.5,18,5.4
Onion,29.1,57.2,0.014,3.1,180,169.5
Apple,2.3,90.1,1.208,131.7,180,0.0
Potato,8.0,91.1,0.129,105.4,200,76.4
Cucumber,11.2,100.0,0.395,10.4,14,0.0
Spinach,15.4,80.6,0.765,8.8,12,0.0
Onion,20.7,70.1,0.124,45.5,180,125.4
Onion_Green,1.3,100.0,0.401,18.5,25,0.0
Apple,0.1,90.1,1.036,169.6,180,0.0
Carrot,-1.0,100.0,0.204,20.9,30,1.5
Broccoli,1.9,99.5,0.493,16.9,18,0.0
Broccoli,-1.0,99.2,0.157,9.2,18,6.7
Banana,19.4,89.1,1.697,7.5,20,0.0
Strawberry,0.7,96.2,0.094,0.3,5,4.7
Tomato,16.7,82.5,0.035,0.4,21,20.5
Onion,37.3,61.5,0.217,23.3,180,4.7
Tomato,30.0,54.6,5.42,13.5,21,0.0
Spinach,1.4,96.8,0.053,3.0,12,8.8
Orange,30.5,77.2,7.837,63.7,70,0.0
Apple,16.4,86.8,2.933,123.4,180,0.0
Potato,8.4,97.7,0.312,150.4,200,0.0
Tomato,13.1,97.3,0.196,3.3,21,14.0
Cucumber,28.5,55.4,1.794,10.5,14,0.0
Apple,32.1,78.8,15.0,116.4,180,0.0
Strawberry,9.3,87.6,2.757,2.8,5,0.0
Onion,30.2,61.1,1.073,162.4,180,0.0
Potato,5.6,94.6,0.034,29.5,200,163.6
Carrot,3.4,100.0,0.016,1.1,30,28.7
Grapes,0.2,87.0,0.137,11.3,45,29.5
Grapes,6.0,89.6,0.598,31.4,45,0.0
Bell Pepper,14.1,87.3,0.958,16.0,18,0.0
Cucumber,10.9,95.6,0.08,2.9,14,10.7
Strawberry,1.4,95.1,1.197,3.5,5,0.0
Carrot,0.2,98.7,0.12,11.9,30,16.2
Bell Pepper,11.2,92.8,0.326,6.8,18,8.4
Onion,32.7,55.2,0.344,45.2,180,0.0
Strawberry,0.4,91.2,0.431,1.4,5,2.9
Grapes,2.0,100.0,0.292,27.7,45,0.0
Tomato,36.9,78.8,1.281,2.1,21,0.0
Bell Pepper,9.3,98.4,0.058,1.5,18,16.1
Orange,3.0,93.8,0.157,22.1,70,36.2
Banana,18.7,82.8,1.519,6.8,20,0.0
Cucumber,13.4,92.6,0.361,10.1,14,0.0
Grapes,35.7,80.0,0.047,0.1,45,42.0
Strawberry,8.7,84.1,2.415,3.6,5,0.0
Mango,20.9,74.9,2.786,12.3,21,0.0
Apple,-0.9,95.2,0.835,155.6,180,0.0
Onion_Green,1.6,91.7,0.193,11.2,25,8.1
Grapes,36.4,55.2,9.746,30.3,45,0.0
Spinach,0.4,94.5,0.101,7.0,12,3.7
Broccoli,31.2,82.9,3.564,6.4,18,0.0
Bell Pepper,12.4,91.5,0.011,0.2,18,17.8
Onion,30.3,59.6,0.813,128.1,180,0.0
Spinach,29.5,81.9,3.234,10.2,12,0.0
Broccoli,0.1,92.2,0.407,16.7,18,0.0
Cucumber,11.7,94.0,0.3,7.5,14,3.7
Orange,17.7,70.1,0.914,31.3,70,0.0
Spinach,37.9,78.3,3.064,5.3,12,0.0
Potato,15.1,82.7,0.202,64.9,200,21.1
Apple,0.8,88.2,0.169,25.4,180,146.0
Grapes,0.5,94.2,0.394,38.5,45,0.0
Spinach,0.4,95.5,0.174,11.2,12,0.0
Cucumber,13.5,92.3,0.426,10.2,14,0.0
Tomato,26.4,73.6,1.146,4.5,21,0.0
Mango,13.6,92.5,2.089,19.3,21,0.0
Tomato,15.7,88.1,0.54,6.8,21,9.7
Onion,31.6,47.3,0.744,115.5,180,0.0
Grapes,3.3,92.3,0.081,4.1,45,39.6
Spinach,1.6,100.0,0.225,10.9,12,0.0
Broccoli,2.1,97.4,0.475,14.5,18,0.0
Onion,17.3,74.9,0.026,18.5,180,151.4
Strawberry,0.3,93.5,0.701,2.7,5,0.0
Orange,5.7,86.8,0.481,57.7,70,0.0
Strawberry,36.5,79.6,15.0,2.3,5,0.0
Spinach,0.8,97.3,0.117,9.1,12,1.6
Apple,36.3,69.4,15.0,105.4,180,0.0
Strawberry,8.9,82.6,1.842,3.2,5,0.0
Orange,8.6,71.8,0.423,34.2,70,0.0
Onion,30.4,63.1,0.461,118.0,180,0.0
Banana,11.4,95.8,0.633,7.2,20,5.8
Orange,4.9,86.8,0.107,12.6,70,55.8
Banana,30.3,82.5,8.145,13.7,20,0.0
Potato,10.1,98.6,0.215,113.6,200,23.0
Potato,35.2,72.6,2.829,138.4,200,0.0
Grapes,0.4,98.5,0.483,38.8,45,0.0
Potato,10.4,89.4,0.113,53.8,200,131.4
Potato,30.6,50.6,1.62,103.7,200,0.0
Grapes,12.0,75.2,0.723,25.2,45,0.0
Onion_Green,11.1,94.2,1.021,18.4,25,0.0
Broccoli,-0.7,97.6,0.088,5.8,18,11.5
Apple,2.5,92.1,0.016,2.1,180,177.8
Broccoli,4.0,94.7,0.245,8.8,18,3.3
Grapes,36.2,51.5,6.366,20.2,45,0.0
Bell Pepper,34.1,77.3,4.648,12.3,18,0.0
Carrot,32.8,71.8,4.872,23.7,30,0.0
Cucumber,32.6,76.2,1.856,8.9,14,0.0
Tomato,15.2,87.0,0.94,12.4,21,0.0
Onion,33.8,62.4,1.022,140.4,180,0.0
Spinach,31.6,51.6,3.881,9.7,12,0.0
Banana,12.6,87.4,1.688,17.4,20,0.0
Tomato,16.3,89.5,1.125,11.1,21,0.0
Bell Pepper,28.3,57.0,0.969,4.2,18,0.0
Cucumber,31.0,69.3,0.754,3.9,14,0.0
Bell Pepper,12.4,100.0,0.198,4.4,18,10.5
Onion,30.9,64.1,0.827,126.5,180,0.0
Mango,32.3,67.1,15.0,18.5,21,0.0
Bell Pepper,15.7,83.2,0.332,4.9,18,5.0
Carrot,3.4,95.9,0.044,3.0,30,26.5
Mango,34.0,52.0,12.971,15.5,21,0.0
Cucumber,31.7,71.1,1.825,8.1,14,0.0
Strawberry,33.5,56.4,7.33,0.7,5,0.0
Banana,27.6,85.3,8.013,15.0,20,0.0
Cucumber,11.0,94.2,0.449,13.0,14,0.0
Banana,27.0,77.5,2.785,8.1,20,0.0
Orange,13.4,73.5,0.196,10.6,70,28.0
Onion,18.9,68.2,0.186,96.3,180,59.7
Grapes,0.5,92.1,0.379,35.3,45,0.0
Onion_Green,0.5,100.0,0.2,11.4,25,10.3
Cucumber,12.3,96.3,0.163,4.4,14,8.7
Grapes,34.7,84.6,10.466,28.2,45,0.0
Orange,0.3,87.7,0.143,23.0,70,33.0
Onion,30.7,75.1,0.487,67.5,180,0.0
Orange,28.5,50.0,3.926,40.0,70,0.0
Cucumber,32.6,58.8,1.389,5.0,14,0.0
Carrot,-0.8,90.4,0.01,0.7,30,29.0
Apple,1.0,86.9,0.729,136.6,180,0.0
Banana,27.2,84.4,5.914,13.0,20,0.0
Cucumber,9.3,94.9,0.124,4.8,14,8.0
Apple,30.5,64.5,1.499,14.2,180,0.0
Orange,34.3,61.3,2.728,16.5,70,0.0
Mango,34.0,74.9,8.355,6.1,21,0.0
Onion,20.1,70.6,0.15,73.9,180,88.1
Carrot,34.4,52.4,1.915,7.3,30,0.0
Grapes,11.3,82.1,1.213,26.6,45,0.0
Strawberry,30.2,82.9,15.0,2.9,5,0.0
Apple,11.1,83.1,1.162,73.2,180,0.0
Tomato,16.6,89.0,1.312,16.4,21,0.0
Cucumber,18.8,80.9,0.4,5.8,14,0.0
Mango,24.0,78.2,0.761,1.6,21,12.1
Tomato,15.2,89.9,0.703,8.7,21,4.3
Onion,33.1,59.4,0.464,50.8,180,0.0
Bell Pepper,19.2,87.1,0.516,5.0,18,0.5
Onion_Green,10.0,88.8,0.401,13.2,25,0.0
Tomato,17.0,88.8,0.831,9.7,21,1.5
Mango,10.0,99.4,1.804,17.2,21,0.0
Mango,16.7,100.0,0.742,4.3,21,10.1
Carrot,0.6,100.0,0.065,6.0,30,23.3
Onion_Green,0.5,99.7,0.109,6.2,25,17.8
Carrot,1.4,90.2,0.256,26.5,30,0.0
Spinach,-0.6,96.4,0.066,4.6,12,6.8
Tomato,33.3,57.3,5.99,10.5,21,0.0
Potato,9.1,95.1,0.223,131.8,200,26.0
Onion,35.5,59.3,1.016,97.8,180,0.0
Cucumber,13.0,96.3,0.467,11.0,14,0.0
Onion_Green,33.0,71.0,1.399,4.4,25,0.0
Grapes,10.9,79.4,1.245,37.7,45,0.0
Banana,32.2,72.8,3.782,5.0,20,0.0
Spinach,30.2,57.2,0.591,2.2,12,0.0
Broccoli,32.4,74.7,5.615,9.7,18,0.0
Carrot,30.5,75.6,2.597,12.6,30,0.0
Onion,20.8,66.2,0.121,52.8,180,118.2
Spinach,28.7,51.1,2.115,8.5,12,0.0
Bell Pepper,9.6,88.6,0.139,2.9,18,14.3
Banana,28.9,73.1,4.024,6.1,20,0.0
Carrot,35.6,84.0,0.323,1.2,30,0.0
Onion_Green,-0.9,97.1,0.036,2.3,25,22.5
Mango,34.9,63.8,7.219,7.5,21,0.0
Mango,22.5,82.9,0.975,3.0,21,7.3
Banana,15.0,90.5,1.154,9.3,20,0.0
Bell Pepper,8.8,100.0,0.013,0.4,18,17.4
Strawberry,32.5,50.5,15.0,2.1,5,0.0
Grapes,3.1,92.5,0.022,2.0,45,42.5
Bell Pepper,12.4,90.3,0.212,4.0,18,12.4
Tomato,18.3,87.5,1.596,15.4,21,0.0
Onion_Green,1.6,95.0,0.399,18.9,25,0.0
Broccoli,0.0,100.0,0.11,4.0,18,13.3
Broccoli,31.4,77.5,2.917,5.9,18,0.0
Potato,8.8,89.0,0.01,3.6,200,196.0
Potato,10.0,91.2,0.021,12.8,200,186.1
Strawberry,-0.3,97.0,0.457,1.6,5,2.3
Carrot,1.8,100.0,0.187,16.5,30,8.9
Orange,34.7,54.7,4.966,27.2,70,0.0
Mango,13.1,98.3,0.063,0.6,21,20.2
Potato,8.7,92.7,0.251,151.4,200,2.9
Carrot,11.9,91.4,0.399,13.6,30,0.0
Cucumber,25.0,80.5,0.258,1.8,14,2.3
Spinach,37.4,51.9,4.44,5.8,12,0.0
Orange,10.7,74.6,0.734,50.8,70,0.0
Mango,34.1,83.2,7.511,6.8,21,0.0
Strawberry,30.0,57.2,15.0,3.1,5,0.0
Orange,5.3,85.6,0.367,39.0,70,12.9
Potato,8.1,91.5,0.31,182.8,200,0.0
Grapes,-0.3,90.3,0.358,25.7,45,7.4
Apple,1.8,100.0,0.261,44.0,180,105.6
Grapes,-0.7,95.6,0.256,26.2,45,8.8
Carrot,34.7,68.8,6.252,22.6,30,0.0
Mango,11.5,95.5,0.892,8.3,21,2.9
Broccoli,11.7,84.4,0.361,4.4,18,0.0
Apple,1.5,89.6,0.792,104.2,180,0.0
Bell Pepper,8.0,100.0,0.219,7.1,18,5.7
Banana,32.2,70.2,12.157,16.6,20,0.0
Orange,17.9,79.7,0.118,3.8,70,51.4
Onion,22.3,70.9,0.123,53.3,180,109.2
Apple,31.5,81.7,15.0,167.9,180,0.0
Onion_Green,-1.1,99.6,0.036,2.0,25,22.8
Bell Pepper,34.6,63.8,5.138,12.8,18,0.0
Banana,14.4,89.1,1.517,12.5,20,0.0
Onion,26.3,55.8,0.556,120.5,180,0.0
Mango,14.9,100.0,0.992,7.2,21,2.0
Mango,12.0,87.8,2.057,16.0,21,0.0
Apple,1.4,100.0,1.07,148.9,180,0.0
Onion_Green,9.4,88.5,1.015,21.8,25,0.0
Tomato,25.5,76.8,4.519,18.9,21,0.0
Apple,28.9,58.4,15.0,150.0,180,0.0
Carrot,1.8,98.1,0.124,11.4,30,16.7
Onion_Green,0.3,100.0,0.014,0.9,25,24.0
Mango,14.9,92.1,0.081,0.4,21,20.5
Onion,19.1,69.8,0.146,90.7,180,68.8
Strawberry,33.7,74.3,15.0,4.4,5,0.0
Carrot,3.1,100.0,0.06,4.9,30,24.1
Tomato,17.1,84.9,1.593,16.0,21,0.0
Potato,8.7,91.6,0.074,51.7,200,143.4
Grapes,28.3,53.2,0.422,2.2,45,0.0
Broccoli,3.7,89.0,0.523,16.5,18,0.0
Banana,10.4,95.0,0.473,5.3,20,10.1
Strawberry,0.1,93.5,0.305,1.9,5,2.4
Onion,20.2,70.2,0.186,77.1,180,82.1
Carrot,32.7,57.4,3.729,15.3,30,0.0
Orange,36.3,75.6,14.045,65.8,70,0.0
Onion,19.4,72.8,0.01,4.2,180,174.9
Banana,11.6,100.0,0.085,0.7,20,18.9
Grapes,32.0,82.7,8.152,40.6,45,0.0
Orange,30.0,63.0,4.201,42.2,70,0.0
Cucumber,24.9,90.2,1.303,9.9,14,0.0
Cucumber,9.1,100.0,0.123,4.2,14,8.0
Cucumber,29.2,54.1,0.644,2.8,14,0.0
Bell Pepper,9.5,98.6,0.223,6.0,18,8.9
Strawberry,9.7,85.6,0.557,0.9,5,1.6
Onion_Green,1.9,100.0,0.134,6.1,25,17.3
Cucumber,10.8,92.9,0.096,2.9,14,10.7
Onion_Green,0.7,99.8,0.407,22.4,25,0.0
Mango,13.2,89.6,0.418,3.6,21,15.4
Bell Pepper,37.1,77.8,6.065,10.0,18,0.0
Onion,18.7,76.9,0.127,60.2,180,0.0
Mango,12.2,99.3,2.016,16.7,21,0.0
Onion_Green,3.8,93.3,0.453,18.1,25,0.0
Banana,37.2,77.2,5.532,4.4,20,0.0
Potato,8.1,91.0,0.018,10.9,200,188.7
Potato,18.0,84.2,0.314,81.2,200,0.0
Strawberry,7.6,91.1,2.48,4.5,5,0.0
Grapes,-2.0,98.8,0.264,28.1,45,0.0
Apple,15.2,87.8,2.096,79.1,180,0.0
Apple,5.4,92.7,0.482,58.8,180,68.8
Onion,32.1,51.0,0.861,145.7,180,0.0
Tomato,37.8,70.3,0.09,0.1,21,19.5
Carrot,2.3,96.6,0.097,7.9,30,20.9
Tomato,22.9,73.6,1.742,11.9,21,0.0
Potato,30.6,55.2,0.199,17.2,200,0.0
Strawberry,1.6,99.7,0.762,2.1,5,0.1
Onion,18.4,74.5,0.202,104.8,180,10.1
Apple,13.2,73.1,2.241,125.0,180,0.0
Carrot,10.6,83.4,0.03,1.2,30,24.9
Orange,4.5,88.0,0.031,7.3,70,62.4
Cucumber,12.7,96.5,0.396,8.9,14,0.5
Onion_Green,0.2,99.2,0.22,13.8,25,7.3
Spinach,1.5,95.9,0.154,7.9,12,2.5
Mango,29.6,69.8,4.632,6.3,21,0.0
Broccoli,36.5,67.9,10.143,12.3,18,0.0
Broccoli,-0.4,96.6,0.346,14.8,18,0.0
Orange,2.7,88.4,0.41,64.4,70,0.0
Orange,13.8,84.9,0.836,50.5,70,0.0
Onion_Green,-1.0,92.7,0.052,3.4,25,20.8
Orange,30.4,77.9,3.095,28.9,70,0.0
Bell Pepper,35.1,80.4,3.553,6.6,18,0.0
Broccoli,34.1,74.1,2.981,4.9,18,0.0
Mango,22.9,74.7,8.11,19.8,21,0.0
Bell Pepper,30.5,76.7,3.845,11.8,18,0.0
Carrot,32.2,79.2,0.26,1.6,30,0.0
Onion_Green,11.0,81.0,0.499,12.1,25,0.0
Mango,12.6,94.1,0.271,1.8,21,18.5
Broccoli,31.8,76.5,4.096,9.1,18,0.0
Bell Pepper,22.6,80.0,1.454,10.2,18,0.0
Grapes,-0.0,100.0,0.095,8.3,45,32.6
Banana,34.3,81.0,7.853,8.2,20,0.0
Mango,29.0,54.1,4.055,6.0,21,0.0
Orange,37.0,64.5,0.283,1.3,70,37.7
Grapes,30.7,59.7,6.877,22.4,45,0.0
Mango,11.7,100.0,0.277,2.9,21,15.9
Spinach,-1.2,100.0,0.087,7.7,12,2.4
Broccoli,1.0,100.0,0.072,3.2,18,14.3
Grapes,35.8,70.1,1.533,5.0,45,0.0
Potato,16.9,80.8,0.187,65.3,200,0.0
Cucumber,21.7,85.8,0.863,9.2,14,0.0
Bell Pepper,8.6,87.9,0.522,17.1,18,0.0
Tomato,31.2,68.0,5.783,17.6,21,0.0
Onion,19.6,63.7,0.013,7.3,180,171.9
Banana,31.6,63.9,2.914,3.4,20,0.0
Grapes,36.5,74.0,0.344,0.9,45,18.8
Onion_Green,2.3,98.8,0.056,2.7,25,21.8
Tomato,18.3,85.6,0.551,4.6,21,13.0
Cucumber,33.1,70.8,2.879,9.4,14,0.0
Tomato,18.6,86.1,0.27,2.5,21,17.4
Cucumber,29.8,75.3,2.756,10.8,14,0.0
Onion_Green,2.4,97.1,0.106,7.6,25,15.6
Potato,20.2,80.6,0.361,82.1,200,0.0
Apple,13.9,83.0,3.142,138.3,180,0.0
Onion_Green,9.3,85.1,0.797,18.6,25,0.0
Banana,21.1,82.3,1.723,9.6,20,0.0
Cucumber,35.2,72.4,3.095,8.9,14,0.0
Mango,22.7,85.3,2.286,6.5,21,0.0
Onion_Green,0.4,98.5,0.195,12.3,25,9.7
Spinach,29.3,61.1,0.19,0.7,12,0.0
Broccoli,-0.9,100.0,0.059,2.9,18,14.7
Onion,36.3,78.0,0.663,62.0,180,0.0
Onion,31.2,51.3,1.096,157.0,180,0.0
Onion_Green,-1.7,98.9,0.221,13.7,25,6.8
Cucumber,32.9,62.0,1.857,5.6,14,0.0
Tomato,17.0,88.8,1.552,15.3,21,0.0
Cucumber,26.5,82.6,0.561,3.7,14,0.0
Mango,11.5,98.5,0.768,7.7,21,4.1
Grapes,0.8,92.9,0.402,42.7,45,0.0
Strawberry,7.7,88.0,2.339,4.5,5,0.0
Apple,0.1,91.3,0.208,39.9,180,128.3
Tomato,23.4,74.1,2.928,17.7,21,0.0
Onion_Green,7.9,87.2,0.72,17.3,25,0.0
Carrot,-1.0,99.6,0.194,25.2,30,0.0
Spinach,2.2,97.3,0.164,10.3,12,0.0
Onion_Green,-0.0,100.0,0.174,14.2,25,7.3
Orange,6.6,88.4,0.07,7.9,70,61.0
Carrot,3.5,94.8,0.201,14.8,30,9.0
Potato,12.7,91.7,0.199,108.2,200,28.2
Onion_Green,8.9,84.4,0.434,11.8,25,0.0
Onion_Green,-2.0,93.6,0.27,16.9,25,0.0
Orange,32.6,76.9,6.348,39.4,70,0.0
Onion,36.1,55.8,0.012,1.1,180,172.5
Grapes,7.0,85.0,1.095,40.0,45,0.0
Banana,12.8,92.6,1.811,15.5,20,0.0
Carrot,2.8,100.0,0.302,28.1,30,0.0
Cucumber,9.5,93.4,0.112,4.1,14,8.9
Strawberry,33.8,65.0,15.0,3.1,5,0.0
Grapes,34.7,75.6,11.097,25.2,45,0.0
Broccoli,9.1,86.1,0.146,3.1,18,6.5
Bell Pepper,11.1,93.4,0.35,9.9,18,3.6
Orange,5.1,86.0,0.27,34.3,70,24.0
Orange,5.6,91.9,0.073,6.2,70,62.4
Spinach,-1.3,96.6,0.039,2.8,12,8.7
Bell Pepper,9.9,90.8,0.532,13.7,18,0.0
Spinach,36.7,72.2,5.725,9.6,12,0.0
Grapes,0.0,92.0,0.387,37.9,45,0.0
Onion_Green,31.7,68.6,9.836,22.7,25,0.0
Mango,23.3,77.3,2.937,7.2,21,0.0
Grapes,35.1,66.8,10.321,25.0,45,0.0
Orange,7.1,91.7,0.524,65.6,70,0.0
Orange,3.5,85.7,0.405,59.0,70,0.0
Tomato,17.0,85.4,0.017,0.2,21,20.8
Carrot,0.9,95.1,0.134,16.0,30,10.8
Banana,21.8,72.5,0.323,1.3,20,13.1
Grapes,1.1,93.4,0.072,5.3,45,39.1
Orange,3.2,95.6,0.166,26.8,70,24.3
Orange,6.1,88.0,0.144,13.6,70,53.7
Bell Pepper,37.9,80.6,11.825,17.1,18,0.0
Grapes,-1.0,98.6,0.042,4.5,45,39.1
Grapes,28.0,50.7,4.091,20.0,45,0.0
Tomato,34.9,65.4,3.443,7.6,21,0.0
Potato,32.2,53.3,1.595,92.1,200,0.0
Mango,12.4,90.0,0.378,3.2,21,16.2
Grapes,-0.7,95.3,0.034,3.9,45,40.8
Strawberry,36.5,60.8,13.383,1.0,5,0.0
Potato,21.1,78.3,0.082,18.1,200,98.4
Mango,32.3,64.0,0.466,0.7,21,11.5
Mango,20.9,80.3,0.044,0.2,21,20.4
Potato,18.7,81.0,0.027,6.6,200,173.7
Broccoli,-0.6,99.7,0.393,16.1,18,0.0
Spinach,-1.6,100.0,0.017,1.3,12,10.4
Carrot,10.6,92.9,0.715,27.9,30,0.0
Onion_Green,0.4,96.4,0.09,5.0,25,19.5
Spinach,29.7,52.5,1.591,4.6,12,0.0
Grapes,0.4,98.8,0.014,1.2,45,43.4
Onion_Green,10.1,77.7,0.37,8.1,25,0.0
Broccoli,2.4,100.0,0.326,12.9,18,0.0
Spinach,-1.2,100.0,0.162,9.6,12,0.0
Broccoli,-0.5,96.0,0.106,5.7,18,11.4
Spinach,35.3,67.8,1.891,4.7,12,0.0
Broccoli,8.5,96.7,0.954,15.9,18,0.0
Banana,16.6,96.4,1.517,12.1,20,0.0
Carrot,9.5,86.5,0.382,15.7,30,0.0
Carrot,1.2,100.0,0.134,15.8,30,11.0
Apple,0.6,95.6,0.831,104.7,180,0.0
Bell Pepper,34.3,77.0,2.726,5.6,18,0.0
Potato,9.1,93.6,0.217,125.3,200,40.0
Potato,11.2,90.5,0.105,55.0,200,128.6
Cucumber,13.2,96.0,0.141,3.6,14,9.5
Spinach,30.4,62.1,3.185,8.6,12,0.0
Mango,12.6,99.2,2.083,19.4,21,0.0
Orange,16.3,70.3,1.11,38.5,70,0.0
Onion,19.1,65.8,0.038,19.6,180,158.8
Broccoli,-1.2,98.2,0.243,10.1,18,4.6
Potato,17.7,81.5,0.011,2.9,200,189.7
Tomato,34.9,64.8,8.954,18.4,21,0.0
Banana,12.4,89.3,0.729,7.2,20,5.6
Tomato,30.5,78.1,3.151,12.2,21,0.0
Banana,13.4,92.0,1.37,11.5,20,0.0
Spinach,33.5,79.6,2.097,6.0,12,0.0
Apple,35.0,71.5,15.0,87.3,180,0.0
Spinach,29.9,59.0,0.236,0.7,12,0.0
Broccoli,-0.1,96.4,0.302,13.1,18,0.1
Orange,36.6,82.7,13.36,59.5,70,0.0
Spinach,13.8,83.2,0.442,5.6,12,0.0
Onion_Green,-2.0,100.0,0.046,4.1,25,20.2
Orange,32.9,61.7,0.765,5.6,70,0.0
Tomato,31.6,58.0,1.287,3.6,21,0.0
Broccoli,35.7,81.4,4.43,5.8,18,0.0
Orange,3.8,88.7,0.387,58.5,70,0.0
Spinach,1.0,97.6,0.151,8.9,12,1.5
Spinach,2.1,92.0,0.163,10.9,12,0.0
Apple,2.5,90.7,0.06,6.8,180,172.4
Banana,34.5,69.9,3.21,3.3,20,0.0
Carrot,1.2,100.0,0.183,28.2,30,0.0
Mango,15.7,100.0,1.352,6.8,21,0.0
Cucumber,20.7,84.9,0.326,3.5,14,0.9
Cucumber,33.0,65.1,3.503,12.7,14,0.0
Bell Pepper,8.5,94.7,0.165,4.8,18,11.9
Mango,15.7,90.0,0.078,0.4,21,20.4
Bell Pepper,10.2,89.4,0.315,7.2,18,7.6
Grapes,9.6,81.1,0.824,24.8,45,0.0
Grapes,2.6,100.0,0.07,4.6,45,37.7
Onion_Green,7.1,90.6,0.859,23.1,25,0.0
Tomato,15.7,98.2,0.246,3.2,21,14.4
Strawberry,0.3,93.1,0.776,2.6,5,0.0
Banana,35.7,55.1,10.639,8.9,20,0.0
Bell Pepper,17.6,76.7,0.097,1.4,18,12.4
Tomato,16.5,89.8,0.087,1.1,21,19.8
Grapes,33.7,55.8,14.745,40.0,45,0.0
Onion_Green,2.2,97.6,0.33,11.7,25,7.5
Orange,16.1,81.3,0.852,36.0,70,0.0
Grapes,11.1,83.8,0.578,22.8,45,0.0
Spinach,10.2,89.3,0.476,11.1,12,0.0
Tomato,14.6,99.2,1.406,18.7,21,0.0
Orange,17.8,80.0,0.724,30.6,70,0.0
Broccoli,1.2,100.0,0.138,5.5,18,11.2
Onion_Green,7.0,84.8,0.2,5.9,25,5.7
Spinach,2.7,94.3,0.138,6.6,12,3.5
Onion_Green,34.9,60.8,10.041,20.8,25,0.0
Mango,14.4,93.2,2.496,17.4,21,0.0
Grapes,-1.1,95.4,0.098,10.5,45,32.4
Mango,32.5,57.4,3.66,4.1,21,0.0
Onion_Green,-1.7,100.0,0.055,5.1,25,19.0
Onion_Green,31.9,63.4,0.162,0.5,25,11.2
Mango,30.1,63.8,1.118,1.4,21,2.2
Apple,9.6,79.7,1.655,106.2,180,0.0
Mango,34.6,69.0,15.0,15.3,21,0.0
Spinach,1.7,100.0,0.219,10.7,12,0.0
Bell Pepper,9.2,100.0,0.612,16.9,18,0.0
Spinach,35.8,52.5,4.408,10.0,12,0.0
Spinach,-1.2,100.0,0.01,0.3,12,11.7
Bell Pepper,10.1,90.3,0.528,16.3,18,0.0
Grapes,-1.3,91.1,0.289,24.8,45,10.4
Onion_Green,1.4,98.5,0.3,14.7,25,4.4
Strawberry,-0.2,91.7,0.953,2.9,5,0.0
Mango,32.2,68.4,2.603,2.4,21,0.0
Mango,16.9,100.0,2.6,12.8,21,0.0
Banana,15.5,97.7,1.869,14.9,20,0.0
Bell Pepper,35.2,52.1,4.807,10.0,18,0.0
Apple,11.6,80.5,0.262,17.0,180,106.4
Orange,5.2,88.3,0.43,54.7,70,0.0
Orange,3.3,99.6,0.12,15.6,70,36.1
Apple,-1.0,96.7,0.085,13.0,180,162.5
Strawberry,-2.0,100.0,0.372,1.9,5,1.3
Mango,32.5,71.1,14.534,17.9,21,0.0
Cucumber,33.2,78.9,2.068,7.7,14,0.0
Orange,6.3,96.4,0.553,62.6,70,0.0
Onion,18.5,74.9,0.024,13.6,180,160.5
Apple,16.8,84.0,1.283,36.9,180,0.0
Spinach,33.7,84.2,1.519,3.2,12,0.0
Grapes,1.2,89.2,0.051,3.7,45,40.7
Cucumber,10.9,93.3,0.179,6.1,14,6.4
Onion_Green,36.4,82.3,6.75,12.0,25,0.0
Apple,-1.4,100.0,0.454,76.3,180,20.5
Mango,12.8,92.8,1.369,9.7,21,0.0
Onion_Green,6.0,86.8,0.489,17.9,25,0.0
Onion,19.3,66.5,0.149,75.4,180,90.0
Tomato,34.4,56.1,7.518,13.7,21,0.0
Strawberry,30.3,84.6,14.263,2.7,5,0.0
Onion_Green,0.5,97.4,0.087,6.2,25,18.1
Orange,5.9,85.7,0.418,49.4,70,0.0
Strawberry,0.4,91.6,0.904,3.2,5,0.0
Onion_Green,0.1,95.4,0.035,2.1,25,22.8
Potato,37.1,74.4,5.359,176.0,200,0.0
Apple,0.5,89.2,0.263,37.4,180,127.3
Spinach,-2.0,96.8,0.025,2.7,12,8.7
Orange,28.8,50.2,0.237,2.1,70,24.4
Tomato,30.5,53.2,5.489,15.0,21,0.0
Onion,20.1,67.3,0.348,141.8,180,0.0
Mango,31.7,80.6,4.241,4.3,21,0.0
Orange,3.6,90.7,0.202,36.1,70,21.3
Apple,0.5,100.0,0.392,61.5,180,65.3
Spinach,14.5,89.6,0.235,4.0,12,0.0
Cucumber,35.6,66.8,3.317,9.1,14,0.0
Onion_Green,3.1,100.0,0.459,16.5,25,0.0
Banana,13.0,94.0,1.89,18.2,20,0.0
Tomato,15.2,90.3,0.463,7.7,21,8.4
Tomato,15.5,86.7,1.29,16.3,21,0.0
Spinach,15.9,86.6,0.503,7.0,12,0.0
Grapes,-1.3,92.9,0.392,41.1,45,0.0
Tomato,19.2,83.5,0.542,4.3,21,12.7
Onion_Green,-0.7,94.9,0.121,8.4,25,14.9
Grapes,-1.7,98.2,0.245,23.8,45,7.6
Broccoli,-1.5,99.6,0.174,9.8,18,5.4
Carrot,35.9,69.0,8.808,27.3,30,0.0
Strawberry,6.9,80.2,1.871,4.2,5,0.0
Apple,2.7,86.8,0.392,49.9,180,94.4
Banana,12.8,92.6,0.922,7.7,20,3.6
Orange,32.0,75.5,4.324,35.4,70,0.0
Broccoli,31.7,52.6,10.278,16.4,18,0.0
Onion_Green,10.7,91.3,0.339,7.3,25,0.0
Bell Pepper,14.3,77.4,0.091,1.5,18,13.4
Cucumber,10.6,96.2,0.032,1.4,14,12.5
Strawberry,31.8,53.7,15.0,2.4,5,0.0
Strawberry,-1.3,88.7,0.243,1.0,5,3.5
Carrot,12.5,90.2,0.872,25.4,30,0.0
Carrot,8.7,79.5,0.519,21.8,30,0.0
Onion_Green,-1.0,100.0,0.269,20.7,25,0.0
Onion,37.2,58.7,1.276,104.9,180,0.0
Onion_Green,-0.0,100.0,0.374,19.4,25,0.0
Onion_Green,9.4,85.6,0.327,8.8,25,0.0
Orange,5.3,90.4,0.01,1.3,70,68.6
Onion,21.0,72.7,0.075,32.4,180,138.1
Potato,8.6,89.4,0.034,22.9,200,174.8
Tomato,31.4,84.9,0.061,0.2,21,20.1
Apple,36.8,83.1,3.454,19.5,180,0.0
Grapes,31.2,84.4,8.261,30.3,45,0.0
Banana,12.8,92.2,1.607,16.2,20,0.0
Onion_Green,37.4,50.2,6.595,11.1,25,0.0
Apple,37.3,55.4,1.423,5.9,180,0.0
Mango,13.4,88.6,1.567,12.8,21,0.0
Potato,9.4,89.7,0.153,107.1,200,65.9
Onion_Green,37.5,73.6,8.198,13.1,25,0.0
Tomato,15.5,95.2,0.348,6.0,21,9.9
Carrot,1.6,100.0,0.158,12.7,30,14.2
Spinach,12.3,87.2,0.131,2.4,12,1.2
Strawberry,1.0,98.0,1.641,4.7,5,0.0
Onion_Green,10.1,83.2,0.366,8.9,25,0.0
Strawberry,1.8,90.5,0.582,1.4,5,2.5
Onion_Green,-2.0,97.9,0.054,6.5,25,17.6
Orange,29.8,69.0,7.596,63.2,70,0.0
Cucumber,12.4,100.0,0.083,2.6,14,10.6
Cucumber,18.5,88.7,0.011,0.2,14,13.7
Onion,29.8,52.8,0.861,166.8,180,0.0
Broccoli,-0.7,91.5,0.064,3.6,18,13.3
Onion_Green,-1.0,100.0,0.01,0.5,25,24.4
Apple,29.7,57.8,9.892,89.9,180,0.0
Cucumber,18.9,87.5,0.671,12.8,14,0.0
Apple,29.5,74.2,11.239,155.9,180,0.0
Mango,13.0,97.8,0.598,4.1,21,13.2
Bell Pepper,9.4,92.7,0.192,4.6,18,12.3
Spinach,2.8,95.2,0.026,1.4,12,10.5
Bell Pepper,18.8,77.2,0.988,11.5,18,0.0
Onion,17.3,67.9,0.144,101.5,180,46.7
Spinach,3.1,98.1,0.153,6.2,12,4.2
Spinach,17.1,92.9,0.203,2.6,12,0.0
Orange,6.3,93.8,0.577,63.9,70,0.0
Carrot,-0.6,97.6,0.163,24.2,30,0.0
Onion,30.4,57.4,0.395,73.8,180,0.0
Onion_Green,5.7,93.3,0.691,23.7,25,0.0
Banana,12.8,96.4,1.18,11.1,20,0.0
Spinach,9.2,88.6,0.4,9.6,12,0.0
Spinach,28.9,57.6,2.341,9.6,12,0.0
Banana,24.6,88.0,4.696,16.0,20,0.0
Tomato,15.6,94.9,1.466,17.4,21,0.0
Cucumber,9.0,98.7,0.011,0.4,14,13.5
Cucumber,17.6,89.2,0.346,5.2,14,1.8
Grapes,0.1,93.9,0.308,31.1,45,2.1
Broccoli,7.3,89.0,0.154,4.7,18,5.0
Spinach,1.1,94.6,0.047,3.1,12,8.6
Strawberry,0.4,91.1,0.272,1.0,5,3.7
Onion,28.2,75.9,0.721,164.0,180,0.0
Bell Pepper,20.8,82.9,0.326,2.4,18,7.4
Broccoli,9.2,83.9,1.03,14.6,18,0.0
Broccoli,-1.3,91.2,0.288,13.5,18,0.0
Grapes,12.6,77.6,0.791,22.8,45,0.0
Orange,34.4,52.2,6.794,43.4,70,0.0
Orange,6.1,87.6,0.118,14.3,70,53.3
Onion,30.3,59.2,0.737,120.4,180,0.0
Bell Pepper,16.1,80.5,0.168,3.3,18,8.5
Mango,12.8,89.8,0.424,2.6,21,16.9
Carrot,0.3,99.1,0.096,10.0,30,18.6
Cucumber,8.7,94.8,0.12,4.4,14,8.2
Tomato,13.5,84.3,0.432,7.7,21,7.4
Orange,6.0,93.0,0.218,29.1,70,26.8
Mango,23.6,81.2,7.083,17.3,21,0.0
Mango,13.6,90.1,0.703,4.7,21,12.2
Banana,16.0,87.9,0.884,7.1,20,3.7
Mango,34.5,75.8,0.206,0.2,21,19.1
Cucumber,14.2,95.1,0.28,6.1,14,4.9
Onion_Green,29.8,78.5,7.428,22.3,25,0.0
Cucumber,8.4,88.2,0.3,11.6,14,0.0
Strawberry,-1.2,93.8,0.084,0.4,5,4.5
Tomato,35.2,69.3,7.669,15.4,21,0.0
Orange,3.2,91.8,0.196,31.3,70,25.4
Onion_Green,37.0,62.4,11.794,22.6,25,0.0
Cucumber,11.4,97.5,0.043,1.1,14,12.8
Mango,31.8,77.0,2.394,2.9,21,0.0
Cucumber,10.4,94.1,0.41,12.4,14,0.0
Onion,17.2,67.0,0.054,50.6,180,118.2
Bell Pepper,24.1,79.1,2.204,15.6,18,0.0
Orange,6.5,95.1,0.633,53.2,70,0.0
Strawberry,34.0,81.3,9.041,0.9,5,0.0
Spinach,10.1,78.2,0.293,6.8,12,0.0
Apple,3.4,90.4,1.037,112.5,180,0.0
Mango,16.7,89.0,2.241,11.9,21,0.0
Strawberry,0.6,85.2,0.308,1.0,5,3.3
Banana,34.9,50.3,13.75,11.8,20,0.0
Bell Pepper,19.3,80.9,0.478,4.9,18,0.0
Carrot,29.7,59.3,1.697,12.8,30,0.0
Carrot,3.0,96.1,0.293,23.2,30,0.0
Orange,5.9,98.3,0.215,22.2,70,24.5
Strawberry,-0.0,93.7,0.245,0.9,5,3.9
Broccoli,5.6,86.9,0.189,4.7,18,5.8
Onion_Green,38.0,83.0,10.202,16.0,25,0.0
Mango,13.6,90.0,2.612,18.3,21,0.0
Mango,13.5,91.7,0.861,7.8,21,5.0
Cucumber,19.4,83.8,0.745,9.1,14,0.0
Potato,7.3,91.6,0.192,133.8,200,30.8
Broccoli,0.4,99.3,0.034,1.6,18,16.2
Orange,7.3,89.2,0.275,21.1,70,39.3
Tomato,16.4,89.3,1.428,17.0,21,0.0
Cucumber,34.1,60.0,3.456,8.7,14,0.0
Orange,20.2,77.6,0.408,10.3,70,0.3
Onion_Green,6.5,78.9,0.753,21.5,25,0.0
Grapes,2.4,92.1,0.235,21.1,45,15.5
Onion_Green,36.9,70.3,4.18,5.9,25,0.0
Orange,31.3,54.7,3.661,32.6,70,0.0
Strawberry,37.9,63.1,15.0,1.3,5,0.0
Cucumber,24.8,84.6,0.052,0.6,14,10.6
Strawberry,29.8,54.2,5.132,0.8,5,0.0
Mango,26.8,77.3,2.698,4.5,21,0.0
Broccoli,16.5,85.7,1.32,9.6,18,0.0
Banana,16.4,98.7,2.911,18.4,20,0.0
Potato,11.6,96.6,0.307,184.7,200,0.0
Spinach,-1.4,95.3,0.102,7.0,12,3.1
Bell Pepper,14.2,96.6,0.268,4.4,18,10.1
Potato,8.2,86.3,0.28,168.9,200,0.0
Carrot,32.8,74.4,0.274,1.6,30,0.0
Banana,14.5,93.4,0.74,5.6,20,9.4
Cucumber,32.5,62.7,3.284,13.2,14,0.0
Onion_Green,30.9,57.9,1.538,3.2,25,0.0
Mango,12.7,95.7,1.322,11.6,21,0.0
Onion_Green,1.3,94.2,0.327,18.7,25,0.0
Grapes,-1.1,89.3,0.088,9.2,45,34.0
Mango,37.5,84.7,15.0,16.1,21,0.0
Bell Pepper,6.8,100.0,0.099,3.6,18,11.9
Broccoli,29.6,80.5,1.71,4.7,18,0.0
Grapes,11.3,83.4,0.829,27.3,45,0.0
Grapes,30.1,52.8,1.85,11.9,45,0.0
Apple,31.2,55.1,15.0,163.3,180,0.0
Tomato,26.4,77.2,0.514,1.8,21,13.2
Orange,3.8,92.1,0.256,35.4,70,17.7
Tomato,37.4,64.2,8.433,11.4,21,0.0
Apple,0.2,89.4,0.917,131.4,180,0.0
Carrot,0.6,100.0,0.08,7.2,30,21.8
Strawberry,37.9,54.4,15.0,3.0,5,0.0
Onion,36.1,81.3,0.02,2.1,180,161.3
Onion,17.5,71.9,0.239,152.2,180,0.0
Onion,17.4,64.7,0.158,100.8,180,40.8
Onion,29.2,56.4,0.86,162.6,180,0.0
Mango,32.0,71.0,5.061,4.9,21,0.0
Strawberry,4.7,94.9,1.252,3.2,5,0.0
Broccoli,32.6,75.8,1.289,2.3,18,0.0
Apple,31.8,50.9,15.0,124.4,180,0.0
Onion_Green,-0.4,98.2,0.037,2.4,25,22.5
Broccoli,-1.0,94.8,0.212,8.8,18,6.4
Potato,8.6,94.6,0.197,137.5,200,26.0
Grapes,9.7,81.1,0.942,24.4,45,0.0
Onion_Green,10.7,87.6,0.344,8.3,25,0.0
Orange,32.9,66.3,5.802,43.6,70,0.0
Onion,19.3,65.9,0.01,3.1,180,176.7
Bell Pepper,36.4,60.2,11.062,15.9,18,0.0
Spinach,1.7,95.3,0.027,1.9,12,9.9
Grapes,34.2,79.3,8.27,22.1,45,0.0
Apple,30.3,79.7,2.754,23.9,180,0.0
Spinach,1.1,94.5,0.121,8.7,12,1.6
Potato,13.9,79.5,0.256,106.1,200,0.0
Potato,5.9,95.9,0.161,169.9,200,0.0
Broccoli,0.9,100.0,0.313,13.4,18,0.0
Potato,8.4,92.3,0.079,45.4,200,150.2
Tomato,35.0,53.0,0.833,2.4,21,0.0
Onion_Green,35.1,52.8,4.102,9.6,25,0.0
Spinach,3.0,93.4,0.07,2.6,12,8.7
Onion_Green,35.6,68.2,3.427,4.9,25,0.0
Mango,34.5,63.8,14.499,12.2,21,0.0
Grapes,-0.3,92.0,0.336,36.0,45,0.0
Banana,12.0,100.0,0.287,2.6,20,15.3
Tomato,16.7,85.3,0.387,3.9,21,15.2
Mango,33.0,64.0,13.945,15.0,21,0.0
Onion,32.0,49.9,0.258,34.6,180,0.0
Grapes,30.7,57.3,9.933,40.4,45,0.0
Spinach,32.4,74.2,2.679,6.6,12,0.0
Onion,26.4,64.0,0.01,2.8,180,174.7
Apple,-2.0,95.4,0.057,13.3,180,161.7
Tomato,30.9,64.3,3.223,10.5,21,0.0
Potato,23.3,71.9,1.273,158.3,200,0.0
Onion_Green,2.2,100.0,0.237,14.0,25,5.0
Onion_Green,-2.0,100.0,0.211,15.6,25,3.5
Cucumber,33.1,66.6,3.041,10.1,14,0.0
Broccoli,-0.3,93.6,0.067,4.3,18,13.0
Onion_Green,0.3,100.0,0.062,3.0,25,21.7
Apple,5.6,98.7,0.285,25.2,180,131.4
Grapes,-1.4,92.6,0.372,40.9,45,0.0
Orange,12.7,75.6,0.765,32.2,70,0.0
Orange,5.5,96.1,0.481,48.9,70,0.0
Mango,14.9,89.8,0.076,0.4,21,20.5
Apple,-0.6,93.6,0.204,32.0,180,137.2
Onion,28.4,76.2,0.051,12.3,180,127.9
Tomato,16.2,98.4,0.483,7.2,21,4.0
Spinach,30.6,66.1,1.017,2.5,12,0.0
Onion,29.9,51.4,0.452,120.6,180,0.0
Bell Pepper,9.3,90.5,0.103,2.7,18,14.9
Onion,31.7,63.2,0.415,108.9,180,0.0
Apple,1.4,93.9,1.088,158.4,180,0.0
Cucumber,36.8,71.2,4.878,11.5,14,0.0
Apple,34.7,63.5,15.0,116.8,180,0.0
Tomato,17.6,87.1,0.69,7.1,21,7.9
Spinach,37.2,77.2,6.434,11.1,12,0.0
Carrot,9.9,86.7,0.065,2.8,30,20.5
Broccoli,31.7,66.0,6.124,12.9,18,0.0
Mango,14.1,89.0,0.249,1.3,21,19.2
Cucumber,20.0,86.3,0.572,8.6,14,0.0
Grapes,11.8,87.5,1.168,32.8,45,0.0
Spinach,-0.9,95.2,0.053,3.1,12,8.3
Bell Pepper,8.8,91.6,0.084,2.1,18,15.6
Bell Pepper,23.0,84.3,1.578,9.5,18,0.0
Spinach,10.1,100.0,0.301,6.0,12,0.0
Cucumber,9.4,100.0,0.168,7.7,14,2.8
Onion,37.8,82.9,0.689,46.6,180,0.0
Orange,32.7,57.3,8.173,63.0,70,0.0
Orange,5.7,91.4,0.495,54.4,70,0.0
Orange,4.0,90.1,0.437,55.3,70,0.0
Tomato,30.1,83.2,0.496,1.3,21,13.9
Apple,11.3,80.8,2.526,131.8,180,0.0
Mango,14.4,92.4,1.934,15.9,21,0.0
Carrot,1.3,94.2,0.148,21.1,30,3.7
Grapes,30.5,76.9,0.162,0.6,45,31.3
Spinach,1.3,92.9,0.116,8.0,12,1.8
Banana,13.7,98.9,0.329,2.9,20,15.2
Orange,5.7,97.0,0.577,54.5,70,0.0
Orange,8.9,88.8,0.62,47.5,70,0.0
Cucumber,13.3,100.0,0.541,13.1,14,0.0
Orange,6.4,90.4,0.588,44.1,70,0.0
Strawberry,-0.7,89.3,1.259,4.6,5,0.0
Onion,30.1,62.5,0.722,100.4,180,0.0
Banana,22.5,76.8,0.553,2.5,20,7.9
Broccoli,-0.5,95.6,0.237,10.0,18,4.9
Strawberry,36.4,83.3,15.0,3.8,5,0.0
Onion,20.6,70.1,0.275,132.6,180,0.0
Potato,36.7,74.7,4.096,144.5,200,0.0
Grapes,34.7,60.7,0.584,1.6,45,0.0
Tomato,13.7,96.0,0.49,6.9,21,5.7
Carrot,1.3,100.0,0.01,0.3,30,29.6
Spinach,0.4,98.3,0.023,1.4,12,10.5
Spinach,1.1,97.3,0.013,0.8,12,11.2
Onion,19.3,62.7,0.045,21.0,180,154.4
Onion_Green,8.4,89.8,0.238,5.4,25,8.3
Potato,10.0,100.0,0.416,184.2,200,0.0
Bell Pepper,10.9,100.0,0.093,3.2,18,13.1
Orange,37.0,50.7,11.57,57.1,70,0.0
Apple,13.4,76.1,1.445,55.2,180,0.0
Grapes,-0.2,96.2,0.128,11.8,45,30.3
Tomato,23.0,77.1,1.283,7.5,21,0.0
Banana,13.2,100.0,2.001,19.0,20,0.0
Bell Pepper,9.7,94.3,0.365,10.0,18,3.3
Onion,34.7,51.7,1.163,93.1,180,0.0
Grapes,37.7,59.2,4.541,9.2,45,0.0
Tomato,26.4,76.4,0.332,1.6,21,14.5
Tomato,16.3,85.4,0.552,7.2,21,8.9
Onion,20.3,66.4,0.146,66.9,180,100.8
Spinach,3.3,100.0,0.181,10.3,12,0.0
Spinach,1.3,99.3,0.172,10.7,12,0.0
Banana,14.4,91.4,0.42,3.0,20,15.4
Orange,32.3,77.5,7.931,62.6,70,0.0
Potato,19.5,95.7,0.429,88.5,200,0.0
Broccoli,11.1,87.6,0.093,1.1,18,13.3
Grapes,9.8,85.8,0.347,14.4,45,0.0
Grapes,-1.8,93.6,0.082,12.3,45,30.6
Potato,6.4,99.1,0.142,107.4,200,33.7
Tomato,34.6,84.4,7.598,11.4,21,0.0
Spinach,-2.0,100.0,0.104,9.5,12,0.0
Bell Pepper,12.0,89.1,0.154,4.6,18,11.9
Strawberry,35.0,62.0,15.0,2.1,5,0.0
Onion_Green,33.2,54.9,2.139,5.3,25,0.0
Broccoli,-0.0,100.0,0.298,14.7,18,0.0
Onion,20.3,71.4,0.181,82.9,180,70.5
Onion_Green,-0.3,98.6,0.04,4.4,25,20.3
Bell Pepper,17.6,90.2,1.409,14.4,18,0.0
Mango,14.6,94.9,1.581,13.6,21,0.0
Grapes,32.6,68.1,4.711,14.3,45,0.0
Tomato,14.6,89.2,0.686,11.5,21,0.0
Potato,7.3,98.9,0.119,77.8,200,88.0
Orange,7.1,85.2,0.489,58.7,70,0.0
Onion,20.4,70.2,0.254,140.6,180,0.0
Onion_Green,0.4,99.7,0.273,17.2,25,1.5
Bell Pepper,7.9,100.0,0.565,16.8,18,0.0
Strawberry,1.3,84.8,0.277,0.9,5,3.5
Tomato,22.9,85.5,1.501,10.0,21,0.0
Grapes,0.7,91.0,0.54,37.3,45,0.0
Cucumber,9.8,98.3,0.218,7.5,14,3.6
Onion,37.5,63.0,1.936,141.8,180,0.0
Apple,2.1,93.8,0.649,106.9,180,0.0
Spinach,-0.5,97.6,0.091,6.6,12,4.4
Potato,5.6,99.2,0.101,75.9,200,79.8
Orange,5.9,84.2,0.59,62.0,70,0.0
Broccoli,1.7,92.8,0.037,1.7,18,15.8
Potato,7.4,90.0,0.03,20.6,200,177.3
Apple,37.7,54.4,7.323,27.5,180,0.0
Bell Pepper,33.2,56.6,0.95,1.8,18,0.0
Banana,33.9,78.2,7.319,8.2,20,0.0
Potato,37.5,79.5,2.633,112.8,200,0.0
Carrot,4.8,100.0,0.186,12.6,30,10.5
Cucumber,28.3,70.0,2.768,11.8,14,0.0
Onion,30.9,57.2,0.726,86.8,180,0.0
Banana,14.7,97.0,1.177,15.9,20,0.0
Bell Pepper,34.6,75.8,5.753,16.0,18,0.0
Orange,19.6,81.2,1.488,35.8,70,0.0
Bell Pepper,18.7,73.1,0.921,12.2,18,0.0
Spinach,30.9,56.5,1.464,4.7,12,0.0
Spinach,1.7,93.9,0.123,8.9,12,0.9
Tomato,17.1,89.0,2.009,19.4,21,0.0
Mango,12.6,94.1,1.922,15.1,21,0.0
Carrot,-1.3,94.2,0.077,11.3,30,15.7
Mango,26.0,82.3,2.888,6.0,21,0.0
Potato,32.3,74.6,1.486,82.6,200,0.0
Broccoli,35.4,69.8,13.673,15.2,18,0.0
Spinach,15.0,90.5,0.313,4.2,12,0.0
Potato,7.5,92.9,0.157,135.8,200,35.6
Orange,19.1,77.6,1.864,45.5,70,0.0
Carrot,30.1,63.7,1.564,9.1,30,0.0
Apple,0.3,90.0,0.16,21.3,180,153.1
Strawberry,-2.0,93.0,0.144,0.6,5,4.2
Grapes,0.4,93.1,0.019,1.6,45,43.4
Orange,4.4,86.9,0.442,62.6,70,0.0
Spinach,1.0,96.5,0.025,1.1,12,10.8
Tomato,29.9,61.6,2.903,8.0,21,0.0
Strawberry,0.7,94.5,1.025,3.9,5,0.0
Tomato,27.4,69.2,2.88,14.8,21,0.0
Onion_Green,2.3,93.8,0.287,12.1,25,6.3
Strawberry,37.1,82.2,15.0,2.6,5,0.0
Bell Pepper,10.1,90.3,0.318,9.2,18,5.0
Grapes,4.2,86.1,0.05,3.2,45,39.7
Strawberry,2.1,99.4,0.741,2.0,5,0.4
Strawberry,11.7,80.0,1.881,1.6,5,0.0
Potato,9.5,94.2,0.088,46.0,200,147.3
Strawberry,36.8,53.6,15.0,1.9,5,0.0
Potato,11.4,99.5,0.372,168.8,200,0.0
Tomato,19.0,94.1,0.534,4.2,21,12.4
Spinach,13.6,92.5,0.54,6.3,12,0.0
Onion_Green,11.9,91.0,0.652,15.9,25,0.0
Bell Pepper,21.4,77.0,1.699,14.8,18,0.0
Grapes,32.4,76.0,7.487,23.4,45,0.0
Tomato,14.7,87.4,1.308,17.3,21,0.0
Tomato,36.3,72.2,9.627,18.1,21,0.0
Onion_Green,2.2,96.6,0.429,20.9,25,0.0
Onion_Green,-1.8,99.5,0.363,21.8,25,0.0
Broccoli,34.1,78.3,3.855,6.6,18,0.0
Orange,6.6,84.2,0.01,0.7,70,69.2
Carrot,-0.4,91.4,0.109,14.2,30,9.9
Spinach,-0.3,100.0,0.145,8.5,12,1.4
Banana,23.6,81.5,0.618,2.0,20,11.3
Cucumber,35.0,67.1,1.851,4.9,14,0.0
Potato,3.8,99.3,0.061,65.1,200,81.0
Carrot,0.5,100.0,0.099,11.0,30,17.2
Banana,22.5,81.8,2.688,10.9,20,0.0
Banana,13.0,98.9,0.837,7.7,20,2.4
Strawberry,18.2,79.1,1.696,1.0,5,0.0
Cucumber,30.3,68.4,0.582,1.8,14,0.0
Broccoli,35.4,81.6,0.156,0.2,18,11.2
Onion,32.2,80.2,0.121,18.8,180,54.5
Cucumber,10.7,100.0,0.09,2.6,14,10.6
Tomato,18.5,97.2,1.265,10.0,21,0.0
Onion,18.1,64.7,0.221,140.1,180,0.0
Banana,14.4,90.9,0.51,4.4,20,12.8
Carrot,37.5,57.4,5.399,14.4,30,0.0
Onion_Green,5.7,77.8,0.536,23.0,25,0.0
Bell Pepper,23.4,73.0,0.413,2.8,18,0.0
Grapes,-0.4,95.4,0.16,15.0,45,26.2
Spinach,1.2,97.6,0.065,3.8,12,7.9
Potato,20.1,79.4,0.493,97.7,200,0.0
Spinach,28.5,57.1,0.992,6.4,12,0.0
Broccoli,-1.0,93.4,0.372,14.0,18,0.0
Mango,14.0,88.3,0.441,3.2,21,15.6
Carrot,35.6,54.7,0.844,2.6,30,0.0
Broccoli,30.8,78.2,2.012,3.7,18,0.0
Cucumber,10.7,90.6,0.439,11.5,14,0.0
Apple,10.1,95.7,1.243,66.6,180,0.0
Orange,1.7,85.3,0.226,38.5,70,11.5
Grapes,9.9,79.5,0.108,2.9,45,32.8
Carrot,0.0,100.0,0.01,1.0,30,28.9
Tomato,16.7,95.6,0.649,7.3,21,4.8
Banana,34.4,73.4,12.666,15.8,20,0.0
Onion_Green,3.7,100.0,0.248,9.8,25,9.3
Mango,15.6,99.1,0.805,7.5,21,3.0
Onion_Green,-0.6,95.8,0.192,14.7,25,6.6
Grapes,32.5,68.8,9.984,31.8,45,0.0
Spinach,31.4,72.7,1.665,4.5,12,0.0
Tomato,18.7,94.2,2.075,18.0,21,0.0
Onion_Green,31.2,72.1,6.841,23.4,25,0.0
Potato,8.9,99.1,0.289,176.9,200,0.0
Apple,1.0,88.5,0.39,83.0,180,48.8
Tomato,28.5,81.2,1.712,4.6,21,0.0
Carrot,2.1,94.8,0.166,18.2,30,6.7
Potato,19.2,92.0,0.611,158.6,200,0.0
Orange,4.9,87.7,0.265,30.0,70,30.4
Cucumber,23.5,86.1,0.655,5.1,14,0.0
Spinach,3.8,100.0,0.143,5.5,12,4.4
Mango,12.8,92.5,1.132,8.1,21,2.0
Bell Pepper,16.5,83.1,1.021,14.4,18,0.0
Potato,30.2,74.3,1.818,134.4,200,0.0
Carrot,34.6,58.1,2.208,7.2,30,0.0
Orange,5.6,94.3,0.198,21.3,70,36.9
Mango,19.6,88.4,2.52,10.6,21,0.0
Onion,20.0,64.4,0.247,135.9,180,0.0
Cucumber,30.8,61.1,1.143,4.2,14,0.0
Spinach,1.1,95.6,0.01,0.3,12,11.7
Onion_Green,7.7,76.5,0.257,7.7,25,0.0
Apple,-0.2,100.0,0.65,105.9,180,0.0
Bell Pepper,10.5,100.0,0.531,12.4,18,0.0
Carrot,2.0,91.1,0.299,27.3,30,0.0
Bell Pepper,11.4,100.0,0.373,7.9,18,3.3
Carrot,1.0,98.2,0.147,16.4,30,10.7
Onion_Green,-1.2,100.0,0.284,19.4,25,0.0
Spinach,35.9,76.3,7.237,11.1,12,0.0
Spinach,33.6,52.7,2.484,7.5,12,0.0
Cucumber,22.1,83.2,0.606,7.3,14,0.0
Carrot,1.7,95.9,0.14,15.4,30,11.6
Orange,2.2,95.5,0.178,36.8,70,4.0
Orange,2.8,90.3,0.152,28.4,70,32.3
Onion_Green,34.9,62.8,13.331,22.3,25,0.0
Banana,14.7,96.8,2.3,16.5,20,0.0
Orange,36.9,75.4,5.854,31.0,70,0.0
Banana,36.2,74.8,0.962,1.3,20,2.3
Bell Pepper,20.9,80.7,1.73,12.2,18,0.0
Onion_Green,35.9,66.0,4.14,5.0,25,0.0
Onion,21.2,67.8,0.49,169.6,180,0.0
Bell Pepper,8.4,95.1,0.429,11.5,18,0.0
Carrot,35.5,58.5,1.868,4.9,30,0.0
Onion_Green,-0.8,100.0,0.295,21.8,25,0.0
Mango,36.0,57.1,6.499,6.2,21,0.0
Carrot,1.0,97.8,0.07,9.2,30,20.0
Broccoli,35.3,52.5,15.0,15.3,18,0.0
Orange,12.9,87.8,0.93,52.9,70,0.0
Broccoli,-0.3,99.9,0.126,10.9,18,5.1
Mango,13.4,92.7,1.641,12.2,21,0.0
Carrot,-0.9,100.0,0.034,3.7,30,25.7
Broccoli,-2.0,98.2,0.183,10.2,18,4.7
Grapes,2.8,93.5,0.078,5.7,45,37.9
Strawberry,17.2,78.0,3.147,1.7,5,0.0
Onion,33.4,65.9,0.78,79.1,180,0.0
Strawberry,36.1,75.6,14.812,2.3,5,0.0
Mango,31.4,71.9,9.457,10.0,21,0.0
Onion,34.8,64.3,0.042,4.6,180,155.0
Mango,12.3,98.2,2.402,18.0,21,0.0
Strawberry,-1.0,94.0,0.28,1.0,5,3.6
Strawberry,9.2,84.9,0.687,1.0,5,1.1
Orange,6.7,87.4,0.219,25.2,70,36.6
Mango,33.4,51.1,13.036,12.4,21,0.0
Broccoli,8.3,89.4,0.436,6.5,18,0.0
Spinach,2.2,98.0,0.078,3.7,12,7.8
Broccoli,1.0,100.0,0.18,9.4,18,6.0
Tomato,14.8,95.6,0.491,5.8,21,9.0
Broccoli,10.2,87.5,0.703,12.0,18,0.0
Orange,9.2,69.5,0.047,3.0,70,59.2
Potato,11.8,93.6,0.019,6.6,200,191.7
Tomato,31.6,75.8,3.124,8.1,21,0.0
Tomato,24.5,76.9,0.659,3.8,21,6.6
Bell Pepper,31.8,67.7,2.427,6.3,18,0.0
Onion_Green,31.5,56.3,4.2,12.9,25,0.0
Onion_Green,3.0,100.0,0.328,15.3,25,0.3
Mango,11.9,100.0,0.381,3.1,21,15.2
Mango,11.9,99.8,0.047,0.4,21,20.4
Orange,3.8,96.7,0.237,29.9,70,13.7
Strawberry,-2.0,100.0,0.415,1.8,5,1.4
Onion_Green,31.5,53.6,2.004,5.6,25,0.0
Spinach,-0.7,100.0,0.056,4.5,12,6.7
Spinach,31.4,59.0,4.53,10.0,12,0.0
Banana,25.6,79.9,1.126,3.1,20,1.2
Onion_Green,-2.0,100.0,0.157,14.7,25,5.7
Carrot,4.5,79.5,0.048,3.3,30,18.6
Carrot,0.6,100.0,0.103,9.9,30,18.5
Mango,35.3,74.9,9.143,7.7,21,0.0
Bell Pepper,10.7,95.2,0.103,2.3,18,15.2
Strawberry,1.3,87.2,0.433,1.3,5,2.8
Cucumber,20.6,89.0,0.881,11.9,14,0.0
Onion_Green,33.0,82.9,10.114,21.2,25,0.0
Onion_Green,0.2,100.0,0.015,1.1,25,23.9
Broccoli,29.5,65.5,1.13,3.1,18,0.0
Orange,16.4,79.8,0.678,26.1,70,0.0
Strawberry,11.8,74.5,0.401,0.5,5,2.2
Bell Pepper,32.6,55.7,5.954,14.2,18,0.0
Strawberry,29.7,50.3,1.717,0.4,5,0.0
Broccoli,0.0,97.2,0.108,7.2,18,9.9
Onion_Green,13.5,87.5,0.775,14.0,25,0.0
Banana,11.7,85.6,0.292,2.7,20,15.2
Cucumber,10.2,92.8,0.08,2.7,14,10.9
Tomato,32.6,51.0,2.752,6.8,21,0.0
Onion_Green,32.1,59.2,5.855,13.7,25,0.0
Orange,5.9,85.5,0.259,36.6,70,20.4
Grapes,29.5,80.2,2.839,14.1,45,0.0
Strawberry,10.2,88.0,1.865,3.4,5,0.0
Strawberry,12.4,74.6,0.784,0.8,5,0.0
Banana,11.5,91.2,0.345,4.0,20,13.9
Apple,35.6,67.0,15.0,92.0,180,0.0
Onion_Green,7.9,84.6,0.339,10.6,25,0.0
Strawberry,3.4,81.3,1.379,3.4,5,0.0
Spinach,30.9,61.3,0.313,0.8,12,0.0
Onion,21.3,68.6,0.408,152.6,180,0.0
Onion_Green,3.3,99.7,0.238,12.4,25,6.0
Apple,3.5,92.6,1.37,161.9,180,0.0
Tomato,35.5,81.7,0.094,0.2,21,19.4
Spinach,1.4,100.0,0.04,2.5,12,9.2
Bell Pepper,11.6,89.3,0.585,16.9,18,0.0
Bell Pepper,21.9,80.0,1.32,10.7,18,0.0
Orange,12.3,77.6,1.008,46.8,70,0.0
Onion,18.7,65.0,0.315,164.2,180,0.0
Mango,33.5,63.4,14.925,16.2,21,0.0
Onion,18.2,68.1,0.197,125.9,180,16.0
Spinach,35.6,68.4,4.273,7.2,12,0.0
Tomato,18.1,86.1,0.97,7.6,21,4.1
Banana,11.1,92.2,0.991,10.9,20,0.0
Banana,13.4,100.0,1.035,10.5,20,0.0
Potato,11.2,87.7,0.096,46.3,200,134.6
Tomato,30.9,55.0,3.923,9.7,21,0.0
Strawberry,2.8,97.5,0.816,1.9,5,0.7
Strawberry,32.4,60.1,8.041,0.8,5,0.0
Grapes,1.1,91.4,0.414,33.3,45,0.0
Onion_Green,11.3,90.1,0.919,17.2,25,0.0
Apple,4.2,88.7,0.297,40.1,180,115.9
Strawberry,28.1,81.7,5.872,1.2,5,0.0
Carrot,3.7,97.1,0.315,21.3,30,0.0
Apple,1.4,93.8,0.105,19.2,180,158.2
Cucumber,29.1,65.8,0.639,2.6,14,0.0
Apple,32.8,53.6,15.0,134.3,180,0.0
Onion,29.6,56.5,1.104,158.5,180,0.0
Strawberry,5.1,79.8,0.173,0.4,5,3.9
Bell Pepper,8.7,98.6,0.01,0.3,18,17.6
Broccoli,32.8,84.6,4.162,7.6,18,0.0
Potato,8.7,94.3,0.157,110.6,200,66.2
Onion_Green,16.4,79.2,0.233,3.8,25,0.0
Carrot,0.2,100.0,0.096,11.0,30,17.2
Carrot,-0.2,100.0,0.301,26.6,30,0.0
Strawberry,1.0,95.5,0.953,4.1,5,0.0
Banana,15.5,89.1,0.55,6.5,20,8.4
Strawberry,0.4,89.6,0.753,2.4,5,0.2
Carrot,36.6,62.6,2.976,9.3,30,0.0
Tomato,30.4,66.5,6.48,18.7,21,0.0
Strawberry,2.0,89.5,1.166,2.7,5,0.0
Cucumber,28.6,73.3,1.959,10.5,14,0.0
Onion,34.8,52.4,1.129,118.1,180,0.0
Onion,28.9,53.5,0.772,118.5,180,0.0
Spinach,28.9,50.7,2.704,8.2,12,0.0
Mango,12.4,97.6,1.191,7.5,21,1.4
Potato,8.7,92.8,0.111,65.9,200,125.2
Onion_Green,29.7,57.4,4.028,12.7,25,0.0
Orange,17.3,78.6,1.558,47.6,70,0.0
Orange,8.4,93.5,0.591,54.1,70,0.0
Strawberry,1.7,88.9,1.28,3.2,5,0.0
Grapes,-1.6,96.1,0.189,25.3,45,10.5
Onion,19.1,73.1,0.279,136.2,180,0.0
Bell Pepper,14.1,90.7,0.228,4.2,18,11.1
Apple,36.0,56.7,10.275,49.2,180,0.0
Onion,20.1,71.5,0.396,158.6,180,0.0
Carrot,2.3,100.0,0.209,21.8,30,1.0
Broccoli,35.5,76.1,4.33,6.0,18,0.0
Tomato,24.4,80.3,0.088,0.4,21,20.0
Grapes,32.3,60.9,9.574,39.2,45,0.0
Cucumber,24.4,82.8,0.696,4.9,14,0.0
Onion_Green,37.5,63.2,13.14,20.7,25,0.0
Onion,20.8,67.1,0.082,35.3,180,140.7
Broccoli,9.8,90.7,0.08,1.3,18,13.5
Carrot,11.2,82.0,0.444,21.0,30,0.0
Broccoli,0.5,100.0,0.055,3.0,18,14.6
Potato,8.2,95.0,0.087,73.4,200,115.9
Onion_Green,30.4,57.0,3.337,11.8,25,0.0
Onion,18.8,64.5,0.208,104.0,180,40.6
Onion,34.1,75.5,0.349,59.1,180,0.0
Onion_Green,33.0,64.4,0.808,1.9,25,0.0
Tomato,27.8,88.1,1.274,5.9,21,0.0
Onion_Green,32.5,70.7,5.356,12.7,25,0.0
Strawberry,0.9,97.4,0.307,1.3,5,3.0
Cucumber,31.3,54.5,0.211,1.0,14,0.0
Apple,10.9,81.4,0.067,3.8,180,166.0
Mango,29.6,82.2,8.177,12.9,21,0.0
Apple,0.9,91.5,0.791,119.3,180,0.0
Bell Pepper,36.7,70.3,5.527,9.0,18,0.0
Spinach,13.2,83.4,0.41,9.3,12,0.0
Mango,33.8,81.2,10.031,9.7,21,0.0
Onion,20.9,61.6,0.223,110.8,180,11.8
Banana,11.8,92.6,0.163,1.5,20,18.0
Orange,5.2,87.1,0.171,22.6,70,42.8
Carrot,-2.0,97.1,0.097,13.5,30,12.5
Potato,10.6,96.2,0.091,66.7,200,114.1
Strawberry,3.7,97.0,0.285,1.1,5,3.2
Spinach,5.7,91.5,0.218,8.2,12,0.0
Cucumber,11.4,94.5,0.141,3.7,14,9.6
Onion,29.7,54.0,1.011,164.4,180,0.0
Onion_Green,1.7,99.0,0.361,19.9,25,0.0
Spinach,1.1,100.0,0.01,0.4,12,11.6
Spinach,1.7,90.8,0.121,9.7,12,0.0
Bell Pepper,10.5,89.3,0.635,16.5,18,0.0
Potato,28.7,64.1,0.01,0.6,200,191.5
Grapes,35.5,67.8,15.0,38.6,45,0.0
Bell Pepper,37.2,51.5,3.703,6.8,18,0.0
Broccoli,36.5,51.7,6.945,8.7,18,0.0
Onion,28.1,57.8,0.51,103.5,180,0.0
Broccoli,-1.4,97.1,0.119,6.6,18,10.3
Grapes,34.5,68.3,7.709,26.0,45,0.0
Tomato,29.6,82.2,7.134,19.2,21,0.0
Cucumber,21.8,77.9,0.359,4.7,14,0.0
Mango,13.2,89.0,1.42,11.5,21,0.0
Cucumber,13.1,100.0,0.137,3.5,14,9.2
Bell Pepper,17.1,91.2,0.764,9.7,18,0.0
Apple,9.6,76.2,0.057,3.9,180,164.1
Onion,28.8,62.2,0.814,140.7,180,0.0
Carrot,29.7,66.7,3.602,17.7,30,0.0
Mango,13.4,91.3,0.085,0.7,21,20.2
Onion_Green,17.5,87.7,1.454,14.7,25,0.0
Broccoli,-1.4,93.8,0.059,2.8,18,14.7
Broccoli,-0.2,100.0,0.31,11.7,18,1.5
Tomato,34.1,64.8,7.018,12.4,21,0.0
Banana,29.7,79.0,6.148,10.5,20,0.0
Grapes,-1.1,96.4,0.28,21.1,45,14.1
Banana,23.0,80.1,1.884,6.5,20,0.0
Orange,13.9,74.6,1.226,56.6,70,0.0
Mango,18.6,82.9,2.501,12.2,21,0.0
Cucumber,14.3,100.0,0.206,4.4,14,7.0
Strawberry,1.5,100.0,0.671,2.2,5,0.1
Broccoli,-2.0,100.0,0.185,13.1,18,0.5
Onion_Green,-0.2,100.0,0.193,19.0,25,0.8
Mango,13.2,94.7,1.864,17.2,21,0.0
Potato,7.5,94.3,0.186,150.8,200,9.3
Apple,2.6,98.4,0.773,108.4,180,0.0
Potato,29.5,75.4,1.246,90.9,200,0.0
Potato,22.1,79.6,0.644,100.2,200,0.0
Banana,10.2,100.0,0.315,4.0,20,11.9
Strawberry,11.3,90.3,3.121,4.3,5,0.0
Mango,32.0,62.7,11.66,14.1,21,0.0
Bell Pepper,16.7,89.0,0.873,15.0,18,0.0
Strawberry,9.0,83.6,1.577,2.2,5,0.0
Spinach,-0.2,97.8,0.134,8.0,12,2.5
Tomato,22.6,93.7,2.228,16.6,21,0.0
Orange,4.3,91.0,0.56,60.2,70,0.0
Potato,15.2,91.2,0.379,100.9,200,0.0
Tomato,16.6,83.2,0.22,2.5,21,17.5
Orange,14.2,80.0,1.376,59.8,70,0.0
Carrot,1.5,100.0,0.014,1.2,30,28.8
Banana,28.2,81.6,0.668,1.4,20,10.4
Grapes,34.6,61.5,5.54,16.1,45,0.0
Apple,4.3,91.2,1.429,142.3,180,0.0
Apple,1.2,90.9,0.556,76.3,180,51.2
Onion,37.8,63.7,2.546,151.6,180,0.0
Spinach,1.1,100.0,0.205,10.3,12,0.0
Onion_Green,33.6,82.8,8.415,19.3,25,0.0
Tomato,14.9,91.6,1.086,14.9,21,0.0
Broccoli,30.7,59.9,6.288,11.2,18,0.0
Cucumber,10.3,100.0,0.191,7.8,14,2.9
Banana,12.8,91.0,1.151,8.6,20,0.0
Onion,26.7,58.9,0.029,5.5,180,166.5
Broccoli,-1.0,97.6,0.028,1.3,18,16.6
Broccoli,34.6,55.7,9.462,12.6,18,0.0
Tomato,26.0,77.0,2.715,15.9,21,0.0
Mango,32.8,63.1,8.21,7.4,21,0.0
Cucumber,11.6,98.2,0.344,9.7,14,0.0
Strawberry,-0.0,94.3,1.338,3.9,5,0.0
Bell Pepper,10.5,92.1,0.064,1.5,18,16.4
Onion_Green,0.1,97.3,0.281,14.8,25,5.2
Spinach,34.1,76.8,4.435,8.5,12,0.0
Strawberry,30.2,71.8,15.0,2.8,5,0.0
Apple,2.4,95.4,1.254,160.3,180,0.0
Grapes,6.9,75.9,0.682,36.8,45,0.0
Mango,11.4,89.6,2.795,17.8,21,0.0
Potato,6.2,93.8,0.249,182.0,200,0.0
Mango,15.2,99.6,1.983,11.8,21,0.0
Cucumber,11.2,95.5,0.448,12.4,14,0.0
Apple,1.5,93.8,0.596,107.7,180,0.0
Mango,35.3,60.0,9.067,6.0,21,0.0
Banana,12.9,91.6,1.373,11.5,20,0.0
Onion_Green,1.9,89.0,0.176,8.1,25,10.7
Broccoli,28.2,58.4,3.814,9.3,18,0.0
Carrot,12.1,80.0,0.632,20.5,30,0.0
Mango,11.3,98.5,1.351,12.9,21,0.0
Carrot,5.4,99.8,0.316,20.5,30,0.0
Bell Pepper,7.9,98.6,0.017,0.5,18,17.3
Bell Pepper,10.1,94.0,0.267,6.1,18,9.8
Strawberry,1.0,93.1,0.623,2.2,5,1.1
Grapes,34.8,73.4,0.313,0.8,45,21.6
Tomato,26.9,77.8,1.291,6.1,21,0.0
Cucumber,13.0,100.0,0.128,3.4,14,9.3
Spinach,35.3,81.9,4.627,8.4,12,0.0
Apple,13.6,86.6,1.92,123.3,180,0.0
Grapes,0.6,87.1,0.143,11.9,45,28.7
Onion,29.7,77.6,0.545,120.6,180,0.0
Spinach,2.9,96.4,0.192,8.8,12,0.4
Carrot,-1.0,98.0,0.013,1.5,30,28.3
Cucumber,35.2,74.5,6.128,12.8,14,0.0
Strawberry,2.9,98.7,0.779,1.8,5,0.8
Onion,33.7,60.7,0.493,64.8,180,0.0
Grapes,34.2,74.4,5.178,12.7,45,0.0
Cucumber,18.4,86.9,0.121,2.4,14,8.0
Potato,9.9,88.0,0.01,0.9,200,198.9
Onion,33.1,60.3,0.762,107.1,180,0.0
Onion,34.4,66.2,0.599,52.3,180,0.0
Onion,31.1,56.9,0.294,45.9,180,0.0
Potato,5.4,89.4,0.021,22.4,200,171.3
Onion,19.7,68.4,0.079,27.9,180,149.2
Onion,32.3,42.7,1.159,126.7,180,0.0
Cucumber,10.0,94.0,0.01,0.3,14,13.7
Banana,15.2,93.4,1.101,6.8,20,4.0
Strawberry,1.2,91.3,0.252,0.9,5,3.8
Bell Pepper,33.3,53.2,4.051,10.0,18,0.0
Grapes,35.6,77.0,10.347,28.4,45,0.0
Broccoli,5.9,79.2,0.113,2.7,18,6.9
Bell Pepper,13.7,92.9,0.016,0.3,18,17.7
Banana,14.8,89.8,0.856,6.4,20,6.6
Onion,32.5,61.4,0.465,66.6,180,0.0
Spinach,34.4,52.3,2.255,4.0,12,0.0
Broccoli,13.5,87.4,0.619,9.0,18,0.0
Bell Pepper,8.9,95.4,0.296,7.5,18,7.2
Carrot,0.1,100.0,0.105,14.4,30,13.0
Orange,31.0,71.5,2.012,16.0,70,0.0
Banana,33.6,71.3,15.0,16.6,20,0.0
Grapes,1.8,84.6,0.358,31.0,45,0.0
Strawberry,28.6,55.9,15.0,3.8,5,0.0
Strawberry,3.6,100.0,0.761,2.6,5,0.0
Banana,13.6,100.0,0.884,7.4,20,2.0
Orange,34.6,66.9,3.613,23.5,70,0.0
Orange,34.1,55.9,10.764,60.2,70,0.0
Potato,10.1,95.1,0.153,69.6,200,110.8
Mango,11.3,100.0,1.993,15.6,21,0.0
Apple,3.4,87.9,0.28,39.0,180,119.5
Broccoli,-2.0,100.0,0.309,15.7,18,0.0
Strawberry,-0.4,89.8,0.562,1.8,5,1.8
Broccoli,-1.7,100.0,0.249,14.0,18,0.0
Onion,16.7,66.2,0.013,9.2,180,168.6
Carrot,14.6,84.2,0.853,17.8,30,0.0
Apple,1.3,91.0,0.561,84.7,180,36.8
Apple,11.4,83.3,2.256,109.2,180,0.0
Broccoli,1.6,100.0,0.046,1.2,18,16.6
Bell Pepper,19.8,77.5,0.373,4.2,18,0.0
Broccoli,8.7,85.9,0.344,7.7,18,0.0
Orange,17.0,78.5,0.331,12.0,70,12.2
Bell Pepper,9.9,91.3,0.514,13.0,18,0.0
Spinach,34.0,51.2,0.287,1.0,12,0.0
Apple,37.6,67.0,15.0,115.3,180,0.0
Orange,29.5,58.0,0.72,7.2,70,0.0
Onion,26.6,45.0,0.66,136.1,180,0.0
Orange,14.6,80.3,0.083,4.4,70,55.5
Carrot,0.5,95.0,0.318,27.4,30,0.0
Onion_Green,31.7,77.3,1.909,7.8,25,0.0
Carrot,0.2,95.6,0.132,16.9,30,9.8
Grapes,1.4,93.1,0.357,30.0,45,1.0
Onion,28.9,63.5,0.058,14.7,180,139.4
Orange,28.5,59.3,4.23,34.3,70,0.0
Broccoli,8.6,88.1,0.775,14.5,18,0.0
Bell Pepper,12.3,97.8,0.386,9.1,18,2.0
Banana,13.9,90.3,1.26,10.4,20,0.0
Bell Pepper,7.4,96.3,0.032,1.1,18,16.6
Bell Pepper,16.9,88.3,0.241,3.2,18,10.3
Cucumber,11.6,95.2,0.375,9.5,14,0.2
Bell Pepper,37.0,54.8,6.761,14.6,18,0.0
Carrot,1.9,93.2,0.036,3.8,30,25.5
Onion,35.9,67.3,1.641,146.6,180,0.0
Potato,9.0,98.5,0.11,72.7,200,99.9
Broccoli,-0.0,98.9,0.317,16.4,18,0.0
Tomato,36.6,83.0,7.624,10.9,21,0.0
Orange,33.8,53.8,4.875,30.6,70,0.0
Strawberry,11.3,80.1,3.161,4.6,5,0.0
Banana,14.6,89.8,0.796,5.1,20,9.7
Mango,12.4,94.2,2.997,17.1,21,0.0
Tomato,29.8,54.1,5.388,16.7,21,0.0
Onion,29.7,74.7,0.132,25.1,180,95.0
Carrot,2.2,89.8,0.125,12.7,30,10.0
Broccoli,-0.1,100.0,0.011,0.4,18,17.6
Onion,31.1,58.0,1.032,162.3,180,0.0
Grapes,1.3,89.3,0.481,40.7,45,0.0
Onion_Green,15.3,79.4,1.037,12.2,25,0.0
Banana,22.9,84.6,3.125,11.0,20,0.0
Potato,36.5,52.7,3.047,136.8,200,0.0
Bell Pepper,31.0,58.4,2.911,9.8,18,0.0
Cucumber,28.7,64.0,0.143,0.7,14,5.0
Cucumber,22.8,84.8,1.269,13.2,14,0.0
Mango,29.5,76.7,9.962,13.6,21,0.0
Cucumber,35.1,54.0,3.681,7.6,14,0.0
Apple,2.5,94.2,0.597,81.0,180,37.7
Grapes,29.2,70.7,8.755,41.4,45,0.0
Grapes,-0.3,93.4,0.554,42.7,45,0.0
Onion,34.4,80.6,1.21,134.2,180,0.0
Spinach,31.4,55.3,2.027,6.7,12,0.0
Potato,29.0,54.9,1.655,139.6,200,0.0
Bell Pepper,23.3,87.4,1.975,15.1,18,0.0
Orange,4.4,96.7,0.108,12.5,70,48.7
Spinach,13.1,89.5,0.134,2.1,12,2.6
Strawberry,6.9,84.4,1.161,2.3,5,0.0
Onion,33.7,78.1,1.209,107.7,180,0.0
Tomato,17.9,88.9,0.64,7.1,21,8.0
Strawberry,30.9,70.1,12.074,2.0,5,0.0
Spinach,5.9,81.2,0.216,7.2,12,0.0
Mango,24.6,79.9,0.184,0.5,21,18.5
Bell Pepper,9.7,93.5,0.091,1.8,18,15.9
Mango,35.2,79.2,0.37,0.4,21,16.5
Banana,17.1,93.6,1.145,6.7,20,2.7
Mango,13.2,93.4,0.581,4.9,21,12.6
Grapes,8.9,84.6,1.103,41.5,45,0.0
Apple,11.0,74.6,2.61,132.1,180,0.0
Onion_Green,-1.3,98.4,0.187,11.7,25,10.2
Bell Pepper,30.8,59.4,5.996,15.0,18,0.0
Tomato,17.5,83.0,0.324,2.5,21,17.1
Mango,30.7,68.0,9.556,13.2,21,0.0
Mango,24.0,79.4,1.651,4.4,21,0.0
Potato,6.9,91.6,0.01,5.5,200,194.1
Bell Pepper,24.2,80.8,1.951,12.3,18,0.0
Grapes,0.3,92.9,0.283,26.8,45,9.0
Tomato,35.5,84.7,6.087,12.3,21,0.0
Orange,14.8,73.7,1.034,36.5,70,0.0
Onion_Green,1.1,100.0,0.484,21.1,25,0.0
Cucumber,24.6,87.7,0.529,3.2,14,0.0
Carrot,1.7,95.9,0.254,21.7,30,1.1
Broccoli,35.7,62.4,9.034,11.9,18,0.0
Orange,15.3,80.8,1.837,61.4,70,0.0
Onion_Green,-1.9,97.0,0.259,21.5,25,0.0
Broccoli,-1.6,92.5,0.251,15.6,18,0.0
Potato,7.3,90.8,0.167,153.7,200,8.3
Mango,29.1,52.5,10.136,17.0,21,0.0
Carrot,29.7,51.7,2.249,11.3,30,0.0
Grapes,-0.6,96.0,0.275,22.6,45,12.9
Mango,36.8,72.6,11.954,7.5,21,0.0
Potato,9.2,93.4,0.258,136.2,200,19.7
Mango,13.6,93.4,0.987,6.5,21,6.7
Strawberry,-0.8,90.4,0.045,0.3,5,4.6
Spinach,32.0,65.0,0.575,1.8,12,0.0
Broccoli,0.7,95.1,0.124,6.3,18,10.4
Carrot,0.7,100.0,0.123,13.2,30,14.3
Orange,5.0,93.3,0.079,10.2,70,56.5
Broccoli,-0.4,100.0,0.24,10.7,18,3.8
Carrot,1.6,93.8,0.176,17.0,30,7.8
Apple,36.8,59.5,13.281,58.6,180,0.0
Onion,19.8,59.9,0.347,107.7,180,0.0
Mango,13.6,94.3,0.833,6.1,21,8.5
Orange,6.0,88.5,0.311,30.2,70,27.7
Broccoli,0.9,100.0,0.193,7.0,18,8.9
Broccoli,37.5,66.3,12.793,12.0,18,0.0
Tomato,31.6,83.5,9.1,19.8,21,0.0
Cucumber,12.2,100.0,0.374,11.0,14,0.0
Orange,5.6,88.3,0.326,45.5,70,6.1
Potato,7.4,94.4,0.188,126.9,200,37.9
Grapes,0.6,100.0,0.409,38.5,45,0.0
Orange,34.1,63.3,0.499,3.9,70,0.0
Strawberry,14.1,86.6,1.97,1.7,5,0.0
Broccoli,-1.5,98.1,0.145,6.1,18,10.5
Potato,25.7,77.1,0.653,93.6,200,0.0
Orange,19.4,70.3,0.242,7.5,70,14.1
Cucumber,8.9,99.1,0.131,4.9,14,7.1
Broccoli,36.2,80.5,14.92,16.6,18,0.0
Onion,34.2,50.5,0.969,104.5,180,0.0
Potato,33.0,65.1,0.884,78.0,200,0.0
Spinach,1.1,95.2,0.153,9.5,12,0.4
Grapes,2.1,90.1,0.236,14.0,45,25.1
Orange,32.3,55.8,3.302,21.3,70,0.0
Orange,4.0,92.6,0.453,50.1,70,0.0
Spinach,33.7,57.1,1.806,3.4,12,0.0
Orange,7.7,85.6,0.506,37.8,70,2.9
Carrot,0.6,93.7,0.283,25.0,30,0.0
Onion,20.2,67.4,0.186,102.5,180,54.5
Strawberry,0.6,91.8,1.078,3.2,5,0.0
Tomato,37.7,66.4,7.589,12.7,21,0.0
Onion,29.4,58.8,1.084,169.3,180,0.0
Potato,9.3,91.1,0.103,69.1,200,120.7
Strawberry,-1.2,97.8,0.45,1.6,5,2.1
Carrot,1.4,94.2,0.111,11.0,30,16.7
Broccoli,7.5,91.9,0.706,13.4,18,0.0
Potato,8.2,92.2,0.01,2.8,200,197.1
Broccoli,12.5,87.3,0.136,1.7,18,9.3
Tomato,35.5,61.7,0.758,1.4,21,2.3
Strawberry,-1.6,91.2,1.255,4.0,5,0.0
Banana,32.8,65.0,11.481,13.7,20,0.0
Orange,5.0,87.7,0.498,52.4,70,0.0
Orange,15.7,74.0,0.332,10.4,70,18.7
Onion,18.2,67.7,0.197,118.3,180,26.1
Broccoli,-0.6,96.8,0.176,8.2,18,8.0
Grapes,33.8,57.8,0.689,1.8,45,0.0
Potato,16.5,71.5,0.491,158.6,200,0.0
Strawberry,0.8,95.0,1.569,3.9,5,0.0
Mango,12.7,95.6,2.138,13.1,21,0.0
Onion,31.0,65.7,0.372,55.6,180,0.0
Banana,12.7,94.0,0.581,4.6,20,12.0
Grapes,1.1,94.1,0.129,9.9,45,33.1
Banana,15.6,94.6,1.201,9.6,20,0.0
Broccoli,31.0,84.2,1.236,3.6,18,0.0
Banana,22.0,94.1,4.325,15.4,20,0.0
Carrot,3.4,100.0,0.22,19.2,30,2.8
Tomato,16.9,88.6,1.691,18.5,21,0.0
Apple,29.0,61.8,7.838,82.4,180,0.0
Orange,3.4,94.9,0.131,21.5,70,36.1
Carrot,-0.9,100.0,0.038,3.9,30,25.4
Strawberry,3.1,95.4,1.223,3.1,5,0.0
Potato,9.3,94.4,0.077,52.5,200,140.7
Spinach,29.7,83.5,0.654,2.6,12,0.0
Apple,1.3,95.8,0.531,97.4,180,13.4
Orange,33.7,84.5,6.995,39.2,70,0.0
Mango,18.4,90.2,0.076,0.4,21,20.4
Potato,35.1,83.7,2.39,108.6,200,0.0
Orange,3.8,84.9,0.361,48.3,70,0.0
Potato,35.5,50.0,3.893,145.5,200,0.0
Strawberry,30.7,76.8,4.441,1.0,5,0.0
Banana,12.9,93.8,0.566,6.3,20,9.2
Grapes,-0.4,92.7,0.344,34.1,45,0.0
Orange,29.9,57.9,4.484,44.0,70,0.0
Strawberry,31.8,83.8,4.578,1.3,5,0.0
Broccoli,37.7,60.0,2.915,2.4,18,0.0
Mango,33.8,69.8,6.692,5.3,21,0.0
Bell Pepper,25.6,81.0,3.672,17.0,18,0.0
Bell Pepper,21.8,79.6,1.445,13.3,18,0.0
Bell Pepper,8.4,99.2,0.292,9.0,18,2.6
Strawberry,-0.5,93.7,0.439,1.8,5,2.1
Mango,36.6,57.5,9.516,8.1,21,0.0
Potato,20.7,80.3,0.814,136.3,200,0.0
Onion,22.2,65.7,0.543,145.0,180,0.0
Tomato,15.0,86.9,0.3,3.9,21,15.5
Orange,4.6,84.3,0.543,62.1,70,0.0
Apple,30.9,75.6,15.0,133.4,180,0.0
Bell Pepper,12.7,93.7,0.247,4.7,18,11.1
Onion,28.5,80.9,0.812,145.7,180,0.0
Apple,2.5,91.8,0.741,95.2,180,0.0
Apple,1.2,89.6,0.922,150.7,180,0.0
Grapes,1.4,91.8,0.3,22.5,45,13.5
Bell Pepper,29.6,74.6,3.745,11.9,18,0.0
Carrot,2.9,100.0,0.333,24.2,30,0.0
Mango,29.9,75.2,7.642,13.4,21,0.0
Strawberry,0.8,92.5,0.483,1.5,5,2.6
Onion_Green,28.6,50.4,5.807,16.6,25,0.0
Grapes,1.3,87.2,0.379,30.1,45,0.0
Orange,29.7,82.6,2.272,35.3,70,0.0
Apple,34.7,59.7,10.155,43.8,180,0.0
Mango,31.8,57.7,10.185,12.2,21,0.0
Grapes,-2.0,84.6,0.068,7.0,45,33.9
Spinach,35.3,82.0,1.945,3.5,12,0.0
Onion_Green,6.4,82.0,0.551,17.8,25,0.0
Onion_Green,36.5,78.1,8.968,11.6,25,0.0
Cucumber,37.1,51.0,2.516,5.0,14,0.0
Onion_Green,-0.8,99.6,0.24,14.9,25,5.2
Strawberry,-1.2,91.6,0.674,2.6,5,0.1
Banana,27.7,83.1,4.815,11.7,20,0.0
Tomato,17.2,88.6,1.894,17.8,21,0.0
Bell Pepper,8.1,94.1,0.521,16.2,18,0.0
Spinach,29.8,75.3,2.196,7.1,12,0.0
Grapes,-0.8,93.4,0.014,1.3,45,43.6
Apple,-2.0,100.0,0.301,68.1,180,45.1
Broccoli,31.6,79.6,3.354,5.7,18,0.0
Potato,22.0,79.0,0.284,50.5,200,0.0
Potato,7.7,93.4,0.01,3.2,200,196.7
Cucumber,11.0,99.7,0.379,10.4,14,0.0
Banana,16.3,92.6,1.96,16.1,20,0.0
Mango,16.4,99.7,1.49,6.7,21,0.0
Banana,25.9,88.5,6.289,18.9,20,0.0
Potato,18.2,86.8,0.432,129.6,200,0.0
Strawberry,10.2,78.9,2.745,3.7,5,0.0
Onion,28.6,59.2,1.005,155.1,180,0.0
Grapes,11.7,86.3,1.151,33.7,45,0.0
Carrot,28.4,56.9,1.647,9.7,30,0.0
Mango,28.8,79.0,6.419,9.1,21,0.0
Potato,36.2,66.6,0.914,36.7,200,0.0
Cucumber,20.2,87.7,0.299,3.2,14,3.7
Banana,28.2,84.9,9.08,14.0,20,0.0
Banana,15.1,89.9,1.471,12.3,20,0.0
Broccoli,5.4,85.1,0.567,14.0,18,0.0
Spinach,36.8,64.9,2.978,4.9,12,0.0
Bell Pepper,9.5,91.8,0.565,16.3,18,0.0
Apple,-1.1,91.0,0.427,63.4,180,74.7
Tomato,34.4,81.2,6.031,10.7,21,0.0
Strawberry,-0.2,100.0,0.042,0.2,5,4.7
Cucumber,11.7,98.0,0.332,8.6,14,1.4
Strawberry,28.3,59.5,15.0,3.5,5,0.0
Spinach,-2.0,94.8,0.099,8.9,12,0.0
Mango,10.3,93.8,1.467,14.6,21,0.0
Orange,6.1,85.5,0.057,6.3,70,63.0
Banana,13.9,92.3,0.912,6.0,20,7.5
Carrot,3.6,93.8,0.133,9.5,30,16.8
Banana,15.2,91.7,1.025,7.9,20,2.2
Cucumber,30.9,84.3,1.193,4.1,14,0.0
Apple,36.2,73.5,15.0,84.1,180,0.0
Banana,32.8,50.5,7.424,8.4,20,0.0
Cucumber,12.4,100.0,0.075,2.2,14,11.2
Broccoli,-0.2,100.0,0.133,6.1,18,10.6
Apple,3.6,93.0,1.179,127.0,180,0.0
Onion,21.9,65.1,0.231,84.6,180,62.4
Potato,8.0,85.2,0.086,56.4,200,117.3
Tomato,35.2,81.6,0.552,0.8,21,14.1
Carrot,9.3,87.5,0.602,26.3,30,0.0
Carrot,1.9,100.0,0.164,14.3,30,12.0
Onion,31.9,57.8,0.052,8.6,180,141.1
Cucumber,34.4,54.9,2.882,8.7,14,0.0
Onion_Green,6.2,86.6,0.473,15.7,25,0.0
Apple,2.0,95.0,0.88,122.0,180,0.0
Spinach,1.4,95.9,0.102,7.6,12,3.4
Onion_Green,-1.3,97.0,0.154,9.3,25,13.6
Spinach,36.0,72.7,5.429,9.7,12,0.0
Bell Pepper,10.2,92.0,0.345,7.7,18,7.1
Spinach,2.7,100.0,0.078,3.3,12,8.1
Banana,12.5,91.9,0.23,2.1,20,17.3
Strawberry,1.8,100.0,0.567,1.3,5,2.2
Bell Pepper,33.5,82.4,2.026,5.8,18,0.0
Mango,31.6,57.9,12.203,18.9,21,0.0
Grapes,0.1,88.5,0.231,21.6,45,15.1
Grapes,37.5,50.3,14.137,31.7,45,0.0
Grapes,37.4,66.9,15.0,42.5,45,0.0
Cucumber,11.8,95.2,0.024,0.5,14,13.5
Strawberry,-0.9,91.8,0.16,0.9,5,3.9
Broccoli,32.9,63.8,8.744,16.3,18,0.0
Tomato,16.5,91.0,1.428,15.3,21,0.0
Cucumber,33.3,74.7,3.297,11.3,14,0.0
Strawberry,28.4,78.0,3.825,0.7,5,0.0
Mango,10.9,93.5,0.728,6.6,21,7.9
Strawberry,29.6,70.9,6.805,1.7,5,0.0
Banana,23.0,79.3,5.334,18.9,20,0.0
Spinach,-2.0,99.7,0.038,4.2,12,6.8
Onion_Green,9.2,90.3,0.694,16.1,25,0.0
Banana,34.0,82.5,8.636,8.5,20,0.0
Grapes,6.1,82.6,0.508,22.4,45,0.0
Potato,9.4,98.1,0.036,24.0,200,169.6
Onion_Green,7.3,95.2,0.286,7.7,25,6.1
Cucumber,10.1,91.9,0.08,2.7,14,10.8
Onion_Green,-0.7,93.4,0.116,7.3,25,15.8
Orange,28.2,63.4,0.449,4.7,70,0.0
Cucumber,13.2,100.0,0.347,9.6,14,0.0
Potato,18.7,81.7,0.397,103.3,200,0.0
Onion,32.3,64.6,1.045,125.6,180,0.0
Potato,20.2,77.5,0.659,135.5,200,0.0
Grapes,0.6,96.5,0.082,6.0,45,37.7
Grapes,12.6,80.6,0.094,2.0,45,34.8
Potato,17.3,82.9,0.444,136.5,200,0.0
Onion,34.4,58.7,0.976,86.8,180,0.0
Banana,19.6,81.9,3.324,16.2,20,0.0
Carrot,1.0,93.7,0.153,14.1,30,11.9
Banana,36.7,83.2,0.766,0.7,20,10.8
Spinach,7.6,87.9,0.347,10.4,12,0.0
Bell Pepper,11.0,100.0,0.4,8.8,18,1.5
Potato,34.1,78.0,1.416,77.4,200,0.0
Onion,24.1,55.8,0.027,7.4,180,163.2
Apple,1.1,91.7,1.114,156.5,180,0.0
Apple,15.2,79.8,1.596,77.0,180,0.0
Potato,13.2,78.3,0.137,54.5,200,38.7
Tomato,34.4,58.3,7.213,17.4,21,0.0
Onion,20.0,67.7,0.081,29.0,180,148.2
Grapes,10.0,73.6,1.22,35.9,45,0.0
Potato,6.1,90.6,0.162,118.7,200,41.5
Mango,12.3,93.1,2.326,16.5,21,0.0
Potato,37.8,77.4,3.192,110.3,200,0.0
Bell Pepper,11.7,90.1,0.232,5.0,18,11.2
Orange,6.7,90.1,0.199,16.2,70,48.2
Tomato,16.5,94.4,2.035,16.9,21,0.0
Grapes,0.8,92.9,0.215,17.5,45,22.7
Broccoli,-2.0,100.0,0.248,14.4,18,0.0
Bell Pepper,37.1,55.9,0.766,1.2,18,0.0
Carrot,-2.0,100.0,0.156,27.3,30,0.0
Carrot,36.1,57.7,1.449,4.4,30,0.0
Apple,33.3,77.2,13.241,99.4,180,0.0
Tomato,16.9,91.6,1.254,16.6,21,0.0
Tomato,30.0,78.4,0.896,2.6,21,4.6
Cucumber,33.7,51.0,0.342,1.2,14,0.0
Bell Pepper,33.0,70.0,5.941,12.2,18,0.0
Tomato,26.9,76.9,2.411,10.5,21,0.0
Grapes,0.9,85.6,0.286,22.9,45,6.6
Banana,37.1,82.8,15.0,18.2,20,0.0
Apple,29.2,67.3,7.264,78.2,180,0.0
Carrot,30.8,66.3,2.178,13.1,30,0.0
Strawberry,32.4,51.0,15.0,3.4,5,0.0
Grapes,0.0,94.9,0.252,27.7,45,7.9
Onion_Green,33.2,56.7,2.649,6.4,25,0.0
Carrot,34.7,51.4,3.254,10.1,30,0.0
Carrot,3.7,96.4,0.122,9.7,30,17.5
Cucumber,11.6,100.0,0.449,11.4,14,0.0
Apple,12.5,78.2,3.239,166.8,180,0.0
Broccoli,2.7,91.0,0.356,13.7,18,0.0
Carrot,2.5,95.2,0.276,27.7,30,0.0
Grapes,1.6,94.2,0.274,18.6,45,19.0
Strawberry,10.9,84.6,3.528,4.4,5,0.0
Grapes,-2.0,98.3,0.358,39.8,45,0.0
Grapes,37.7,75.2,13.162,23.5,45,0.0
Onion_Green,7.6,84.0,0.01,0.2,25,24.2
Tomato,18.8,89.7,1.549,13.7,21,0.0
Mango,13.7,100.0,2.011,15.2,21,0.0
Carrot,30.8,57.7,5.427,26.4,30,0.0
Orange,13.4,76.8,0.168,9.0,70,39.6
Broccoli,5.5,91.2,0.325,8.5,18,0.0
Apple,4.7,97.6,1.383,152.3,180,0.0
Apple,31.7,75.4,2.315,14.2,180,0.0
Orange,30.0,75.2,2.365,19.3,70,0.0
Broccoli,13.7,86.4,0.315,3.9,18,0.0
Orange,4.7,86.7,0.416,59.0,70,0.0
Mango,12.1,96.1,0.545,5.1,21,12.1
Apple,1.2,91.0,0.597,81.0,180,39.6
Broccoli,37.4,73.2,9.474,8.7,18,0.0
Potato,8.1,95.0,0.173,131.0,200,36.0
Grapes,10.4,81.9,0.428,13.1,45,0.0
Potato,10.3,99.2,0.279,151.7,200,0.0
Orange,7.3,95.0,0.338,30.0,70,13.5
Potato,10.7,100.0,0.09,79.0,200,75.4
Broccoli,0.3,96.3,0.136,5.3,18,11.8
Orange,20.9,76.6,2.217,63.3,70,0.0
Bell Pepper,20.8,74.7,0.615,4.5,18,0.0
Apple,36.7,66.5,15.0,166.4,180,0.0
Carrot,6.1,89.5,0.01,0.2,30,29.6
Banana,34.7,73.2,10.773,11.4,20,0.0
Onion,18.0,64.4,0.032,20.1,180,156.1
Tomato,34.8,66.9,9.637,18.1,21,0.0
Apple,31.8,52.2,1.524,11.4,180,0.0
Onion,37.5,63.1,2.168,168.1,180,0.0
Spinach,0.5,100.0,0.08,3.9,12,7.5
Strawberry,6.9,80.5,1.738,2.9,5,0.0
Potato,10.3,92.2,0.01,0.7,200,199.2
Mango,32.3,66.0,8.596,10.0,21,0.0
Potato,11.6,95.6,0.123,62.6,200,112.0
Cucumber,11.5,100.0,0.127,6.3,14,5.7
Grapes,-0.2,91.1,0.166,25.4,45,14.1
Carrot,-1.7,93.8,0.134,15.3,30,8.6
Strawberry,0.3,88.3,0.128,0.5,5,4.3
Potato,32.2,57.4,1.267,99.1,200,0.0
Cucumber,13.1,91.4,0.229,4.7,14,7.3
Spinach,-0.3,96.8,0.145,8.7,12,1.5
Cucumber,11.0,87.8,0.252,6.9,14,2.5
Grapes,34.1,65.9,9.002,24.5,45,0.0
Onion,27.0,53.8,0.671,152.8,180,0.0
Spinach,29.7,55.5,2.221,6.0,12,0.0
Grapes,30.0,80.2,3.907,14.7,45,0.0
Strawberry,4.3,91.4,0.598,1.3,5,2.5
Onion,33.9,58.6,0.621,74.8,180,0.0
Potato,21.7,78.9,1.163,176.8,200,0.0
Bell Pepper,9.2,95.4,0.415,11.7,18,0.0
Onion,18.3,73.2,0.341,159.4,180,0.0
Carrot,36.0,83.0,2.394,6.7,30,0.0
Orange,11.7,75.7,0.995,59.1,70,0.0
Tomato,30.3,57.6,4.113,11.8,21,0.0
Tomato,14.4,85.7,0.071,1.4,21,19.3
Tomato,16.8,93.0,1.267,11.8,21,0.0
Cucumber,37.3,57.3,6.958,13.2,14,0.0
Banana,15.4,88.1,1.547,16.1,20,0.0
Onion,19.8,73.1,0.324,162.4,180,0.0
Banana,29.7,71.1,6.372,10.1,20,0.0
Tomato,17.2,86.7,0.091,1.0,21,19.8
Banana,14.2,93.5,0.612,5.2,20,10.9
Grapes,12.1,75.0,0.874,22.0,45,0.0
Mango,12.0,87.0,1.53,14.1,21,0.0
Apple,1.1,91.3,0.089,14.8,180,163.5
Mango,12.6,88.8,1.186,11.6,21,0.0
Spinach,32.0,70.7,4.439,10.1,12,0.0
Grapes,-0.6,90.1,0.371,31.6,45,0.0
Cucumber,37.0,73.9,0.946,1.5,14,0.0
Broccoli,12.5,94.4,0.24,4.9,18,0.0
Mango,12.2,93.6,0.971,8.8,21,1.7
Cucumber,12.1,94.3,0.294,6.7,14,4.8
Grapes,-2.0,100.0,0.051,5.8,45,36.3
Strawberry,33.5,80.4,15.0,3.6,5,0.0
Apple,37.0,52.5,10.879,46.0,180,0.0
Cucumber,31.3,61.9,2.52,11.9,14,0.0
Mango,32.2,62.0,11.509,13.7,21,0.0
Broccoli,11.6,87.1,0.523,7.6,18,0.0
Onion,35.4,79.3,0.382,36.5,180,0.0
Spinach,29.2,74.8,0.643,2.7,12,0.0
Cucumber,10.2,100.0,0.089,2.8,14,10.4
Broccoli,34.0,58.5,3.851,5.7,18,0.0
Spinach,36.6,61.9,0.751,1.4,12,0.0
Cucumber,11.5,95.6,0.054,1.6,14,12.3
Banana,25.1,79.9,5.501,13.6,20,0.0
Onion,18.0,69.4,0.196,121.3,180,17.6
Bell Pepper,18.6,86.6,0.396,4.5,18,3.5
Spinach,2.0,98.7,0.11,4.9,12,6.3
Mango,14.2,98.7,0.214,1.6,21,18.5
Bell Pepper,19.0,87.2,0.542,7.2,18,0.0
Grapes,12.4,84.2,0.137,3.1,45,30.5
Cucumber,9.8,99.1,0.158,5.5,14,6.5
Onion,29.0,47.2,0.215,34.4,180,0.0
Strawberry,35.3,64.3,15.0,3.0,5,0.0
Spinach,2.2,100.0,0.133,5.7,12,5.0
Cucumber,36.3,72.8,2.989,6.2,14,0.0
Broccoli,0.5,95.8,0.382,16.7,18,0.0
Orange,12.0,76.4,0.725,46.3,70,0.0
Onion_Green,29.3,81.2,3.336,9.4,25,0.0
Tomato,20.4,83.8,0.16,1.1,21,19.3
Cucumber,12.9,94.9,0.327,7.0,14,4.0
Orange,5.4,93.4,0.382,43.4,70,0.0
Banana,30.3,67.3,11.738,16.8,20,0.0
Grapes,-1.9,92.4,0.278,29.8,45,3.1
Bell Pepper,10.8,92.9,0.447,11.6,18,0.1
Strawberry,14.2,78.4,0.823,1.1,5,0.0
Cucumber,28.7,51.6,0.354,2.1,14,0.0
Apple,1.0,93.2,0.579,93.2,180,21.4
Onion,16.8,75.5,0.06,33.2,180,84.8
Grapes,33.3,50.9,5.475,20.6,45,0.0
Potato,8.7,96.7,0.03,20.1,200,176.8
Onion,34.4,68.8,1.088,128.1,180,0.0
Onion_Green,-2.0,100.0,0.08,5.3,25,18.5
Spinach,0.3,98.5,0.089,7.0,12,4.1
Potato,9.0,95.4,0.211,155.3,200,0.0
Strawberry,3.3,91.2,0.801,1.9,5,1.0
Potato,9.3,94.4,0.073,53.6,200,139.8
Cucumber,10.0,92.2,0.084,2.2,14,11.4
Spinach,13.1,84.5,0.234,4.5,12,0.0
Onion_Green,2.2,100.0,0.14,6.1,25,17.0
Onion,33.7,67.8,1.273,143.6,180,0.0
Onion_Green,2.2,100.0,0.181,7.9,25,14.3
Apple,8.7,74.0,1.725,140.7,180,0.0
Potato,9.8,95.9,0.191,89.9,200,79.5
Grapes,34.4,57.9,3.024,9.4,45,0.0
Potato,34.8,71.2,1.115,69.8,200,0.0
Orange,5.7,85.1,0.307,35.9,70,19.1
Carrot,37.0,71.7,5.635,13.8,30,0.0
Onion_Green,1.9,97.9,0.131,7.8,25,15.5
Strawberry,-0.9,94.9,0.894,3.6,5,0.0
Onion_Green,0.1,98.0,0.216,11.9,25,9.9
Apple,1.1,85.9,0.335,49.8,180,95.6
Tomato,17.8,93.1,1.745,15.3,21,0.0
Tomato,15.7,86.2,1.053,11.3,21,0.0
Bell Pepper,30.8,65.4,0.375,1.2,18,0.4
Carrot,2.5,98.0,0.07,6.7,30,22.4
Onion,32.6,78.9,0.476,72.4,180,0.0
Broccoli,-1.8,94.8,0.034,2.2,18,15.4
Spinach,3.0,96.3,0.13,5.1,12,5.7
Spinach,-2.0,100.0,0.034,3.1,12,8.1
Strawberry,-0.9,88.3,0.789,3.0,5,0.0
Strawberry,31.1,70.2,15.0,3.5,5,0.0
Mango,11.5,92.0,1.018,8.4,21,2.0
Grapes,30.1,83.3,8.784,33.5,45,0.0
Bell Pepper,20.4,86.4,1.052,12.1,18,0.0
Strawberry,-0.1,89.9,1.279,3.8,5,0.0
Orange,37.5,81.2,5.631,21.4,70,0.0
Grapes,-0.6,93.4,0.229,17.7,45,22.2
Tomato,16.2,89.9,0.825,9.4,21,1.9
Cucumber,24.7,77.4,0.954,8.3,14,0.0
Spinach,-0.4,94.6,0.123,7.7,12,2.5
Bell Pepper,8.4,95.0,0.488,14.7,18,0.0
Mango,13.4,92.0,2.322,17.3,21,0.0
Potato,10.7,95.8,0.027,24.5,200,170.5
Grapes,37.0,73.1,14.359,31.3,45,0.0
Potato,7.8,89.8,0.051,38.1,200,157.3
Bell Pepper,34.7,70.3,7.515,14.4,18,0.0
Orange,28.9,80.0,2.702,32.2,70,0.0
Mango,13.6,93.3,2.707,18.5,21,0.0
Orange,15.8,75.7,1.001,40.1,70,0.0
Strawberry,0.1,99.1,0.854,3.1,5,0.0
Bell Pepper,10.8,95.9,0.37,7.1,18,7.1
Banana,12.3,93.7,2.36,18.9,20,0.0
Bell Pepper,10.2,92.5,0.188,4.3,18,12.7
Potato,7.2,94.2,0.023,20.2,200,178.1
Orange,1.6,89.7,0.031,4.3,70,64.5
Onion,18.7,72.5,0.197,113.2,180,17.3
Strawberry,-0.7,100.0,0.808,2.9,5,0.0
Spinach,13.1,79.3,0.083,1.6,12,1.7
Grapes,0.1,94.3,0.3,26.1,45,8.9
Mango,18.1,71.1,4.602,19.6,21,0.0
Carrot,-0.2,100.0,0.086,9.9,30,18.4
Tomato,19.0,87.1,0.394,3.9,21,14.7
Carrot,1.7,96.4,0.125,14.2,30,13.5
Onion,19.9,67.7,0.246,108.0,180,40.0
Onion_Green,28.2,55.1,5.71,19.7,25,0.0
Bell Pepper,31.6,82.8,4.654,14.4,18,0.0
Carrot,1.8,97.4,0.154,13.5,30,13.8
Banana,12.7,90.5,1.85,15.2,20,0.0
Strawberry,36.2,74.0,15.0,4.0,5,0.0
Apple,30.9,59.2,7.55,51.9,180,0.0
Grapes,0.2,91.1,0.058,5.2,45,39.4
Cucumber,28.8,51.4,0.921,4.5,14,0.0
Bell Pepper,35.7,77.5,5.061,7.9,18,0.0
Potato,6.0,92.2,0.039,32.0,200,162.5
Cucumber,14.1,95.4,0.477,13.0,14,0.0
Carrot,6.7,94.8,0.05,2.3,30,26.0
Cucumber,8.2,100.0,0.095,3.6,14,8.6
Broccoli,8.4,75.2,0.493,9.3,18,0.0
Potato,34.3,55.8,0.872,59.9,200,0.0
Carrot,36.5,84.4,5.354,19.8,30,0.0
Onion,30.9,55.4,0.348,60.0,180,0.0
Broccoli,10.6,89.2,1.035,16.8,18,0.0
Apple,3.7,97.9,0.317,50.9,180,94.5
Spinach,11.8,85.4,0.078,1.3,12,6.1
Cucumber,10.7,100.0,0.31,7.1,14,3.0
Grapes,33.0,83.3,4.017,21.6,45,0.0
Mango,31.8,68.3,4.053,5.9,21,0.0
Banana,14.4,95.5,1.928,14.5,20,0.0
Spinach,12.2,89.2,0.018,0.3,12,10.7
Grapes,0.1,97.6,0.088,7.0,45,36.0
Mango,13.2,94.7,0.908,7.1,21,6.0
Cucumber,31.6,58.2,3.538,12.4,14,0.0
Cucumber,13.7,100.0,0.237,5.4,14,5.6
Cucumber,37.9,62.8,3.197,6.1,14,0.0
Orange,32.1,57.3,4.766,36.3,70,0.0
Grapes,2.3,92.5,0.142,9.4,45,33.0
Onion_Green,2.0,97.2,0.068,2.7,25,21.9
Onion,21.2,80.3,0.306,152.3,180,0.0
Mango,13.3,100.0,1.227,9.1,21,0.0
Mango,10.8,89.9,1.768,17.3,21,0.0
Orange,15.6,89.4,0.515,20.2,70,0.0
Banana,30.9,79.6,1.581,2.3,20,0.0
Apple,30.1,64.2,6.23,57.3,180,0.0
Potato,11.7,93.9,0.082,38.6,200,149.4
Banana,37.4,78.4,6.097,4.3,20,0.0
Tomato,34.7,64.4,7.987,13.7,21,0.0
Orange,34.9,59.7,4.979,29.8,70,0.0
Mango,11.6,100.0,1.057,9.5,21,0.0
Carrot,12.3,91.3,0.083,2.1,30,21.9
Potato,8.8,93.6,0.125,69.4,200,119.5
Strawberry,-1.2,96.5,0.676,2.4,5,0.2
Mango,12.6,95.0,0.469,3.9,21,14.8
Strawberry,0.3,92.6,0.899,4.0,5,0.0
Grapes,12.2,84.6,1.645,40.0,45,0.0
Spinach,3.3,100.0,0.099,5.8,12,4.6
Grapes,3.6,92.3,0.504,29.5,45,0.0
Banana,16.6,92.2,1.712,12.3,20,0.0
Spinach,36.9,64.2,0.378,0.5,12,0.0
Banana,29.5,84.3,9.745,15.8,20,0.0
Strawberry,0.8,90.6,1.334,3.9,5,0.0
Apple,13.2,89.7,1.412,88.3,180,0.0
Orange,5.5,94.4,0.611,64.5,70,0.0
Tomato,16.7,86.1,1.631,19.4,21,0.0
Onion_Green,9.4,90.3,0.935,17.0,25,0.0
Strawberry,0.0,89.3,0.955,3.5,5,0.0
Grapes,0.5,92.0,0.425,34.5,45,0.0
Grapes,-0.8,96.1,0.237,26.7,45,8.0
Potato,15.0,81.7,0.417,156.5,200,0.0
Mango,10.1,95.2,0.47,4.3,21,13.4
Potato,9.5,92.7,0.019,14.3,200,185.1
Banana,29.6,66.8,6.844,9.2,20,0.0
Grapes,2.5,98.6,0.348,22.5,45,4.7
Grapes,-0.6,87.9,0.333,29.5,45,0.0
Onion_Green,-1.3,100.0,0.295,15.7,25,2.5
Carrot,10.1,89.3,0.296,11.1,30,0.0
Spinach,28.2,52.0,2.768,10.5,12,0.0
Spinach,8.2,90.3,0.22,6.3,12,0.0
Broccoli,-0.5,96.9,0.311,16.7,18,0.0
Grapes,2.4,95.1,0.011,0.6,45,44.3
Orange,4.9,87.2,0.013,1.4,70,68.6
Carrot,-0.8,100.0,0.24,26.8,30,0.0
Orange,31.3,52.5,7.741,66.1,70,0.0
Potato,10.1,89.2,0.011,6.1,200,193.1
Broccoli,28.1,77.4,0.531,1.1,18,0.0
Mango,21.9,82.0,4.663,12.5,21,0.0
Strawberry,0.9,98.8,0.301,0.9,5,3.6
Carrot,1.1,93.7,0.086,8.2,30,20.2
Potato,6.6,97.8,0.067,44.6,200,140.2
Apple,11.7,79.0,0.669,46.9,180,0.0
Strawberry,37.5,50.5,15.0,2.1,5,0.0
Grapes,32.0,78.2,1.569,5.0,45,0.0
Cucumber,28.8,54.9,1.923,7.7,14,0.0
Carrot,28.5,67.4,1.694,9.5,30,0.0
Spinach,34.9,73.8,1.767,2.6,12,0.0
Orange,7.0,86.3,0.322,39.1,70,12.2
Onion_Green,29.4,71.8,1.828,7.8,25,0.0
Banana,35.8,56.7,3.177,3.0,20,0.0
Strawberry,9.9,84.5,3.674,4.1,5,0.0
Mango,13.0,89.5,0.367,3.3,21,16.1
Orange,12.7,82.0,1.318,64.8,70,0.0
Apple,3.7,93.6,1.106,123.6,180,0.0
Apple,0.6,99.9,0.344,70.1,180,54.5
Apple,1.2,98.9,0.035,4.9,180,173.5
Spinach,8.8,80.5,0.312,10.6,12,0.0
Onion_Green,37.1,80.5,3.714,7.2,25,0.0
Orange,6.2,92.5,0.101,9.7,70,57.3
Cucumber,18.5,86.2,0.72,10.7,14,0.0
Cucumber,32.7,68.7,1.037,3.3,14,0.0
Bell Pepper,9.4,94.5,0.588,16.1,18,0.0
Banana,26.6,73.3,4.076,11.3,20,0.0
Carrot,1.1,97.8,0.206,27.9,30,0.0
Bell Pepper,32.9,72.0,3.49,11.0,18,0.0
Grapes,37.7,68.8,10.35,21.4,45,0.0
Bell Pepper,19.2,79.0,0.107,1.0,18,14.1
Cucumber,11.4,93.0,0.292,9.5,14,0.9
Potato,9.8,100.0,0.286,148.1,200,0.0
Onion_Green,-0.5,97.3,0.124,7.9,25,15.9
Strawberry,4.5,83.6,1.364,3.6,5,0.0
Potato,21.4,84.9,0.887,151.7,200,0.0
Broccoli,0.2,96.5,0.023,0.9,18,17.1
Potato,30.3,55.8,1.902,144.3,200,0.0
Carrot,31.4,84.0,4.576,16.7,30,0.0
Orange,37.0,67.9,11.751,60.2,70,0.0
Spinach,-0.2,100.0,0.154,10.4,12,0.0
Grapes,-0.4,92.6,0.079,8.2,45,35.9
Potato,7.6,86.4,0.22,171.4,200,0.0
Strawberry,11.0,80.8,1.193,1.3,5,0.0
Potato,7.5,91.1,0.172,140.0,200,26.8
Onion_Green,28.2,71.9,3.239,12.3,25,0.0
Bell Pepper,21.8,72.5,1.37,13.2,18,0.0
Carrot,2.5,100.0,0.092,8.2,30,20.2
Apple,2.9,98.9,0.809,110.5,180,0.0
Onion,35.2,59.9,1.022,98.3,180,0.0
Apple,13.6,78.4,0.175,7.5,180,139.2
Carrot,28.2,72.3,1.407,8.8,30,0.0
Spinach,33.3,75.6,0.356,1.2,12,0.0
Potato,19.3,80.6,0.18,46.3,200,0.0
Tomato,35.4,50.6,4.181,7.3,21,0.0
Spinach,-0.6,95.3,0.035,2.5,12,9.2
Grapes,31.0,57.4,6.566,23.9,45,0.0
Grapes,36.7,70.9,15.0,39.2,45,0.0
Broccoli,8.2,92.4,0.148,3.3,18,9.0
Grapes,35.9,83.7,3.998,10.0,45,0.0
Orange,4.5,90.3,0.442,58.6,70,0.0
Tomato,16.9,84.8,0.484,4.5,21,13.7
Apple,3.2,100.0,0.949,112.8,180,0.0
Potato,10.7,93.5,0.073,40.5,200,151.7
Strawberry,11.4,83.0,1.66,2.7,5,0.0
Bell Pepper,10.1,88.7,0.698,17.0,18,0.0
Strawberry,1.3,93.4,1.337,4.5,5,0.0
Carrot,35.4,74.1,6.832,21.5,30,0.0
Banana,35.4,74.3,5.124,5.0,20,0.0
Orange,35.0,53.9,6.169,32.9,70,0.0
Tomato,34.9,73.3,3.719,7.4,21,0.0
Carrot,29.1,53.4,3.715,26.8,30,0.0
Orange,28.3,84.2,1.205,13.3,70,0.0
Strawberry,7.7,85.4,1.503,3.0,5,0.0
Cucumber,11.0,93.9,0.38,12.2,14,0.0
Strawberry,33.9,57.8,15.0,2.8,5,0.0
Carrot,2.3,99.2,0.195,15.5,30,10.0
Strawberry,35.7,84.0,15.0,4.7,5,0.0
Mango,14.3,91.2,1.039,7.7,21,3.4
Carrot,1.8,94.5,0.032,2.8,30,26.9
Spinach,2.7,97.3,0.037,2.1,12,9.7
Onion_Green,35.7,84.9,1.375,1.8,25,0.0
Bell Pepper,8.4,93.0,0.016,0.4,18,17.6
Orange,6.9,88.8,0.081,6.6,70,62.2
Onion,32.3,59.0,1.167,145.4,180,0.0
Carrot,2.0,99.8,0.238,21.3,30,1.5
Strawberry,2.1,92.7,0.042,0.1,5,4.8
Onion_Green,1.6,96.2,0.01,0.5,25,24.5
Apple,12.9,79.5,2.126,113.8,180,0.0
Carrot,36.7,68.3,8.732,26.0,30,0.0
Cucumber,27.0,76.8,1.45,8.3,14,0.0
Carrot,1.1,96.5,0.3,27.7,30,0.0
Cucumber,29.6,83.7,0.789,4.3,14,0.0
Bell Pepper,35.2,52.9,5.282,11.5,18,0.0
Strawberry,13.1,81.1,3.076,3.2,5,0.0
Onion_Green,29.6,62.0,1.015,3.9,25,0.0
Onion,20.2,71.2,0.303,121.1,180,4.0
Strawberry,-0.9,97.1,0.097,0.4,5,4.5
Orange,4.4,94.5,0.126,19.3,70,41.4
Carrot,34.5,60.4,7.612,26.5,30,0.0
Onion,31.4,64.9,0.282,44.4,180,2.4
Banana,16.0,96.3,1.983,14.3,20,0.0
Grapes,-2.0,89.6,0.264,31.0,45,0.0
Carrot,0.9,95.5,0.089,8.2,30,20.7
Strawberry,37.4,50.3,15.0,3.5,5,0.0
Carrot,0.3,100.0,0.246,25.9,30,0.0
Carrot,14.0,79.9,0.063,1.5,30,20.2
Spinach,-1.0,100.0,0.01,0.4,12,11.5
Onion_Green,9.0,87.2,0.519,15.1,25,0.0
Tomato,18.0,92.2,0.421,4.0,21,14.2
Banana,12.8,89.3,1.184,10.4,20,0.0
Tomato,16.9,88.4,1.786,19.9,21,0.0
Mango,14.9,87.5,0.679,4.4,21,12.0
Grapes,33.2,56.4,0.325,1.0,45,11.5
Spinach,6.6,85.4,0.248,8.0,12,0.0
Bell Pepper,19.4,79.2,1.426,11.5,18,0.0
Broccoli,31.9,66.4,2.002,2.9,18,0.0
Apple,15.3,76.5,2.554,151.7,180,0.0
Carrot,0.4,96.0,0.01,0.4,30,29.6
Grapes,-2.0,100.0,0.175,31.1,45,0.0
Strawberry,1.1,94.0,0.376,1.5,5,2.7
Spinach,0.7,100.0,0.068,3.7,12,7.8
Apple,2.4,87.2,0.796,105.8,180,0.0
Onion_Green,-0.8,89.6,0.275,19.7,25,0.0
Strawberry,35.9,77.4,5.175,0.6,5,0.0
Potato,15.8,74.8,0.5,141.1,200,0.0
Bell Pepper,8.0,95.1,0.113,3.2,18,14.0
Spinach,11.6,87.5,0.071,1.4,12,6.3
Grapes,12.6,77.2,1.177,32.4,45,0.0
Broccoli,1.5,100.0,0.469,16.5,18,0.0
Mango,35.8,50.9,11.837,10.0,21,0.0
Strawberry,0.6,100.0,0.302,0.9,5,3.4
Apple,5.3,93.8,0.55,61.2,180,60.0
Strawberry,1.1,88.1,1.35,4.1,5,0.0
Spinach,9.3,84.1,0.248,6.3,12,0.0
Onion_Green,28.5,74.5,3.231,10.5,25,0.0
Strawberry,0.8,96.1,1.356,4.0,5,0.0
Banana,32.8,59.8,12.329,13.6,20,0.0
Onion_Green,-0.1,100.0,0.288,21.9,25,0.0
Orange,36.5,53.8,9.71,54.3,70,0.0
Mango,11.4,96.9,0.181,1.7,21,18.6
Orange,3.1,97.7,0.295,40.6,70,0.0
Orange,17.9,71.9,1.234,42.0,70,0.0
Bell Pepper,9.5,88.0,0.375,10.8,18,0.8
Spinach,1.4,100.0,0.113,7.2,12,3.5
Apple,34.4,81.0,6.487,34.3,180,0.0
Potato,10.3,91.9,0.447,176.2,200,0.0
Tomato,15.7,83.8,0.779,14.0,21,0.0
Onion_Green,35.7,59.7,3.118,5.8,25,0.0
Onion,35.8,63.1,1.492,130.8,180,0.0
Grapes,0.8,93.9,0.487,40.3,45,0.0
Strawberry,1.3,85.6,0.112,0.3,5,4.6
Carrot,7.6,100.0,0.609,27.4,30,0.0
Onion,31.0,53.4,0.522,89.0,180,0.0
Onion,20.8,66.1,0.194,81.4,180,77.4
Tomato,35.1,68.3,2.153,3.3,21,0.0
Tomato,16.7,85.3,1.877,19.5,21,0.0
Strawberry,1.4,90.6,0.827,2.3,5,0.4
Broccoli,-0.5,100.0,0.135,7.6,18,8.8
Onion,31.0,51.0,0.717,117.4,180,0.0
Banana,32.6,75.3,1.423,1.6,20,1.2
Strawberry,30.0,50.1,15.0,4.1,5,0.0
Strawberry,1.2,92.9,0.053,0.2,5,4.8
Strawberry,0.2,89.8,1.666,4.3,5,0.0
Tomato,24.8,69.8,3.691,17.5,21,0.0
Cucumber,12.1,96.2,0.04,1.2,14,12.7
Carrot,37.0,71.4,5.813,14.3,30,0.0
Orange,19.6,78.2,1.976,54.0,70,0.0
Banana,32.6,57.1,0.365,0.6,20,10.8
Grapes,33.0,63.9,11.171,35.9,45,0.0
Onion,29.3,62.3,0.283,52.2,180,9.9
Broccoli,2.1,100.0,0.159,5.2,18,11.2
Banana,15.9,87.2,2.049,13.4,20,0.0
Banana,21.6,89.6,5.508,18.3,20,0.0
Tomato,23.7,72.5,0.171,1.0,21,17.2
Spinach,0.8,97.4,0.082,6.0,12,5.4
Grapes,-0.4,87.2,0.469,39.0,45,0.0
Onion,38.0,60.6,0.927,58.3,180,0.0
Potato,31.3,77.6,2.84,169.4,200,0.0
Cucumber,31.7,64.3,1.466,5.8,14,0.0
Cucumber,32.4,56.2,0.255,1.1,14,0.0
Carrot,-2.0,100.0,0.114,17.9,30,5.7
Bell Pepper,34.1,50.7,3.062,8.9,18,0.0
Grapes,3.4,71.8,0.293,13.5,45,0.0
Grapes,-1.2,84.5,0.429,39.6,45,0.0
Mango,28.5,72.1,5.593,7.1,21,0.0
Broccoli,-0.3,100.0,0.114,4.0,18,13.3
Spinach,1.2,100.0,0.184,10.4,12,0.0
Mango,13.3,96.8,1.486,15.3,21,0.0
Potato,9.5,96.2,0.283,163.7,200,0.0
Tomato,28.4,71.5,3.611,13.9,21,0.0
Tomato,36.5,70.6,2.494,3.3,21,0.0
Broccoli,8.3,90.9,0.69,12.9,18,0.0
Banana,33.5,71.5,15.0,17.7,20,0.0
Bell Pepper,31.2,58.9,2.705,8.9,18,0.0
Tomato,31.6,79.3,6.724,16.5,21,0.0
Banana,36.7,63.7,0.452,0.4,20,13.8
Broccoli,-0.3,99.0,0.237,12.2,18,2.2
Banana,13.9,93.3,0.693,6.3,20,8.4
Bell Pepper,9.6,92.6,0.285,7.5,18,8.0
Potato,8.6,93.6,0.01,1.2,200,198.8
Onion,16.0,75.2,0.196,167.6,180,0.0
Strawberry,34.3,52.8,6.775,0.6,5,0.0
Broccoli,36.3,56.1,5.328,7.1,18,0.0
Tomato,24.4,70.1,1.584,8.8,21,0.0
Orange,5.2,84.9,0.25,43.7,70,11.2
Carrot,28.6,82.1,0.818,5.0,30,0.0
Carrot,37.0,81.8,7.378,21.1,30,0.0
Orange,3.7,81.0,0.184,39.9,70,8.8
Grapes,35.6,73.6,9.744,20.0,45,0.0
Onion_Green,4.1,86.7,0.455,22.1,25,0.0
Banana,36.6,78.6,1.276,1.3,20,2.3
Bell Pepper,30.0,51.2,3.891,16.7,18,0.0
Tomato,28.1,50.2,2.578,10.1,21,0.0
Onion,29.0,59.4,0.215,41.4,180,42.1
Apple,0.8,87.8,0.333,51.6,180,99.8
Bell Pepper,11.3,96.0,0.835,16.5,18,0.0
Strawberry,29.5,84.8,15.0,3.1,5,0.0
Mango,10.9,91.5,0.933,8.6,21,1.9
Grapes,0.2,97.1,0.298,21.4,45,12.8
Apple,8.3,75.5,0.887,57.3,180,0.0
Orange,38.0,60.6,11.342,58.4,70,0.0
Cucumber,34.1,60.9,3.744,10.6,14,0.0
Carrot,-0.9,100.0,0.068,11.0,30,16.8
Apple,3.8,89.9,0.108,15.5,180,160.1
Spinach,31.4,83.7,0.125,0.3,12,4.7
Potato,8.1,100.0,0.159,111.4,200,25.2
Cucumber,25.1,80.0,1.37,9.1,14,0.0
Spinach,2.5,100.0,0.258,11.3,12,0.0
Bell Pepper,37.0,73.6,3.151,5.0,18,0.0
Bell Pepper,11.0,93.5,0.152,4.0,18,13.1
Bell Pepper,12.3,89.7,0.206,4.3,18,11.9
Grapes,30.5,82.9,1.865,9.3,45,0.0
Cucumber,36.3,66.8,4.802,11.7,14,0.0
Bell Pepper,30.3,70.5,1.137,3.4,18,0.0
Spinach,3.2,96.0,0.044,2.3,12,9.4
Tomato,15.2,96.6,0.9,11.8,21,0.0
Grapes,11.8,82.5,0.985,27.2,45,0.0
Bell Pepper,37.4,60.8,6.802,14.0,18,0.0
Strawberry,2.3,97.3,0.624,2.1,5,0.9
Orange,15.2,82.9,0.826,36.3,70,0.0
Onion,28.1,54.1,0.58,158.0,180,0.0
Potato,6.2,91.4,0.291,187.0,200,0.0
Potato,9.3,89.0,0.26,144.5,200,0.0
Strawberry,33.6,73.4,10.515,1.6,5,0.0
Bell Pepper,9.0,100.0,0.138,3.2,18,13.0
Apple,13.2,86.6,2.553,104.3,180,0.0
Tomato,15.4,87.1,0.021,0.4,21,20.6
Orange,7.8,87.6,0.583,51.5,70,0.0
Apple,32.6,60.5,15.0,107.7,180,0.0
Mango,16.4,92.7,1.16,6.6,21,3.7
Broccoli,0.3,97.4,0.413,13.7,18,0.0
Broccoli,-0.9,98.7,0.109,5.4,18,11.7
Spinach,-0.5,100.0,0.088,4.2,12,7.0
Potato,30.2,73.2,1.08,82.7,200,0.0
Broccoli,-1.1,93.9,0.303,16.9,18,0.0
Tomato,16.3,84.5,2.077,19.6,21,0.0
Banana,24.3,85.2,1.139,3.0,20,5.7
Onion,20.3,67.3,0.329,133.5,180,0.0
Onion,24.9,53.6,0.469,114.1,180,0.0
Tomato,36.7,55.4,9.917,16.4,21,0.0
Onion_Green,5.3,92.3,0.481,16.3,25,0.0
Onion,38.0,77.6,2.145,150.0,180,0.0
Spinach,1.4,92.4,0.026,1.7,12,9.9
Tomato,35.4,84.9,10.0,15.4,21,0.0
Strawberry,-2.0,94.4,0.518,2.4,5,0.7
Broccoli,37.1,51.9,1.165,1.5,18,0.0
Onion,27.5,54.1,0.544,100.7,180,0.0
Spinach,-0.8,97.2,0.082,5.3,12,5.8
Cucumber,19.0,86.9,0.119,1.4,14,10.2
Banana,22.4,81.5,2.143,8.0,20,0.0
Onion,19.0,67.9,0.296,145.3,180,0.0
Onion_Green,3.3,97.9,0.242,11.0,25,8.3
Onion_Green,37.2,80.9,13.902,20.0,25,0.0
Cucumber,11.7,100.0,0.145,3.8,14,9.0
Orange,15.3,76.4,1.51,57.0,70,0.0
Onion,20.6,68.1,0.192,78.5,180,82.6
Mango,12.8,91.3,0.616,5.3,21,11.7
Orange,18.5,73.3,0.491,13.6,70,0.0
Strawberry,-1.0,91.8,0.979,3.8,5,0.0
Bell Pepper,9.6,97.0,0.706,14.7,18,0.0
Tomato,30.1,72.4,4.443,15.9,21,0.0
Potato,9.8,93.2,0.135,84.3,200,98.8
Broccoli,29.6,74.1,4.427,10.2,18,0.0
Onion_Green,10.7,87.6,0.138,2.4,25,15.0
Carrot,32.0,63.4,5.728,18.8,30,0.0
Onion,29.0,66.3,0.172,33.5,180,84.6
Tomato,15.5,96.8,0.286,4.0,21,13.3
Carrot,8.8,86.0,0.135,5.3,30,12.7
Tomato,34.5,58.2,1.428,3.0,21,0.0
Spinach,-0.2,95.7,0.055,3.7,12,7.9
Strawberry,33.8,78.9,5.517,0.7,5,0.0
Tomato,34.2,72.2,1.659,4.5,21,0.0
Carrot,-0.9,100.0,0.142,14.7,30,11.0
Apple,37.4,67.1,4.077,19.8,180,0.0
Potato,29.2,72.9,0.668,56.3,200,0.0
Cucumber,37.8,50.1,0.91,1.7,14,0.0
Tomato,16.6,96.9,0.563,7.1,21,4.9
Mango,25.1,84.7,3.005,6.1,21,0.0
Bell Pepper,7.8,100.0,0.505,16.0,18,0.0
Onion,17.6,69.6,0.212,105.2,180,33.4
Grapes,19.2,82.3,2.839,28.5,45,0.0
Onion,32.2,64.0,0.874,99.1,180,0.0
Onion_Green,-1.5,92.4,0.166,13.9,25,5.2
Orange,32.0,58.6,1.792,15.1,70,0.0
Broccoli,31.9,68.8,6.736,11.1,18,0.0
Tomato,37.0,58.7,10.99,17.3,21,0.0
Carrot,0.7,97.8,0.235,22.5,30,1.2
Bell Pepper,37.6,59.1,9.584,14.0,18,0.0
Carrot,28.6,70.9,2.705,20.5,30,0.0
Strawberry,0.2,96.1,0.415,1.2,5,3.1
Spinach,29.0,53.7,2.553,9.1,12,0.0
Bell Pepper,18.1,83.6,0.572,6.0,18,0.0
Mango,13.7,90.1,1.683,10.5,21,0.0
Banana,25.9,82.5,3.477,8.0,20,0.0
Strawberry,12.9,73.4,4.051,3.8,5,0.0
Broccoli,36.5,57.2,12.103,13.3,18,0.0
Onion_Green,-1.9,100.0,0.203,17.0,25,1.9
Orange,34.9,70.0,8.903,47.1,70,0.0
Carrot,2.3,99.9,0.206,16.4,30,8.4
Spinach,35.5,50.2,1.562,3.4,12,0.0
Strawberry,0.9,97.7,0.337,2.0,5,1.9
Tomato,28.5,56.5,1.687,6.0,21,0.0
Orange,33.7,57.6,1.034,8.3,70,0.0
Mango,14.5,91.7,0.122,0.7,21,20.2
Bell Pepper,10.1,89.5,0.337,6.9,18,7.9
Carrot,36.7,72.4,7.678,26.5,30,0.0
Strawberry,31.8,70.2,3.975,0.5,5,0.0
Onion,21.2,77.9,0.018,8.1,180,154.7
Mango,14.0,97.7,1.233,9.1,21,0.0
Banana,11.6,93.3,0.188,1.9,20,17.4
Tomato,16.0,88.8,1.327,17.1,21,0.0
Grapes,1.2,99.3,0.348,20.5,45,9.0
Strawberry,3.2,91.0,0.056,0.2,5,4.8
Apple,3.1,88.1,1.107,153.0,180,0.0
Bell Pepper,37.3,61.8,2.935,4.5,18,0.0
Strawberry,32.0,81.5,9.3,1.3,5,0.0
Mango,9.3,95.8,0.123,1.1,21,19.4
Orange,34.1,77.3,2.951,30.0,70,0.0
Cucumber,33.1,66.8,1.657,4.6,14,0.0
Tomato,31.9,74.8,0.579,1.5,21,9.8
Broccoli,1.1,100.0,0.128,4.7,18,12.2
Broccoli,0.9,98.2,0.173,7.5,18,8.8
Strawberry,15.9,80.7,0.61,0.5,5,1.6
Onion_Green,28.2,52.3,2.625,10.9,25,0.0
Orange,30.2,82.4,1.771,15.5,70,0.0
Banana,34.1,52.8,12.617,12.2,20,0.0
Cucumber,11.4,98.8,0.099,2.7,14,10.8
Spinach,1.8,92.9,0.043,3.7,12,7.5
Banana,14.0,91.4,2.464,18.9,20,0.0
Carrot,0.8,96.9,0.062,6.5,30,23.0
Onion_Green,12.1,83.1,0.888,15.3,25,0.0
Onion,33.5,55.0,0.597,54.9,180,0.0
Onion_Green,9.0,91.8,0.075,2.0,25,19.1
Apple,10.7,85.6,2.445,165.5,180,0.0
Cucumber,37.0,60.2,0.973,2.2,14,0.0
Banana,29.1,66.2,1.835,3.5,20,0.0
Orange,16.0,80.4,2.003,63.5,70,0.0
Grapes,2.1,93.4,0.085,5.7,45,38.2
Spinach,3.3,98.2,0.228,10.8,12,0.0
Bell Pepper,33.8,54.3,3.327,8.0,18,0.0
Spinach,1.9,100.0,0.086,4.4,12,6.9
Orange,4.6,86.0,0.178,21.4,70,43.6
Banana,36.5,80.7,15.0,12.6,20,0.0
Apple,0.7,93.4,0.173,24.1,180,150.5
Banana,16.0,92.4,1.812,10.4,20,0.0
Cucumber,11.0,100.0,0.437,10.9,14,0.0
Strawberry,14.9,81.1,0.735,0.6,5,1.1
Banana,37.6,64.4,15.0,15.6,20,0.0
Broccoli,19.0,95.8,2.118,13.3,18,0.0
Broccoli,-1.9,95.5,0.073,5.5,18,11.5
Broccoli,1.6,96.9,0.082,3.2,18,14.3
Orange,4.3,86.4,0.413,43.7,70,4.0
Apple,36.1,69.8,8.855,40.6,180,0.0
Apple,0.2,92.3,0.841,144.0,180,0.0
Apple,-0.1,90.0,0.755,131.1,180,0.0
Cucumber,10.7,98.0,0.311,8.7,14,1.5
Strawberry,0.3,94.8,1.19,3.7,5,0.0
Bell Pepper,12.5,93.2,0.416,15.3,18,0.0
Tomato,21.5,81.0,1.855,15.9,21,0.0
Broccoli,10.3,87.7,0.733,12.7,18,0.0
Spinach,32.9,69.7,2.237,4.8,12,0.0
Tomato,14.5,87.0,1.092,16.8,21,0.0
Cucumber,12.4,95.1,0.26,6.7,14,5.2
Spinach,32.2,61.4,2.536,6.8,12,0.0
Tomato,19.2,96.0,1.356,10.4,21,0.0
Carrot,0.4,100.0,0.116,13.1,30,14.4
Cucumber,31.3,74.4,2.124,10.9,14,0.0
Orange,5.2,93.3,0.547,61.3,70,0.0
Carrot,-0.6,96.5,0.118,13.0,30,14.4
Strawberry,10.0,84.4,4.816,4.3,5,0.0
Onion,21.8,72.7,0.524,158.8,180,0.0
Grapes,35.1,81.6,3.044,7.1,45,0.0
Grapes,37.2,65.1,15.0,42.1,45,0.0
Mango,16.6,98.3,2.611,12.6,21,0.0
Onion,34.9,69.7,0.686,62.8,180,0.0
Broccoli,36.9,61.3,12.763,15.6,18,0.0
Onion,35.1,63.3,1.346,109.8,180,0.0
Apple,28.9,53.4,6.457,81.5,180,0.0
Bell Pepper,37.3,80.0,3.89,5.1,18,0.0
Onion,29.1,58.3,0.252,40.2,180,38.5
Orange,16.0,76.8,1.116,40.1,70,0.0
Apple,15.0,81.6,1.119,51.7,180,0.0
Apple,30.1,59.6,3.786,34.6,180,0.0
Bell Pepper,11.1,91.9,0.265,5.9,18,10.0
Spinach,11.2,91.4,0.364,10.7,12,0.0
Broccoli,32.5,82.8,8.198,15.6,18,0.0
Orange,2.8,90.6,0.44,61.3,70,0.0
Orange,12.7,78.6,0.65,33.0,70,0.0
Cucumber,8.4,95.0,0.187,8.0,14,2.6
Onion_Green,-2.0,97.3,0.059,4.5,25,19.8
Carrot,10.6,88.2,0.572,20.5,30,0.0
Onion_Green,-0.4,91.5,0.227,17.5,25,0.0
Apple,9.7,84.9,2.106,129.9,180,0.0
Onion,32.1,56.2,0.886,93.9,180,0.0
Apple,3.8,98.1,0.676,78.9,180,11.9
Broccoli,11.1,89.3,1.264,16.2,18,0.0
Potato,8.8,93.3,0.196,127.4,200,42.0
Mango,29.6,76.0,4.933,6.5,21,0.0
Apple,14.3,88.9,0.954,39.7,180,0.0
Potato,16.4,84.0,0.624,169.3,200,0.0
Strawberry,0.3,100.0,0.405,1.2,5,2.8
Broccoli,14.1,84.1,0.467,4.1,18,0.0
Bell Pepper,10.2,95.7,0.489,9.6,18,2.1
Grapes,6.6,79.1,0.255,11.9,45,4.7
Grapes,-1.0,92.5,0.185,14.5,45,27.0
Orange,35.0,67.2,9.527,51.7,70,0.0
Onion,20.5,67.3,0.064,24.6,180,153.4
Banana,37.6,55.1,15.0,18.5,20,0.0
Onion,37.3,84.7,0.919,73.3,180,0.0
Mango,12.1,91.6,1.438,12.9,21,0.0
Broccoli,-1.1,95.0,0.14,7.4,18,8.9
Mango,14.3,91.9,1.188,6.5,21,4.9
Cucumber,10.7,96.0,0.377,12.3,14,0.0
Tomato,33.1,59.7,2.54,6.1,21,0.0
Apple,31.2,68.6,15.0,164.4,180,0.0
Spinach,29.8,81.6,1.686,5.8,12,0.0
Orange,14.8,81.6,0.048,2.0,70,63.5
Onion,21.2,64.3,0.419,147.0,180,0.0
Bell Pepper,9.6,92.9,0.342,9.6,18,4.5
Onion,31.5,66.0,0.559,95.4,180,0.0
Banana,36.5,78.7,15.0,12.4,20,0.0
Apple,11.9,76.4,0.378,28.3,180,29.6
Orange,2.8,89.3,0.437,63.8,70,0.0
Apple,34.3,60.8,13.062,66.1,180,0.0
Bell Pepper,7.5,91.3,0.211,6.6,18,8.8
Bell Pepper,10.5,85.2,0.319,8.7,18,2.8
Apple,31.0,52.4,0.907,6.5,180,0.0
Onion_Green,0.8,98.5,0.348,18.2,25,0.0
Mango,14.7,88.1,2.314,17.3,21,0.0
Broccoli,1.0,92.5,0.151,5.4,18,10.7
Carrot,12.6,90.6,0.158,5.6,30,6.3
Strawberry,31.3,70.7,4.9,0.7,5,0.0
Banana,24.0,79.8,3.87,11.0,20,0.0
Carrot,-0.6,98.9,0.17,22.6,30,1.3
Mango,31.7,65.9,11.366,14.0,21,0.0
Strawberry,32.4,75.4,15.0,2.7,5,0.0
Cucumber,9.7,100.0,0.111,3.7,14,8.9
Apple,29.6,80.9,6.757,58.6,180,0.0
Apple,8.6,88.5,0.494,35.5,180,84.1
Broccoli,2.2,92.8,0.323,11.3,18,0.0
Spinach,1.1,100.0,0.039,2.4,12,9.4
Strawberry,3.4,100.0,0.912,2.8,5,0.0
Carrot,-0.2,100.0,0.013,1.6,30,28.2
Grapes,0.1,95.5,0.146,14.9,45,26.6
Banana,30.3,52.3,4.095,7.3,20,0.0
Spinach,3.6,99.4,0.105,5.5,12,4.9
Strawberry,37.7,62.2,2.893,0.3,5,0.0
Potato,7.8,100.0,0.029,29.7,200,157.7
Onion,27.0,51.5,0.534,112.1,180,0.0
Carrot,2.2,100.0,0.176,20.3,30,4.0
Potato,5.3,92.8,0.043,40.9,200,148.8
Banana,27.0,83.2,5.679,17.5,20,0.0
Cucumber,28.7,62.2,1.757,9.8,14,0.0
Bell Pepper,9.2,92.3,0.423,10.5,18,2.1
Strawberry,0.8,88.6,1.339,4.6,5,0.0
Apple,2.4,94.8,1.143,149.8,180,0.0
Mango,21.6,82.3,4.068,12.3,21,0.0
Orange,20.2,74.7,1.272,39.1,70,0.0
Mango,14.7,90.3,0.698,3.9,21,13.4
Onion,33.5,52.8,0.924,119.6,180,0.0
Strawberry,-2.0,91.8,0.065,0.3,5,4.6
Apple,0.4,90.5,0.82,146.7,180,0.0
Carrot,0.6,89.0,0.082,7.8,30,17.7
Strawberry,0.6,100.0,0.373,1.4,5,2.5
Broccoli,-1.4,96.4,0.25,12.7,18,0.9
Mango,22.3,87.5,2.339,5.4,21,0.0
Mango,33.0,83.9,1.824,1.9,21,0.0
Mango,34.5,70.4,15.0,18.0,21,0.0
Carrot,1.3,97.2,0.268,27.9,30,0.0
Strawberry,-2.0,88.2,0.427,1.7,5,2.1
Grapes,35.6,68.1,15.0,39.7,45,0.0
Broccoli,33.6,70.9,4.664,6.0,18,0.0
Tomato,36.1,69.3,0.069,0.1,21,19.5
Onion,19.5,69.4,0.188,102.2,180,52.0
Apple,0.2,94.4,0.616,104.1,180,0.0
Grapes,0.3,97.0,0.236,21.6,45,14.4
Cucumber,11.3,95.8,0.165,4.7,14,8.3
Onion,29.6,54.0,0.143,21.6,180,88.2
Bell Pepper,22.9,82.0,0.628,3.9,18,0.0
Broccoli,-0.5,99.7,0.2,9.0,18,6.5
Potato,21.7,78.8,0.722,109.9,200,0.0
Banana,31.5,69.8,11.811,15.3,20,0.0
Grapes,9.1,85.0,0.833,22.2,45,0.0
Carrot,37.6,58.8,2.537,6.6,30,0.0
Spinach,9.7,93.8,0.162,5.1,12,0.0
Carrot,1.5,98.4,0.042,3.5,30,26.3
Banana,32.3,73.3,6.837,10.1,20,0.0
Onion,30.4,56.8,0.709,110.4,180,0.0
Orange,16.5,82.7,1.328,48.2,70,0.0
Cucumber,33.7,71.2,0.858,2.3,14,0.0
Broccoli,33.6,81.1,4.262,7.1,18,0.0
Mango,12.4,88.7,0.4,3.4,21,15.6
Potato,6.6,92.9,0.02,16.4,200,182.1
Bell Pepper,12.7,78.2,0.225,4.1,18,6.7
Mango,9.5,89.1,1.591,18.5,21,0.0
Apple,31.9,81.5,15.0,140.3,180,0.0
Strawberry,34.5,66.9,2.736,0.3,5,0.0
Strawberry,12.9,83.6,2.311,2.2,5,0.0
Spinach,11.5,85.8,0.256,5.1,12,0.0
Tomato,18.9,86.2,0.923,9.2,21,0.5
Grapes,-1.0,97.9,0.033,2.8,45,41.6
Cucumber,23.5,75.3,0.665,4.7,14,0.0
Cucumber,10.9,96.2,0.031,0.9,14,13.1
Potato,24.7,81.1,1.167,152.5,200,0.0
Grapes,0.4,94.9,0.1,11.7,45,31.4
Onion,29.6,67.9,0.381,74.8,180,0.0
Strawberry,35.0,84.6,15.0,4.4,5,0.0
Potato,15.1,81.3,0.235,78.2,200,0.0
Cucumber,29.3,51.6,0.911,4.2,14,0.0
Mango,14.0,96.1,1.487,12.2,21,0.0
Cucumber,12.6,96.8,0.248,5.1,14,7.2
Broccoli,-0.6,96.3,0.301,16.7,18,0.0
Cucumber,32.5,61.3,3.312,10.1,14,0.0
Broccoli,-0.6,97.8,0.031,1.3,18,16.7
Potato,8.9,96.3,0.123,76.5,200,104.7
Cucumber,18.4,88.8,1.067,11.4,14,0.0
Carrot,-2.0,100.0,0.027,4.3,30,24.6
Onion,36.2,74.7,1.222,113.5,180,0.0
Grapes,8.4,81.9,1.414,39.2,45,0.0
Onion_Green,28.7,58.7,4.267,19.5,25,0.0
Bell Pepper,8.9,98.7,0.503,13.2,18,0.0
Broccoli,2.5,100.0,0.053,2.3,18,15.1
Banana,30.1,71.5,5.214,8.6,20,0.0
Spinach,13.0,89.0,0.083,1.6,12,4.7
Onion,21.2,69.0,0.173,75.2,180,86.1
Carrot,28.3,65.7,3.303,23.7,30,0.0
Strawberry,15.1,82.9,2.396,1.9,5,0.0
Onion_Green,1.7,100.0,0.101,8.2,25,15.0
Onion,35.0,57.4,0.514,47.2,180,0.0
Banana,16.5,91.2,1.551,15.5,20,0.0
Banana,31.8,84.8,13.518,18.0,20,0.0
Onion_Green,30.2,80.2,2.06,6.2,25,0.0
Potato,19.7,84.9,0.056,14.6,200,142.5
Onion,20.1,68.4,0.278,118.5,180,21.3
Spinach,0.6,100.0,0.026,1.7,12,10.2
Onion_Green,14.3,81.2,0.484,7.3,25,0.0
Tomato,13.3,97.9,0.301,5.5,21,8.5
Strawberry,31.5,78.4,15.0,4.4,5,0.0
Tomato,35.0,56.5,6.851,12.0,21,0.0
Spinach,32.7,73.1,0.138,0.4,12,2.6
Onion_Green,-2.0,97.2,0.185,17.4,25,2.4
Carrot,-0.8,100.0,0.238,22.7,30,0.0
Carrot,8.0,81.9,0.102,4.4,30,13.4
Onion_Green,-0.9,97.5,0.08,4.7,25,19.8
Mango,22.2,84.3,5.895,18.9,21,0.0
Orange,30.0,62.5,6.688,65.2,70,0.0
Orange,4.5,96.6,0.508,52.9,70,0.0
Strawberry,28.9,51.5,12.311,2.4,5,0.0
Cucumber,10.6,100.0,0.35,13.2,14,0.0
Onion_Green,9.1,93.3,0.593,14.7,25,0.0
Strawberry,33.0,76.1,15.0,2.4,5,0.0
Potato,8.1,90.4,0.07,70.6,200,121.2
Cucumber,20.0,98.7,1.4,12.6,14,0.0
Bell Pepper,7.6,92.0,0.135,4.3,18,12.5
Grapes,1.9,90.0,0.026,2.7,45,41.9
Tomato,16.5,85.4,0.365,3.9,21,15.3
Cucumber,11.3,98.9,0.021,0.6,14,13.4
Carrot,0.2,95.2,0.182,17.0,30,8.5
Onion,29.9,84.7,0.774,138.4,180,0.0
Apple,2.1,89.1,0.594,96.4,180,6.7
Onion,29.5,61.8,0.399,66.1,180,0.0
Onion,30.0,43.2,0.823,119.3,180,0.0
Orange,29.1,54.6,5.083,56.0,70,0.0
Cucumber,27.4,84.2,1.584,10.3,14,0.0
Orange,18.7,77.3,2.197,63.6,70,0.0
Carrot,12.2,90.1,0.818,24.3,30,0.0
Grapes,-2.0,90.0,0.277,28.6,45,3.5
Carrot,31.3,83.5,2.671,13.3,30,0.0
Onion_Green,35.2,72.1,12.682,18.9,25,0.0
Spinach,6.8,88.3,0.085,2.9,12,5.3
Onion_Green,-0.7,90.0,0.303,22.1,25,0.0
Banana,21.7,86.1,2.064,8.4,20,0.0
Strawberry,14.9,82.7,2.722,2.5,5,0.0
Potato,6.9,93.8,0.067,54.0,200,138.4
Banana,17.0,100.0,1.913,11.2,20,0.0
Grapes,-0.2,91.6,0.091,8.7,45,35.3
Tomato,16.8,83.7,0.636,8.3,21,5.5
Bell Pepper,22.5,77.5,1.423,13.2,18,0.0
Tomato,15.9,87.7,1.154,14.6,21,0.0
Orange,29.8,80.2,6.727,51.2,70,0.0
Carrot,2.4,92.1,0.178,22.1,30,0.0
Apple,0.8,94.3,0.632,139.5,180,0.0
Orange,8.1,81.7,0.418,33.8,70,5.3
Broccoli,35.4,70.4,5.352,8.4,18,0.0
Tomato,14.5,82.7,0.717,9.4,21,1.4
Broccoli,33.8,58.0,1.055,1.5,18,0.0
Mango,16.2,92.8,0.964,6.1,21,6.6
Banana,28.4,65.6,3.928,8.8,20,0.0
Apple,15.5,84.2,3.483,119.9,180,0.0
Banana,12.0,90.1,0.467,4.4,20,12.5
Tomato,12.0,90.3,0.033,0.6,21,20.0
Strawberry,10.1,84.7,3.329,3.9,5,0.0
Orange,5.5,94.3,0.061,7.0,70,60.3
Potato,29.4,60.2,2.172,184.1,200,0.0
Cucumber,10.8,94.1,0.164,5.0,14,7.9
Apple,0.5,99.7,0.178,34.6,180,125.3
Cucumber,10.9,93.9,0.109,3.1,14,10.4
Strawberry,33.9,75.2,15.0,3.1,5,0.0
Grapes,-2.0,99.6,0.108,15.3,45,21.4
Grapes,1.0,95.1,0.043,3.6,45,41.0
Broccoli,-2.0,99.3,0.174,9.4,18,5.6
Orange,9.8,95.3,0.778,58.5,70,0.0
Mango,15.5,94.5,2.789,17.3,21,0.0
Orange,15.1,67.7,0.921,37.2,70,0.0
Potato,5.4,100.0,0.205,157.5,200,0.0
Cucumber,36.7,56.0,0.51,1.1,14,0.0
Strawberry,29.8,81.9,6.046,1.1,5,0.0
Mango,21.7,88.2,0.053,0.2,21,20.5
Cucumber,14.9,100.0,0.437,8.4,14,0.0
Tomato,33.8,77.2,4.72,9.9,21,0.0
Grapes,-0.2,92.8,0.209,21.5,45,18.0
Orange,33.6,66.8,3.54,17.3,70,0.0
Potato,31.9,79.7,2.441,174.9,200,0.0
Grapes,5.5,99.6,0.07,4.9,45,35.2
Broccoli,34.4,83.3,1.064,1.7,18,0.0
Tomato,16.5,96.6,0.086,1.1,21,19.1
Banana,12.8,91.8,0.581,5.8,20,10.1
Potato,15.4,94.0,0.54,178.1,200,0.0
Grapes,-0.3,97.0,0.18,18.0,45,20.7
Grapes,1.7,90.5,0.19,12.4,45,28.8
Banana,36.0,69.5,4.214,4.2,20,0.0
Onion_Green,32.5,59.0,4.249,12.4,25,0.0
Cucumber,13.2,90.0,0.306,8.5,14,0.4
Cucumber,30.8,79.6,0.223,0.9,14,4.8
Spinach,3.2,96.3,0.184,8.3,12,1.0
Bell Pepper,17.7,75.0,1.318,15.5,18,0.0
Orange,6.7,88.1,0.01,0.9,70,69.1
Apple,3.4,88.3,1.408,164.4,180,0.0
Cucumber,26.2,83.9,1.27,7.9,14,0.0
Onion_Green,9.1,91.5,0.157,5.0,25,9.5
Mango,29.3,60.9,0.418,0.6,21,12.4
Spinach,34.0,51.1,3.677,7.3,12,0.0
Broccoli,0.3,100.0,0.234,10.8,18,3.7
Onion_Green,-0.4,96.5,0.073,4.2,25,20.4
Potato,37.3,80.6,2.534,99.3,200,0.0
Strawberry,28.8,80.2,6.046,1.4,5,0.0
Bell Pepper,21.3,78.7,0.32,2.5,18,4.8
Grapes,28.5,81.2,3.572,16.4,45,0.0
Bell Pepper,28.0,56.6,1.083,3.8,18,0.0
Banana,16.0,89.0,1.98,10.1,20,0.0
Carrot,30.6,82.5,3.306,19.1,30,0.0
Spinach,1.4,98.8,0.129,7.3,12,3.5
Bell Pepper,37.9,78.3,5.673,8.1,18,0.0
Cucumber,29.9,75.4,1.468,6.6,14,0.0
Carrot,1.3,100.0,0.293,27.8,30,0.0
Onion_Green,9.8,88.2,0.899,23.6,25,0.0
Cucumber,32.9,66.5,2.133,7.7,14,0.0
Cucumber,10.8,92.0,0.469,12.9,14,0.0
Spinach,3.4,95.6,0.029,1.3,12,10.5
Grapes,32.5,58.7,4.326,13.6,45,0.0
Onion_Green,33.9,84.1,6.486,11.4,25,0.0
Onion,17.6,73.1,0.099,46.1,180,113.3
Apple,33.0,72.2,15.0,106.8,180,0.0
Strawberry,1.4,94.5,1.187,3.2,5,0.0
Grapes,12.7,78.8,1.169,33.3,45,0.0
Potato,30.8,71.8,0.47,31.4,200,0.0
Bell Pepper,9.8,94.5,0.263,5.1,18,11.2
Carrot,1.6,96.1,0.028,2.4,30,27.5
Tomato,36.4,57.4,3.087,5.8,21,0.0
Banana,23.7,84.1,4.688,14.1,20,0.0
Potato,5.1,98.8,0.016,17.7,200,173.2
Onion,30.8,64.3,0.047,6.5,180,157.6
Potato,7.4,92.9,0.204,142.8,200,18.9
Cucumber,12.6,100.0,0.239,6.2,14,4.9
Strawberry,0.9,89.8,0.855,3.0,5,0.0
Potato,36.2,54.8,3.281,134.1,200,0.0
Spinach,29.8,82.8,2.967,9.0,12,0.0
Cucumber,11.0,90.6,0.273,6.4,14,4.7
Tomato,28.3,52.9,5.695,18.8,21,0.0
Orange,30.2,82.9,4.225,32.4,70,0.0
Apple,10.7,76.6,2.042,108.9,180,0.0
Tomato,15.8,89.6,0.39,5.8,21,12.2
Apple,2.5,93.9,0.098,13.0,180,165.1
Bell Pepper,33.4,52.4,0.521,1.8,18,0.0
Onion,32.5,59.9,0.756,89.5,180,0.0
Tomato,35.3,84.5,3.845,6.0,21,0.0
Apple,31.3,76.2,15.0,139.8,180,0.0
Tomato,36.0,80.4,8.002,13.9,21,0.0
Strawberry,2.0,87.3,0.469,1.8,5,1.9
Apple,0.8,100.0,0.379,56.4,180,76.3
Potato,18.3,81.8,0.513,121.6,200,0.0
Bell Pepper,33.1,72.6,0.497,1.1,18,1.8
Cucumber,13.0,93.4,0.177,4.2,14,8.6
Spinach,2.9,96.5,0.072,4.5,12,6.8
Tomato,17.2,83.8,1.433,13.6,21,0.0
Orange,6.8,82.9,0.275,26.8,70,28.8
Potato,36.5,83.1,4.018,174.0,200,0.0
Spinach,-0.0,100.0,0.046,3.9,12,7.6
Bell Pepper,7.9,92.1,0.386,8.6,18,4.6
Strawberry,3.0,96.2,0.542,1.3,5,2.6
Onion,32.5,69.1,0.142,19.1,180,98.2
Cucumber,13.8,96.1,0.477,10.5,14,0.0
Potato,6.7,88.9,0.247,168.9,200,0.0
Mango,31.1,50.1,3.286,4.7,21,0.0
Broccoli,1.0,100.0,0.058,2.2,18,15.5
Broccoli,7.7,86.9,0.352,9.1,18,0.0
Apple,2.8,89.7,0.072,10.3,180,167.9
Onion_Green,-2.0,99.6,0.222,17.7,25,0.6
Spinach,29.4,57.7,2.521,7.4,12,0.0
Tomato,33.9,63.7,5.926,16.0,21,0.0
Tomato,16.7,87.8,1.157,13.6,21,0.0
Carrot,29.2,72.0,0.788,6.2,30,0.0
Onion_Green,2.2,99.0,0.134,8.1,25,14.7
Potato,25.3,84.1,1.208,131.2,200,0.0
Grapes,15.3,85.7,0.301,6.2,45,5.5
Banana,22.6,81.0,4.841,17.1,20,0.0
Spinach,3.8,100.0,0.223,9.3,12,0.0
Grapes,-1.7,88.8,0.188,21.5,45,15.4
Carrot,37.7,72.5,3.002,10.3,30,0.0
Banana,13.7,92.2,1.378,11.5,20,0.0
Banana,24.2,87.0,0.833,3.6,20,4.7
Onion,35.8,75.3,0.966,91.2,180,0.0
Spinach,2.5,96.2,0.01,0.3,12,11.6
Strawberry,-2.0,100.0,0.985,3.5,5,0.0
Strawberry,35.4,57.5,3.293,0.3,5,0.0
Potato,7.0,92.3,0.039,24.1,200,173.7
Onion_Green,-0.4,97.4,0.255,19.3,25,0.0
Grapes,-0.3,96.8,0.315,33.8,45,0.0
Spinach,12.8,89.5,0.308,5.8,12,0.0
Apple,1.8,86.1,0.351,52.5,180,91.2
Orange,6.9,97.4,0.648,62.5,70,0.0
Spinach,14.6,83.6,0.505,7.7,12,0.0
Grapes,1.0,98.7,0.089,7.2,45,35.1
Onion,18.6,73.9,0.163,82.4,180,56.1
Mango,23.8,78.9,2.2,10.7,21,0.0
Broccoli,-0.7,98.8,0.238,13.1,18,0.9
Apple,37.8,65.6,9.428,44.5,180,0.0
Bell Pepper,28.1,55.3,0.089,0.4,18,10.5
Grapes,8.8,82.5,0.345,11.9,45,1.8
Strawberry,10.5,82.9,4.569,4.6,5,0.0
Apple,3.0,99.3,0.222,25.7,180,138.4
Broccoli,34.8,65.6,10.786,15.7,18,0.0
Broccoli,30.1,64.6,2.923,5.4,18,0.0
Spinach,1.1,94.5,0.01,0.5,12,11.4
Onion_Green,8.0,80.2,0.551,13.2,25,0.0
Mango,14.3,87.8,2.745,15.6,21,0.0
Broccoli,12.9,88.2,1.477,16.0,18,0.0
Onion,19.9,67.8,0.147,80.0,180,85.8
Apple,-0.3,96.3,0.312,58.0,180,90.9
Bell Pepper,22.9,88.0,0.669,3.6,18,0.0
Mango,9.8,99.9,1.496,13.2,21,0.0
Carrot,2.5,100.0,0.19,16.6,30,8.3
Spinach,30.1,80.3,1.242,5.7,12,0.0
Apple,31.1,79.6,8.852,86.5,180,0.0
Potato,36.1,67.4,2.581,100.1,200,0.0
Strawberry,2.4,90.7,0.457,1.1,5,3.1
Strawberry,2.5,99.8,0.559,1.4,5,2.1
Cucumber,13.1,100.0,0.485,11.5,14,0.0
Carrot,0.4,99.4,0.079,6.4,30,22.8
Onion,36.9,57.1,0.449,33.4,180,0.0
Onion,23.3,72.9,0.158,55.2,180,92.1
Banana,33.3,83.9,11.49,15.2,20,0.0
Strawberry,8.2,90.3,1.301,1.9,5,0.0
Cucumber,7.0,89.5,0.103,4.4,14,6.5
Potato,29.2,58.6,0.38,29.0,200,0.0
Apple,4.8,97.4,0.012,1.3,180,178.2
Orange,5.8,93.5,0.169,19.8,70,41.2
Spinach,-0.2,94.1,0.101,9.3,12,0.6
Spinach,-0.0,96.8,0.167,9.9,12,0.0
Grapes,0.1,93.2,0.107,12.5,45,30.8
Mango,12.3,94.1,1.356,10.0,21,0.0
Orange,4.3,91.1,0.281,47.1,70,2.4
Onion,31.0,56.7,0.117,16.8,180,106.9
Onion,28.7,79.3,0.249,55.6,180,0.0
Mango,12.3,93.4,1.533,14.5,21,0.0
Orange,31.0,79.1,4.91,44.2,70,0.0
Tomato,36.9,75.7,13.646,18.0,21,0.0
Apple,4.3,88.4,0.664,98.0,180,0.0
Tomato,17.2,88.1,1.068,17.1,21,0.0
Spinach,0.2,97.8,0.105,8.3,12,2.6
Cucumber,13.7,92.9,0.679,12.6,14,0.0
Banana,33.8,63.3,1.932,2.0,20,0.0
Broccoli,35.9,77.9,5.166,7.5,18,0.0
Bell Pepper,22.0,84.7,1.718,10.5,18,0.0
Apple,10.5,84.7,1.911,119.6,180,0.0
Onion_Green,11.9,87.1,0.612,11.4,25,0.0
Carrot,28.1,73.1,0.015,0.1,30,28.0
Banana,16.2,89.7,0.712,4.3,20,11.3
Onion,29.9,57.6,0.182,27.0,180,77.1
Spinach,14.0,95.1,0.189,3.6,12,0.0
Broccoli,6.2,91.7,0.416,10.5,18,0.0
Bell Pepper,9.1,96.7,0.545,14.1,18,0.0
Onion,21.9,62.8,0.054,23.2,180,150.2
Bell Pepper,10.8,88.9,0.256,5.3,18,10.6
Cucumber,10.6,94.4,0.389,13.0,14,0.0
Spinach,-2.0,99.4,0.024,1.8,12,9.8
Carrot,-1.8,98.7,0.082,10.9,30,16.3
Grapes,1.2,91.2,0.195,24.3,45,14.0
Broccoli,1.5,97.6,0.205,9.5,18,5.7
Banana,23.9,85.5,4.802,12.9,20,0.0
Broccoli,10.0,88.9,0.36,6.9,18,0.0
Orange,3.4,87.9,0.01,0.5,70,69.5
Apple,36.4,69.7,15.0,152.3,180,0.0
Broccoli,-2.0,96.7,0.073,5.0,18,12.2
Broccoli,2.0,98.9,0.33,15.7,18,0.0
Spinach,2.9,99.0,0.093,3.9,12,7.3
Strawberry,-0.1,93.8,0.192,1.1,5,3.6
Bell Pepper,22.3,78.6,1.843,14.9,18,0.0
Bell Pepper,9.6,93.1,0.223,6.8,18,9.3
Banana,13.1,91.1,0.422,3.4,20,14.8
Strawberry,30.3,80.8,2.176,0.4,5,0.0
Orange,0.9,94.8,0.098,17.7,70,38.0
Carrot,28.2,64.7,4.507,28.1,30,0.0
Spinach,3.7,100.0,0.185,8.1,12,0.5
Grapes,6.0,82.3,0.89,39.0,45,0.0
Grapes,30.7,70.0,2.477,10.4,45,0.0
Onion_Green,35.2,63.3,6.495,10.1,25,0.0
Spinach,34.2,71.3,4.245,10.5,12,0.0
Spinach,36.3,75.5,0.9,1.8,12,0.0
Spinach,0.1,100.0,0.117,8.0,12,2.5
Tomato,18.7,85.4,1.528,14.8,21,0.0
Orange,7.9,87.5,0.728,51.4,70,0.0
Spinach,-1.1,100.0,0.056,4.0,12,7.2
Onion_Green,2.3,100.0,0.519,23.1,25,0.0
Broccoli,5.5,82.5,0.288,8.2,18,0.0
Onion_Green,10.3,86.2,0.849,23.0,25,0.0
Strawberry,12.5,89.7,2.186,1.9,5,0.0
Strawberry,36.7,61.9,15.0,3.2,5,0.0
Broccoli,37.6,77.7,2.605,2.6,18,0.0
Broccoli,-1.2,96.5,0.199,8.2,18,7.6
Strawberry,8.4,84.2,1.316,2.1,5,0.0
Carrot,2.5,100.0,0.167,16.8,30,8.3
Tomato,15.8,91.0,1.039,11.3,21,0.0
Onion,17.6,64.8,0.205,123.9,180,5.9
Spinach,1.0,95.9,0.01,0.5,12,11.5
Cucumber,14.6,95.6,0.13,2.7,14,10.4
Carrot,-1.5,92.4,0.168,19.2,30,1.3
Strawberry,31.0,74.7,8.978,1.3,5,0.0
Spinach,1.7,93.5,0.052,2.7,12,8.8
Grapes,-0.9,96.4,0.165,17.0,45,22.6
Potato,7.9,95.7,0.114,77.7,200,105.8
Mango,34.1,79.1,11.515,10.1,21,0.0
Onion_Green,28.5,70.8,3.285,13.4,25,0.0
Spinach,34.9,54.2,3.253,6.2,12,0.0
Onion,22.5,67.9,0.215,129.6,180,0.1
Grapes,2.0,87.2,0.2,17.0,45,19.2
Strawberry,11.6,80.1,1.75,2.1,5,0.0
Grapes,-2.0,100.0,0.039,4.9,45,37.7
Apple,30.3,75.8,13.979,96.6,180,0.0
Broccoli,29.1,84.5,7.253,14.4,18,0.0
Tomato,15.7,94.5,1.034,11.3,21,0.0
Strawberry,2.7,76.3,1.1,2.4,5,0.0
Carrot,-2.0,96.0,0.157,20.8,30,1.3
Tomato,26.2,75.4,0.5,2.2,21,11.2
Mango,22.7,78.7,1.385,4.7,21,0.0
Bell Pepper,9.6,100.0,0.15,6.5,18,7.8
Orange,30.5,82.7,1.57,15.2,70,0.0
Tomato,14.6,89.2,1.044,13.4,21,0.0
Orange,37.6,84.3,9.763,42.5,70,0.0
Onion,30.5,68.3,0.782,101.9,180,0.0
Strawberry,34.3,53.1,12.08,1.7,5,0.0
Mango,20.8,84.1,2.572,10.4,21,0.0
Carrot,-2.0,95.3,0.139,24.8,30,0.0
Bell Pepper,11.3,88.9,0.033,0.9,18,16.9
Orange,12.2,74.3,0.301,16.3,70,11.8
Banana,32.8,55.7,0.777,1.0,20,2.3
Banana,27.5,84.5,3.95,7.3,20,0.0
Onion,33.3,73.4,0.184,27.0,180,45.9
Potato,10.8,88.1,0.125,64.6,200,110.2
Mango,34.4,71.5,8.572,8.0,21,0.0
Cucumber,13.7,100.0,0.026,0.5,14,13.4
Bell Pepper,11.9,89.6,0.414,9.4,18,2.8
Spinach,13.7,91.4,0.374,5.7,12,0.0
Tomato,18.2,85.0,1.443,14.7,21,0.0
Bell Pepper,22.3,83.7,1.252,12.2,18,0.0
Orange,4.5,91.7,0.014,1.6,70,68.1
Broccoli,35.3,50.8,8.399,11.8,18,0.0
Broccoli,30.6,65.1,7.702,14.4,18,0.0
Grapes,8.9,92.1,0.039,1.4,45,41.3
Strawberry,0.6,90.1,0.92,2.6,5,0.0
Banana,29.6,59.4,0.831,2.0,20,0.0
Onion_Green,14.2,93.5,0.789,14.7,25,0.0
Spinach,2.6,100.0,0.01,0.2,12,11.8
Onion_Green,30.2,50.3,3.462,11.2,25,0.0
Tomato,35.4,79.0,1.026,2.2,21,0.0
Onion,30.7,55.0,0.093,12.9,180,122.6
Carrot,0.3,100.0,0.224,22.9,30,0.0
Mango,28.9,64.1,2.817,4.1,21,0.0
Spinach,2.0,96.2,0.013,0.8,12,11.2
Apple,1.9,96.0,0.635,85.4,180,22.1
Cucumber,36.1,78.9,1.06,2.5,14,0.0
Tomato,17.8,91.1,0.962,9.5,21,0.0
Onion,32.3,64.5,0.384,52.1,180,0.0
Onion_Green,2.5,100.0,0.236,10.0,25,10.5
Tomato,16.4,93.1,0.576,7.8,21,6.2
Banana,35.6,83.8,0.81,0.8,20,10.8
Apple,11.8,80.4,2.157,112.7,180,0.0
Carrot,3.6,100.0,0.327,28.3,30,0.0
Broccoli,3.1,81.3,0.259,8.9,18,0.0
Onion,17.6,66.4,0.031,21.7,180,154.8
Banana,26.0,85.5,7.559,17.2,20,0.0
Grapes,1.2,100.0,0.217,22.2,45,8.1
Spinach,0.8,98.6,0.05,2.6,12,9.2
Bell Pepper,37.5,55.9,2.792,4.6,18,0.0
Mango,27.1,85.9,12.854,18.4,21,0.0
Onion_Green,0.6,95.7,0.154,8.8,25,14.3
Apple,11.7,82.5,3.09,133.3,180,0.0
Tomato,17.8,91.4,0.328,3.3,21,15.9
Bell Pepper,10.8,89.3,0.558,10.8,18,0.0
Potato,31.8,69.9,1.177,85.5,200,0.0
Banana,13.6,93.9,0.632,5.4,20,10.5
Tomato,17.0,93.2,0.93,10.9,21,0.0
Tomato,30.7,79.7,3.454,8.6,21,0.0
Mango,21.9,78.8,3.991,13.2,21,0.0
Tomato,28.2,69.6,3.099,12.9,21,0.0
Carrot,-0.5,97.2,0.262,28.3,30,0.0
Bell Pepper,9.2,93.8,0.195,5.4,18,11.2
Tomato,18.4,93.0,0.389,4.2,21,13.8
Apple,12.2,77.3,1.998,100.6,180,0.0
Onion_Green,2.3,93.4,0.311,18.5,25,0.0
Carrot,37.8,54.3,9.678,25.7,30,0.0
Onion_Green,28.4,75.7,0.308,1.2,25,0.2
Carrot,0.7,94.3,0.24,20.6,30,2.0
Strawberry,1.4,96.1,0.625,1.6,5,2.0
Onion_Green,12.2,82.9,0.108,1.7,25,15.7
Potato,8.8,99.0,0.196,156.0,200,0.0
Grapes,29.5,78.9,0.812,4.1,45,0.0
Bell Pepper,12.5,100.0,0.126,2.3,18,14.2
Banana,29.6,81.0,7.826,16.4,20,0.0
Onion,29.2,49.1,1.119,155.6,180,0.0
Bell Pepper,32.5,80.3,0.718,2.3,18,0.0
Banana,12.9,94.1,0.386,4.8,20,12.9
Onion,27.7,62.8,0.06,13.9,180,146.5
Apple,36.6,69.9,15.0,110.5,180,0.0
Carrot,1.4,96.3,0.198,16.0,30,10.0
Onion_Green,-1.4,94.4,0.161,12.1,25,9.3
Carrot,8.1,85.4,0.187,7.8,30,5.1
Banana,27.1,87.0,8.403,15.5,20,0.0
Grapes,9.8,88.1,0.169,4.8,45,29.4
Banana,13.0,93.1,0.116,0.9,20,18.9
Mango,35.7,78.5,1.17,0.7,21,11.0
Broccoli,0.1,98.8,0.039,2.3,18,15.5
Banana,12.1,96.9,1.163,9.9,20,0.0
Tomato,30.1,70.7,5.579,14.0,21,0.0
Mango,14.5,98.1,1.919,12.1,21,0.0
Orange,5.2,86.2,0.063,6.8,70,62.6
Potato,10.5,100.0,0.214,114.3,200,4.7
Apple,1.1,86.4,0.893,148.3,180,0.0
Spinach,10.2,88.5,0.193,3.8,12,0.0
Apple,1.9,93.7,0.934,158.0,180,0.0
Mango,34.3,72.1,15.0,15.3,21,0.0
Potato,37.6,55.3,5.6,163.9,200,0.0
Potato,37.6,77.8,1.968,77.5,200,0.0
Onion,22.4,64.4,0.029,18.3,180,157.8
Cucumber,10.7,93.6,0.388,13.1,14,0.0
Bell Pepper,23.6,87.1,1.93,12.9,18,0.0
Onion,19.3,64.9,0.011,6.4,180,173.2
Grapes,-0.5,88.7,0.181,19.8,45,18.9
Potato,11.4,77.0,0.182,93.3,200,0.0
Potato,12.1,100.0,0.22,106.5,200,0.0
Grapes,30.7,69.3,7.627,26.3,45,0.0
Broccoli,3.0,93.6,0.471,16.5,18,0.0
Apple,37.2,69.7,6.246,24.0,180,0.0
Onion,20.7,68.5,0.307,128.2,180,2.4
Banana,37.0,79.8,4.438,4.2,20,0.0
Banana,14.6,91.7,1.712,12.3,20,0.0
Banana,32.7,85.2,11.4,12.1,20,0.0
Orange,34.7,82.6,3.735,27.0,70,0.0
Grapes,-0.5,88.0,0.408,38.8,45,0.0
Broccoli,0.4,100.0,0.366,13.5,18,0.0
Carrot,1.4,95.2,0.155,18.2,30,7.8
Carrot,13.8,77.1,0.089,3.5,30,4.7
Apple,-2.0,98.9,0.294,62.3,180,63.3
Mango,13.3,89.4,1.131,8.0,21,1.7
Onion_Green,2.8,100.0,0.413,18.5,25,0.0
Onion_Green,1.2,95.7,0.428,23.3,25,0.0
Cucumber,13.8,91.0,0.08,1.9,14,11.5
Banana,13.9,100.0,0.183,1.6,20,17.4
Onion_Green,0.2,95.4,0.062,3.3,25,21.4
Apple,10.6,85.5,0.79,66.3,180,0.0
Broccoli,13.9,90.0,0.287,3.5,18,0.0
Spinach,1.0,100.0,0.01,0.2,12,11.8
Grapes,10.6,84.8,0.263,9.0,45,9.4
Grapes,8.5,84.7,0.748,35.8,45,0.0
Tomato,37.9,65.9,2.496,2.9,21,0.0
Carrot,0.2,96.8,0.199,22.9,30,1.3
Banana,32.5,73.6,13.166,16.8,20,0.0
Potato,17.8,77.1,0.556,148.3,200,0.0
Onion,31.9,68.5,0.528,74.2,180,0.0
Carrot,-0.4,96.8,0.139,21.3,30,4.1
Cucumber,13.4,96.6,0.383,8.6,14,0.7
Tomato,28.1,60.7,0.318,1.3,21,9.2
Orange,32.6,83.4,6.659,65.5,70,0.0
Carrot,28.0,52.3,0.104,0.7,30,8.4
Bell Pepper,7.2,95.7,0.406,12.0,18,0.0
Tomato,32.6,61.3,10.116,18.6,21,0.0
Carrot,37.0,81.8,9.406,25.6,30,0.0
Mango,12.2,94.8,1.489,13.2,21,0.0
Carrot,34.6,60.9,4.254,22.6,30,0.0
Banana,37.8,76.4,15.0,18.7,20,0.0
Apple,28.7,68.7,13.725,156.6,180,0.0
Bell Pepper,9.2,100.0,0.473,14.7,18,0.0
Mango,20.9,83.5,4.675,14.4,21,0.0
Broccoli,28.7,59.7,1.475,4.4,18,0.0
Banana,29.6,76.3,5.5,12.8,20,0.0
Onion,18.1,72.2,0.051,25.1,180,148.0
Carrot,1.1,100.0,0.253,25.1,30,0.0
Onion,29.5,54.0,0.961,144.2,180,0.0
Onion,34.8,79.8,1.004,110.0,180,0.0
Grapes,-2.0,100.0,0.109,10.3,45,28.6
Tomato,16.2,90.5,1.081,12.7,21,0.0
Strawberry,31.3,64.1,15.0,4.3,5,0.0
Banana,15.6,95.8,1.941,14.1,20,0.0
Mango,23.3,80.1,4.002,10.5,21,0.0
Broccoli,2.3,99.6,0.306,10.2,18,2.7
Carrot,8.4,88.0,0.472,18.9,30,0.0
Apple,2.5,89.8,0.898,115.9,180,0.0
Cucumber,10.6,97.8,0.469,13.3,14,0.0
Orange,7.9,92.5,0.859,60.0,70,0.0
Banana,37.9,82.4,15.0,18.0,20,0.0
Mango,14.4,92.6,1.924,10.3,21,0.0
Tomato,16.5,85.0,1.5,15.8,21,0.0
Onion_Green,1.5,98.5,0.266,16.1,25,2.9
Broccoli,11.8,88.6,0.122,2.3,18,7.6
Orange,5.4,87.2,0.354,41.7,70,10.5
Bell Pepper,8.0,95.4,0.176,4.3,18,12.2
Grapes,0.4,94.8,0.247,16.4,45,23.2
Spinach,37.3,84.0,1.019,1.7,12,0.0
Potato,34.3,71.8,1.557,71.2,200,0.0
Tomato,31.8,62.3,2.024,6.8,21,0.0
Bell Pepper,9.4,87.2,0.463,11.0,18,0.0
Banana,12.6,93.6,2.491,18.1,20,0.0
Mango,26.8,83.3,4.187,8.3,21,0.0
Mango,12.7,94.1,1.255,7.6,21,1.7
Bell Pepper,30.2,69.0,2.326,8.3,18,0.0
Apple,4.3,98.2,0.921,121.4,180,0.0
Tomato,28.8,76.0,2.517,8.7,21,0.0
Banana,29.4,79.5,0.5,0.8,20,14.1
Onion_Green,-2.0,96.0,0.14,9.6,25,12.9
Cucumber,27.0,82.7,0.477,3.0,14,0.0
Carrot,1.0,98.1,0.179,27.9,30,0.0
Potato,37.2,80.2,4.562,189.0,200,0.0
Spinach,8.2,90.2,0.075,2.0,12,7.0
Apple,32.1,57.9,0.538,3.4,180,83.7
Bell Pepper,16.9,79.4,1.181,15.9,18,0.0
Strawberry,12.9,85.0,1.993,2.2,5,0.0
Tomato,18.1,92.6,0.679,7.5,21,5.8
Spinach,3.8,100.0,0.028,1.4,12,10.3
Orange,5.7,87.8,0.069,6.1,70,63.3
Bell Pepper,31.8,68.4,4.438,12.6,18,0.0
Banana,14.3,90.7,0.986,8.3,20,1.7
Potato,7.7,92.1,0.128,91.0,200,93.7
Broccoli,2.6,100.0,0.443,15.5,18,0.0
Spinach,-1.5,99.4,0.09,8.1,12,1.9
Onion_Green,30.0,53.0,2.96,9.7,25,0.0
Carrot,2.4,99.1,0.259,20.4,30,2.1
Onion_Green,0.5,100.0,0.121,9.1,25,14.1
Carrot,1.0,93.9,0.246,26.5,30,0.0
Mango,12.8,90.0,1.973,13.1,21,0.0
Bell Pepper,10.3,94.3,0.02,0.6,18,17.4
Cucumber,29.7,75.2,1.862,6.5,14,0.0
Apple,36.2,55.2,15.0,170.9,180,0.0
Orange,8.1,84.3,0.687,56.7,70,0.0
Strawberry,3.0,100.0,0.699,2.0,5,0.3
Onion_Green,2.1,94.1,0.117,6.4,25,16.6
Onion,20.8,66.2,0.391,158.0,180,0.0
Bell Pepper,24.4,82.7,0.242,1.5,18,9.1
Spinach,35.4,62.6,3.377,8.3,12,0.0
Onion_Green,37.3,57.0,0.241,0.4,25,10.4
Apple,-1.8,88.4,0.152,31.1,180,133.2
Banana,14.8,97.7,0.014,0.1,20,19.9
Cucumber,22.3,85.0,0.291,3.2,14,0.3
Grapes,0.6,93.4,0.057,4.0,45,40.6
Onion,19.3,79.2,0.143,74.4,180,0.0
Broccoli,6.4,87.4,0.537,10.2,18,0.0
Orange,4.3,87.4,0.391,40.8,70,9.6
Broccoli,35.0,53.1,10.169,13.1,18,0.0
Cucumber,9.1,92.3,0.112,4.3,14,8.3
Potato,7.2,90.7,0.243,165.6,200,0.0
Potato,15.7,87.5,0.038,10.7,200,176.0
Banana,16.0,91.3,1.902,16.7,20,0.0
Apple,35.7,60.4,2.528,12.8,180,0.0
Cucumber,9.1,95.3,0.036,1.6,14,12.1
Onion,20.5,74.8,0.441,156.4,180,0.0
Onion,30.6,74.2,0.087,15.7,180,122.4
Cucumber,34.4,66.7,3.272,9.0,14,0.0
Orange,15.8,74.8,0.374,13.5,70,4.9
Potato,34.1,65.4,0.086,5.0,200,103.3
Tomato,13.8,89.1,0.122,2.2,21,18.1
Mango,36.6,65.4,15.0,19.9,21,0.0
Banana,14.1,92.9,1.032,7.8,20,2.5
Spinach,29.8,56.9,1.307,4.7,12,0.0
Broccoli,28.6,61.9,1.63,5.0,18,0.0
Cucumber,10.6,94.5,0.329,9.8,14,0.1
Potato,35.4,69.9,2.393,127.2,200,0.0
Onion,20.3,64.6,0.347,135.7,180,0.0
Bell Pepper,11.3,87.0,0.572,15.9,18,0.0
Bell Pepper,12.0,98.8,0.22,3.9,18,11.8
Strawberry,28.7,76.5,6.933,1.3,5,0.0
Broccoli,11.3,88.0,0.797,11.3,18,0.0
Carrot,2.2,98.4,0.114,14.8,30,12.7
Onion_Green,0.8,98.3,0.323,14.7,25,4.3
Bell Pepper,10.3,92.4,0.12,3.2,18,14.3
Mango,19.3,97.1,1.827,8.5,21,0.0
Broccoli,30.1,79.0,7.898,15.5,18,0.0
Onion,34.5,77.0,0.67,69.4,180,0.0
Onion_Green,0.5,100.0,0.405,19.6,25,0.0
Spinach,3.5,99.8,0.236,9.8,12,0.0
Potato,9.5,90.7,0.012,6.6,200,193.0
Mango,12.7,94.0,0.433,3.5,21,15.6
Tomato,25.4,76.8,0.822,3.7,21,4.8
Cucumber,29.3,81.2,0.961,5.5,14,0.0
Grapes,37.2,61.8,9.273,19.1,45,0.0
Bell Pepper,37.8,59.8,8.397,13.7,18,0.0
Spinach,35.7,67.0,0.145,0.2,12,5.2
Broccoli,-1.7,96.1,0.282,15.0,18,0.0
Carrot,1.8,94.9,0.048,4.8,30,24.6
Grapes,9.8,89.9,0.01,0.3,45,44.0
Broccoli,8.2,85.0,0.393,8.7,18,0.0
Potato,8.6,89.7,0.146,111.9,200,62.6
Onion,32.6,58.1,0.839,150.3,180,0.0
Strawberry,-0.4,91.7,1.408,4.7,5,0.0
Broccoli,6.2,88.4,0.555,15.7,18,0.0
Broccoli,0.3,100.0,0.115,4.8,18,12.4
Spinach,-1.1,97.5,0.076,5.5,12,5.5
Tomato,19.4,90.6,0.609,6.0,21,9.2
Carrot,3.1,98.5,0.204,16.1,30,8.3
Spinach,33.6,74.6,4.031,9.6,12,0.0
Potato,13.0,81.9,0.359,153.5,200,0.0
Broccoli,0.8,95.1,0.268,15.1,18,0.0
Mango,14.2,92.3,1.219,8.6,21,0.0
Bell Pepper,11.0,89.9,0.105,2.1,18,15.5
Spinach,2.1,94.7,0.034,1.7,12,10.2
Bell Pepper,9.8,93.0,0.019,0.6,18,17.4
Orange,3.8,89.7,0.354,56.0,70,0.0
Grapes,31.3,52.4,11.579,42.4,45,0.0
Grapes,0.3,96.6,0.28,26.2,45,7.0
Broccoli,-2.0,100.0,0.269,13.9,18,0.0
Cucumber,11.9,100.0,0.343,7.7,14,1.8
Mango,32.9,69.5,15.0,17.6,21,0.0
Carrot,2.5,97.4,0.17,14.6,30,11.7
Potato,11.2,88.6,0.264,122.2,200,8.8
Strawberry,-0.1,94.2,0.629,2.8,5,0.0
Mango,13.7,91.3,1.032,5.3,21,8.9
Onion,31.7,80.3,0.08,12.8,180,98.5
Onion,29.4,59.0,0.832,158.5,180,0.0
Onion_Green,32.5,54.4,2.365,5.2,25,0.0
Potato,30.8,70.2,0.381,22.0,200,0.0
Strawberry,30.0,76.5,5.935,1.7,5,0.0
Potato,10.5,93.7,0.267,154.7,200,0.0
Potato,6.6,93.3,0.036,21.7,200,175.6
Carrot,5.2,96.1,0.159,10.7,30,13.3
Potato,31.2,70.9,0.641,52.7,200,0.0
Strawberry,0.6,100.0,1.132,3.1,5,0.0
Grapes,1.3,95.3,0.195,14.3,45,26.1
Cucumber,29.0,80.7,0.963,3.9,14,0.0
Broccoli,-0.6,100.0,0.172,6.5,18,9.8
Cucumber,13.1,99.7,0.45,9.8,14,0.0
Tomato,31.8,52.3,8.289,19.7,21,0.0
Spinach,11.9,81.8,0.636,10.1,12,0.0
Potato,15.9,81.3,0.341,111.8,200,0.0
Banana,35.6,62.5,2.17,2.2,20,0.0
Apple,34.4,64.0,9.09,45.1,180,0.0
Spinach,2.2,92.9,0.162,9.3,12,0.0
Mango,30.0,58.7,2.246,3.9,21,0.0
Orange,6.5,89.7,0.027,2.3,70,67.5
Spinach,12.3,87.1,0.154,3.3,12,0.0
Carrot,2.0,97.2,0.01,0.9,30,29.1
Broccoli,8.3,83.6,0.581,16.4,18,0.0
Mango,12.4,99.1,0.198,1.6,21,18.6
Onion_Green,0.3,98.0,0.058,3.5,25,21.2
Orange,6.8,90.2,0.364,34.2,70,16.9
Cucumber,29.1,84.1,1.881,9.3,14,0.0
Strawberry,0.2,98.8,0.81,2.5,5,0.0
Spinach,0.5,96.2,0.08,7.4,12,3.8
Spinach,-1.5,97.3,0.111,7.9,12,2.0
Apple,17.7,70.8,2.855,102.7,180,0.0
Spinach,30.2,74.4,0.845,2.8,12,0.0
Mango,32.9,75.5,7.846,7.6,21,0.0
Spinach,4.0,93.3,0.195,7.7,12,0.3
Apple,-0.6,98.8,0.276,69.4,180,63.4
Banana,13.7,93.3,0.995,8.2,20,2.1
Orange,3.5,88.6,0.232,29.5,70,30.8
Bell Pepper,23.6,90.6,0.182,1.3,18,11.6
Mango,11.8,88.8,1.574,16.0,21,0.0
Potato,17.8,84.7,0.461,125.7,200,0.0
Strawberry,-1.3,100.0,0.855,3.7,5,0.0
Carrot,1.0,97.6,0.032,3.5,30,26.4
Onion,28.6,49.9,0.466,97.8,180,0.0
Bell Pepper,9.2,90.2,0.108,4.2,18,13.1
Bell Pepper,10.0,89.8,0.115,2.8,18,14.7
Banana,31.1,84.3,10.04,14.4,20,0.0
Mango,12.0,92.7,0.286,3.8,21,15.8
Onion,20.4,70.7,0.33,133.2,180,0.0
Potato,37.4,57.7,4.429,153.9,200,0.0
Banana,31.6,82.3,0.553,0.7,20,14.0
Grapes,31.1,50.8,7.253,34.7,45,0.0
Apple,3.7,90.4,0.709,106.5,180,0.0
Broccoli,9.8,86.0,0.762,10.9,18,0.0
Bell Pepper,36.2,70.1,3.965,8.0,18,0.0
Orange,36.3,68.3,15.0,60.1,70,0.0
Orange,32.9,56.1,0.815,5.3,70,0.0
Broccoli,0.6,100.0,0.095,3.7,18,13.7
Cucumber,37.6,58.4,4.604,10.2,14,0.0
Strawberry,30.8,81.4,7.494,1.2,5,0.0
Onion,18.8,71.7,0.112,57.3,180,106.8
Onion_Green,32.2,78.1,1.146,2.5,25,0.0
Mango,32.5,76.6,15.0,14.1,21,0.0
Tomato,17.0,87.8,1.335,15.0,21,0.0
Grapes,34.3,78.9,8.345,28.2,45,0.0
Orange,32.3,79.4,4.219,35.3,70,0.0
Grapes,-1.1,88.4,0.022,2.4,45,42.2
Spinach,30.2,78.9,0.481,1.5,12,0.0
Cucumber,14.8,87.2,0.232,5.7,14,3.2
Banana,23.8,78.5,1.439,4.2,20,0.0
Strawberry,-1.1,96.2,0.947,3.2,5,0.0
Strawberry,1.4,85.6,0.749,2.0,5,0.5
Carrot,37.7,62.0,6.617,14.9,30,0.0
Carrot,-0.7,96.4,0.087,10.8,30,17.3
Cucumber,18.3,84.0,0.221,2.8,14,5.5
Mango,23.3,84.5,5.442,15.5,21,0.0
Broccoli,31.6,77.5,6.262,11.7,18,0.0
Banana,37.7,51.5,2.211,1.9,20,0.0
Banana,14.1,92.3,1.487,13.1,20,0.0
Carrot,2.2,100.0,0.225,22.3,30,0.1
Apple,12.0,78.7,0.04,3.0,180,166.3
Onion_Green,1.2,100.0,0.388,21.2,25,0.0
Cucumber,32.4,76.2,0.29,0.9,14,3.4
Cucumber,8.7,96.7,0.073,3.3,14,9.8
Potato,8.6,93.9,0.148,84.9,200,98.8
Spinach,0.7,99.5,0.01,0.6,12,11.4
Apple,28.7,65.6,13.085,106.2,180,0.0
Mango,14.0,93.3,2.338,15.1,21,0.0
Onion,32.1,57.8,0.618,108.2,180,0.0
Carrot,9.6,86.4,0.517,19.8,30,0.0
Bell Pepper,31.2,62.2,5.339,14.9,18,0.0
Tomato,14.1,89.6,1.368,18.1,21,0.0
Broccoli,2.6,92.1,0.472,16.7,18,0.0
Mango,11.8,93.6,1.847,14.9,21,0.0
Mango,10.0,90.5,1.552,14.4,21,0.0
Strawberry,7.1,89.5,1.297,2.7,5,0.0
Broccoli,-0.5,96.1,0.189,9.7,18,6.0
Apple,2.2,100.0,0.053,6.1,180,171.1
Carrot,0.6,97.9,0.199,20.2,30,4.8
Broccoli,-1.0,99.7,0.162,9.8,18,5.7
Bell Pepper,22.6,83.8,0.148,1.1,18,12.5
Spinach,1.6,93.3,0.016,1.1,12,10.8
Mango,26.0,84.6,4.548,8.4,21,0.0
Carrot,-2.0,100.0,0.159,20.6,30,0.9
Onion_Green,29.7,81.0,3.599,14.0,25,0.0
Strawberry,36.4,77.5,2.059,0.2,5,0.0
Onion_Green,-1.1,98.9,0.1,6.8,25,17.1
Grapes,13.1,85.1,0.628,11.9,45,0.0
Spinach,-2.0,100.0,0.058,3.5,12,7.4
Onion_Green,0.4,100.0,0.144,7.9,25,15.3
Grapes,31.8,66.2,3.037,11.7,45,0.0
Carrot,0.8,99.6,0.051,5.6,30,23.8
Strawberry,35.7,67.5,15.0,1.7,5,0.0
Onion_Green,-1.7,97.7,0.063,3.6,25,21.0
Mango,19.3,82.9,0.649,2.3,21,13.8
Tomato,15.0,91.2,1.718,17.5,21,0.0
Onion_Green,0.3,100.0,0.341,16.6,25,0.9
Banana,31.7,77.7,6.028,8.5,20,0.0
Tomato,16.5,87.4,1.407,12.5,21,0.0
Mango,15.1,100.0,3.22,16.3,21,0.0
Onion_Green,4.7,91.5,0.321,13.2,25,0.0
Strawberry,38.0,64.4,1.86,0.2,5,0.0
Apple,1.5,91.8,1.279,145.0,180,0.0
Broccoli,1.6,96.7,0.425,15.8,18,0.0
Spinach,34.3,51.8,5.772,11.1,12,0.0
Apple,28.7,65.7,7.814,108.6,180,0.0
Potato,30.3,52.6,1.072,81.1,200,0.0
Strawberry,34.9,62.1,15.0,2.1,5,0.0
Carrot,31.3,69.0,4.375,23.2,30,0.0
Tomato,13.2,90.1,0.608,15.6,21,0.0
Banana,17.1,90.1,0.04,0.3,20,19.7
Potato,8.8,100.0,0.212,166.4,200,0.0
Tomato,15.7,84.9,0.491,5.0,21,12.8
Onion,19.5,63.4,0.136,67.3,180,93.8
Strawberry,2.3,95.1,0.677,2.3,5,0.6
Cucumber,23.3,80.8,0.659,6.0,14,0.0
Strawberry,34.7,68.2,4.326,0.5,5,0.0
Apple,0.6,91.3,0.614,144.9,180,0.0
Mango,21.9,85.1,1.512,6.3,21,0.0
Orange,36.3,80.2,7.67,37.9,70,0.0
Carrot,1.3,98.0,0.015,1.5,30,28.5
Apple,1.3,99.7,0.313,50.2,180,93.5
Potato,14.9,76.6,0.196,62.2,200,0.0
Potato,9.9,92.1,0.334,178.3,200,0.0
Onion_Green,34.0,69.9,1.913,3.9,25,0.0
Onion_Green,36.5,73.1,10.699,19.6,25,0.0
Apple,37.1,60.7,15.0,132.7,180,0.0
Strawberry,5.4,86.8,1.028,2.0,5,0.0
Broccoli,-1.5,92.9,0.117,6.6,18,9.3
Onion_Green,9.6,91.2,0.351,6.7,25,1.3
Mango,35.6,74.0,11.233,8.4,21,0.0
Cucumber,16.1,82.1,0.331,5.4,14,0.0
Grapes,-0.7,94.6,0.154,15.4,45,26.1
Broccoli,0.3,100.0,0.238,11.0,18,3.4
Grapes,8.5,85.6,0.805,35.5,45,0.0
Grapes,30.1,60.3,5.429,30.2,45,0.0
Onion,32.6,55.7,1.094,154.0,180,0.0
Apple,1.0,100.0,0.95,152.3,180,0.0
Cucumber,10.8,99.7,0.089,3.4,14,9.7
Strawberry,-2.0,88.1,0.12,0.5,5,4.3
Spinach,0.2,100.0,0.107,5.8,12,5.2
Carrot,33.7,55.6,3.055,14.8,30,0.0
Bell Pepper,10.0,88.4,0.553,12.7,18,0.0
Mango,12.2,93.3,0.884,6.4,21,7.7
Carrot,-0.1,100.0,0.22,26.5,30,0.0
Apple,28.3,75.1,3.661,38.0,180,0.0
Grapes,12.5,75.7,1.42,31.2,45,0.0
Mango,23.8,81.4,4.44,11.4,21,0.0
Bell Pepper,24.8,86.2,1.28,9.0,18,0.0
Spinach,2.9,98.7,0.155,9.3,12,0.2
Onion_Green,2.0,96.0,0.093,4.6,25,19.5
Onion,20.4,64.7,0.01,1.8,180,178.1
Grapes,0.1,96.0,0.168,14.1,45,27.0
Broccoli,4.6,90.8,0.415,14.6,18,0.0
Tomato,28.2,52.1,2.856,10.0,21,0.0
Mango,13.6,91.3,1.45,10.2,21,0.0
Grapes,1.1,88.2,0.597,40.4,45,0.0
Carrot,14.6,87.8,0.852,18.9,30,0.0
Onion_Green,10.1,79.8,0.414,10.6,25,0.0
Onion_Green,35.4,61.7,8.346,21.5,25,0.0
Grapes,-0.5,95.9,0.367,31.9,45,0.0
Broccoli,-1.1,100.0,0.081,3.6,18,13.8
Mango,14.1,98.4,0.039,0.3,21,20.7
Broccoli,1.9,95.5,0.449,16.4,18,0.0
Strawberry,-0.0,95.8,0.833,2.6,5,0.0
Bell Pepper,10.4,87.9,0.141,4.0,18,12.8
Carrot,28.8,81.6,4.091,24.1,30,0.0
Potato,11.0,93.5,0.432,177.3,200,0.0
Tomato,19.1,97.6,0.89,6.9,21,1.1
Orange,4.0,88.7,0.021,4.4,70,65.3
Banana,22.6,77.0,5.076,17.2,20,0.0
Carrot,1.0,100.0,0.223,18.0,30,6.4
Strawberry,33.6,70.0,13.931,1.4,5,0.0
Banana,12.1,94.3,0.379,2.9,20,15.5
Mango,11.1,91.6,0.051,0.5,21,20.4
Onion_Green,0.5,94.3,0.117,10.1,25,12.8
Cucumber,26.5,74.6,1.556,10.4,14,0.0
Banana,23.9,74.6,1.85,5.0,20,0.0
Potato,9.4,95.3,0.09,44.0,200,148.2
Bell Pepper,17.4,77.9,0.826,10.9,18,0.0
Banana,16.9,92.9,0.934,6.1,20,6.0
Mango,36.4,75.4,9.095,5.0,21,0.0
Orange,3.2,87.4,0.452,63.1,70,0.0
Onion,35.3,70.3,0.422,54.7,180,0.0
Spinach,0.9,94.6,0.183,9.7,12,0.0
Potato,10.0,97.5,0.157,92.2,200,71.0
Tomato,15.1,83.8,1.217,14.0,21,0.0
Bell Pepper,20.4,82.9,0.678,5.0,18,0.0
Tomato,23.0,77.0,2.687,17.0,21,0.0
Orange,13.5,77.7,1.316,62.4,70,0.0
Grapes,11.4,79.1,0.661,17.6,45,0.0
Grapes,31.1,74.6,5.318,21.2,45,0.0
Orange,4.3,90.9,0.509,54.0,70,0.0
Onion,29.9,59.0,0.22,38.7,180,36.3
Banana,14.3,84.8,0.63,5.7,20,7.7
Carrot,29.0,73.7,1.2,7.6,30,0.0
Tomato,37.0,54.0,4.302,7.4,21,0.0
Grapes,32.5,68.2,11.478,42.3,45,0.0
Bell Pepper,21.0,83.1,1.179,10.1,18,0.0
Mango,11.9,92.4,0.273,2.3,21,17.9
Bell Pepper,31.0,60.7,1.958,6.7,18,0.0
Onion,33.1,48.6,0.823,89.6,180,0.0
Bell Pepper,9.1,89.0,0.062,1.4,18,16.4
Apple,-0.6,92.7,0.555,91.6,180,19.5
Carrot,31.5,61.6,1.123,7.8,30,0.0
Potato,9.6,96.0,0.336,187.5,200,0.0
Bell Pepper,18.1,86.9,1.356,14.9,18,0.0
Spinach,2.5,100.0,0.064,3.3,12,8.2
Onion_Green,30.7,75.5,3.312,7.8,25,0.0
Grapes,-0.9,94.5,0.17,16.7,45,24.2
Onion_Green,0.3,97.1,0.01,0.6,25,24.4
Grapes,-0.3,95.1,0.41,35.1,45,0.0
Carrot,12.6,93.6,0.747,26.3,30,0.0
Onion,30.7,62.0,0.223,34.1,180,52.2
Bell Pepper,18.4,80.3,1.128,11.1,18,0.0
Grapes,37.1,67.9,11.127,30.8,45,0.0
Onion_Green,0.7,100.0,0.138,8.0,25,15.3
Onion,18.0,68.3,0.149,72.4,180,88.9
Potato,4.1,96.3,0.135,187.9,200,0.0
Bell Pepper,29.5,75.8,0.761,2.5,18,0.0
Carrot,34.8,75.4,4.929,18.8,30,0.0
Bell Pepper,21.8,81.9,1.208,9.7,18,0.0
Grapes,1.1,90.7,0.113,10.4,45,32.7
Spinach,31.4,62.1,0.615,1.6,12,0.0
Cucumber,21.6,88.3,0.305,2.9,14,3.4
Onion,34.9,71.6,1.857,146.0,180,0.0
Broccoli,9.7,86.3,0.187,4.3,18,1.1
Strawberry,33.9,77.1,14.515,2.0,5,0.0
Spinach,14.6,89.7,0.607,9.0,12,0.0
Bell Pepper,12.4,100.0,0.682,12.9,18,0.0
Mango,12.7,90.5,1.382,10.0,21,0.0
Onion,20.2,72.5,0.334,109.5,180,8.3
Carrot,29.2,67.8,0.304,1.6,30,0.0
Strawberry,-1.8,88.8,0.788,3.4,5,0.0
Orange,32.7,81.5,7.133,53.0,70,0.0
Carrot,36.4,82.2,3.806,10.7,30,0.0
Cucumber,12.8,93.7,0.433,11.2,14,0.0
Apple,-0.4,91.3,0.223,41.6,180,123.9
Orange,2.8,83.2,0.115,15.9,70,48.3
Carrot,2.2,95.2,0.208,19.1,30,4.9
Mango,11.9,97.5,0.757,6.4,21,7.6
Orange,28.7,83.4,5.619,60.5,70,0.0
Potato,35.7,73.8,1.456,86.9,200,0.0
Onion_Green,0.1,100.0,0.313,21.1,25,0.0
Strawberry,-1.4,87.6,0.142,0.6,5,4.1
Broccoli,7.4,86.6,0.402,7.7,18,0.0
Potato,8.0,91.2,0.063,44.3,200,151.6
Tomato,30.4,52.9,5.706,16.8,21,0.0
Spinach,1.8,100.0,0.146,9.0,12,1.0
Mango,32.0,83.7,14.414,13.7,21,0.0
Potato,7.2,90.9,0.108,90.3,200,93.4
Orange,30.2,62.9,4.924,39.5,70,0.0
Tomato,30.4,59.8,4.248,12.0,21,0.0
Cucumber,12.8,96.2,0.051,1.3,14,12.6
Onion_Green,-1.9,95.3,0.064,5.5,25,18.5
Mango,36.9,71.6,13.035,9.8,21,0.0
Strawberry,-2.0,94.1,0.693,2.6,5,0.0
Banana,13.0,96.6,0.406,3.3,20,14.6
Banana,15.2,91.9,2.228,16.8,20,0.0
Bell Pepper,8.1,90.6,0.213,6.6,18,9.2
Onion,19.9,69.7,0.02,11.1,180,168.3
Bell Pepper,8.0,93.8,0.101,6.1,18,10.6
Orange,4.1,88.0,0.044,5.5,70,64.1
Grapes,-0.3,89.2,0.501,41.3,45,0.0
Onion,21.7,66.7,0.099,43.7,180,128.3
Carrot,34.8,79.9,2.362,8.4,30,0.0
Tomato,35.4,55.4,6.122,12.2,21,0.0
Tomato,17.0,95.1,2.024,19.0,21,0.0
Onion,17.8,65.7,0.209,109.2,180,30.1
Grapes,-0.1,86.5,0.041,3.4,45,40.6
Onion_Green,-1.2,100.0,0.355,21.3,25,0.0
Onion_Green,34.7,58.9,0.686,1.4,25,0.0
Carrot,16.5,83.9,0.799,21.9,30,0.0
Tomato,16.3,89.6,0.271,4.2,21,15.3
Spinach,34.3,84.5,1.603,3.9,12,0.0
Bell Pepper,33.0,78.7,2.73,7.1,18,0.0
Cucumber,33.8,82.0,1.648,4.9,14,0.0
Apple,33.0,51.1,15.0,107.2,180,0.0
Mango,23.8,89.3,0.508,1.4,21,15.5
Apple,31.1,60.9,15.0,129.2,180,0.0
Spinach,0.5,94.6,0.106,9.5,12,0.6
Onion_Green,-0.5,93.5,0.19,10.8,25,10.6
Mango,35.6,65.4,13.613,10.1,21,0.0
Orange,13.4,86.4,1.341,64.2,70,0.0
Banana,28.5,80.5,5.709,12.5,20,0.0
Potato,16.8,94.3,0.296,91.8,200,0.0
Onion,18.1,67.3,0.015,7.6,180,171.7
Tomato,23.5,74.9,0.782,5.5,21,0.0
Orange,4.3,84.4,0.17,22.0,70,41.9
Broccoli,32.8,69.1,6.133,10.2,18,0.0
Tomato,16.3,88.6,1.637,18.3,21,0.0
Onion_Green,33.0,80.3,9.386,22.6,25,0.0
Potato,19.6,84.9,0.934,161.1,200,0.0
Banana,16.5,92.0,0.558,4.6,20,11.7
Potato,9.4,92.6,0.052,29.5,200,168.2
Onion,30.2,56.1,0.266,51.9,180,0.0
Apple,33.0,62.4,9.156,70.9,180,0.0
Onion,28.1,55.3,0.038,7.0,180,156.8
Carrot,1.4,94.9,0.116,11.4,30,16.4
Onion_Green,-0.8,100.0,0.122,8.4,25,14.9
Onion_Green,34.5,78.5,6.764,12.4,25,0.0
Grapes,32.4,79.6,3.243,11.0,45,0.0
Orange,28.4,73.0,5.393,56.4,70,0.0
Orange,12.0,75.9,0.22,15.6,70,21.3
Tomato,15.2,85.0,1.364,14.8,21,0.0
Apple,2.1,98.9,0.308,39.0,180,115.7
Banana,28.5,75.2,5.496,10.3,20,0.0
Carrot,3.0,94.4,0.01,0.3,30,29.7
Broccoli,-0.5,99.3,0.055,2.7,18,15.1
Carrot,4.4,97.0,0.235,18.5,30,2.0
Carrot,6.5,75.6,0.461,27.2,30,0.0
Tomato,14.8,93.1,0.302,4.7,21,13.3
Spinach,9.2,80.6,0.047,1.3,12,6.4
Broccoli,1.3,91.0,0.139,4.2,18,11.8
Spinach,-1.4,100.0,0.061,5.1,12,5.7
Spinach,2.1,98.8,0.053,3.1,12,8.6
Onion,21.8,66.4,0.225,71.0,180,84.4
Orange,4.7,86.9,0.501,66.5,70,0.0
Banana,15.0,88.4,2.164,15.3,20,0.0
Cucumber,10.2,100.0,0.369,12.9,14,0.0
Onion,35.1,82.8,1.18,112.9,180,0.0
Banana,31.1,83.2,13.994,18.3,20,0.0
Orange,8.0,85.1,0.249,20.8,70,38.4
Onion_Green,-0.7,98.0,0.097,5.3,25,19.0
Broccoli,33.1,60.2,5.195,6.1,18,0.0
Cucumber,15.3,100.0,0.398,7.1,14,0.2
Spinach,13.1,82.9,0.103,2.1,12,0.4
Mango,22.2,86.4,4.061,10.4,21,0.0
Bell Pepper,20.2,88.0,0.757,8.1,18,0.0
Bell Pepper,11.0,87.5,0.702,16.3,18,0.0
Bell Pepper,37.9,62.5,3.496,5.1,18,0.0
Banana,35.1,72.6,15.0,17.6,20,0.0
Potato,10.7,100.0,0.377,158.8,200,0.0
Cucumber,25.1,87.2,1.187,8.0,14,0.0
Potato,28.8,57.5,0.611,43.9,200,0.0
Carrot,16.6,85.8,0.19,3.5,30,5.8
Spinach,35.9,75.2,5.296,10.1,12,0.0
Onion_Green,37.5,74.5,13.09,19.9,25,0.0
Carrot,28.6,53.8,3.898,22.4,30,0.0
Cucumber,10.5,92.6,0.525,12.3,14,0.0
Apple,0.1,97.6,0.095,13.0,180,162.7
Broccoli,33.5,55.5,0.895,1.2,18,0.0
Carrot,33.3,78.1,4.084,16.5,30,0.0
Bell Pepper,21.3,87.1,0.533,3.9,18,0.8
Spinach,4.1,96.8,0.185,6.6,12,2.6
Carrot,4.0,81.1,0.263,19.5,30,0.0
Broccoli,3.3,77.2,0.435,16.5,18,0.0
Orange,6.0,96.5,0.25,29.3,70,15.6
Onion_Green,-0.5,92.9,0.332,19.8,25,0.0
Grapes,35.7,50.7,15.0,40.9,45,0.0
Onion,21.2,65.0,0.017,5.9,180,173.6
Strawberry,12.2,71.7,2.62,2.6,5,0.0
Grapes,3.4,92.4,0.085,5.2,45,38.1
Mango,22.2,75.7,2.141,7.6,21,0.0
Spinach,1.6,100.0,0.06,3.1,12,8.5
Cucumber,21.5,80.9,1.208,12.3,14,0.0
Onion_Green,34.4,80.7,3.702,7.9,25,0.0
Mango,28.9,83.0,7.04,9.2,21,0.0
Strawberry,32.7,65.5,15.0,3.6,5,0.0
Cucumber,9.7,89.9,0.033,1.5,14,12.1
Banana,25.2,76.0,4.285,9.9,20,0.0
Bell Pepper,9.7,90.0,0.165,4.3,18,12.7
Banana,23.5,83.1,0.115,0.3,20,18.8
Cucumber,34.0,69.4,3.083,8.1,14,0.0
Strawberry,12.8,88.3,3.69,3.9,5,0.0
Mango,13.6,93.3,1.416,10.0,21,0.0
Grapes,8.4,87.1,0.065,2.2,45,39.0
Onion,19.9,71.1,0.346,159.3,180,0.0
Tomato,14.5,95.1,1.1,18.2,21,0.0
Banana,12.9,92.9,1.527,18.5,20,0.0
Bell Pepper,20.3,75.7,0.723,8.8,18,0.0
Banana,35.1,70.6,15.0,18.4,20,0.0
Mango,14.9,100.0,3.506,17.6,21,0.0
Bell Pepper,11.8,92.0,0.071,1.7,18,16.0
Cucumber,10.0,91.6,0.07,2.8,14,10.6
Strawberry,30.7,56.5,2.612,0.4,5,0.0
Broccoli,34.8,81.9,1.634,2.5,18,0.0
Apple,34.8,61.6,15.0,150.7,180,0.0
Orange,5.2,87.6,0.216,34.5,70,26.5
Tomato,29.1,79.8,0.766,3.0,21,4.4
Banana,37.4,72.5,0.512,0.4,20,13.2
Broccoli,13.6,89.1,1.352,14.4,18,0.0
Strawberry,29.9,52.3,15.0,3.1,5,0.0
Banana,31.2,76.8,1.915,2.5,20,0.0
Orange,11.3,80.1,0.506,35.1,70,0.0
Tomato,35.6,70.0,2.921,4.5,21,0.0
Banana,29.5,86.5,2.165,3.3,20,0.0
Onion,27.6,57.4,0.818,136.2,180,0.0
Orange,5.5,86.5,0.175,19.9,70,45.7
Mango,13.0,99.6,1.042,11.4,21,0.0
Tomato,14.6,92.2,0.817,12.7,21,0.0
Broccoli,31.9,58.4,2.221,3.9,18,0.0
Apple,2.9,94.1,0.635,89.9,180,16.4
Carrot,30.8,56.3,4.917,21.7,30,0.0
Broccoli,2.2,95.3,0.262,13.6,18,0.0
Bell Pepper,29.6,75.4,2.34,7.7,18,0.0
Potato,18.5,76.3,0.369,74.8,200,0.0
Broccoli,-2.0,100.0,0.313,15.5,18,0.0
Orange,30.4,82.6,4.264,55.5,70,0.0
Carrot,1.9,95.9,0.17,17.1,30,8.9
Cucumber,16.9,80.6,1.105,12.6,14,0.0
Broccoli,28.3,75.3,1.708,4.3,18,0.0
Mango,13.5,93.4,0.955,5.5,21,9.2
Strawberry,32.1,54.9,15.0,3.5,5,0.0
Broccoli,9.0,84.6,0.37,7.0,18,0.0
Mango,16.1,99.3,0.938,5.2,21,7.3
Bell Pepper,8.2,95.9,0.2,5.9,18,9.8
Grapes,-1.6,90.2,0.139,12.6,45,29.2
Carrot,12.2,86.3,0.724,21.9,30,0.0
Onion_Green,30.8,57.4,0.504,1.4,25,0.0
Cucumber,34.0,63.8,2.738,8.7,14,0.0
Potato,22.9,80.1,0.922,148.0,200,0.0
Onion,20.4,68.2,0.173,66.5,180,99.3
Bell Pepper,10.3,89.5,0.144,3.5,18,13.7
Banana,29.5,73.2,7.13,11.6,20,0.0
Onion_Green,14.5,76.7,0.314,4.3,25,0.0
Grapes,10.7,91.7,1.188,32.9,45,0.0
Banana,32.9,68.2,11.546,11.7,20,0.0
Carrot,10.5,77.0,0.01,0.1,30,29.2
Mango,13.8,91.2,1.076,8.7,21,0.8
Onion,35.8,53.1,0.093,13.7,180,76.9
Orange,15.0,80.1,1.69,62.1,70,0.0
Onion,21.9,76.5,0.466,149.6,180,0.0
Cucumber,13.2,98.1,0.041,1.0,14,12.8
Banana,14.9,90.5,0.569,5.0,20,11.3
Carrot,28.9,55.0,4.048,25.6,30,0.0
Strawberry,-0.1,100.0,0.324,1.3,5,2.7
Orange,2.4,89.9,0.071,11.0,70,56.1
Onion,35.5,77.6,0.877,74.9,180,0.0
Onion,20.0,68.7,0.01,1.6,180,178.3
Broccoli,-2.0,99.5,0.25,15.5,18,0.0
Apple,-0.2,97.1,0.659,91.2,180,0.0
Bell Pepper,10.9,100.0,0.713,15.4,18,0.0
Mango,12.5,100.0,1.557,14.5,21,0.0
Cucumber,12.3,98.6,0.299,9.2,14,0.6
Apple,2.4,95.0,0.253,39.3,180,126.5
Mango,13.7,92.0,0.955,5.8,21,8.6
Onion,26.5,59.6,0.433,124.0,180,0.0
Strawberry,14.6,74.0,1.886,1.8,5,0.0
Onion_Green,29.3,75.2,2.806,9.9,25,0.0
Bell Pepper,32.8,82.1,3.841,9.9,18,0.0
Cucumber,9.9,98.0,0.316,8.5,14,1.3
Spinach,13.7,84.2,0.512,7.1,12,0.0
Cucumber,9.2,91.6,0.238,7.7,14,2.8
Bell Pepper,26.6,74.7,3.144,14.3,18,0.0
Mango,12.4,92.4,0.297,2.0,21,18.3
Orange,37.0,53.3,11.043,57.5,70,0.0
Onion_Green,2.3,100.0,0.023,1.0,25,23.8
Strawberry,29.4,79.6,1.215,0.2,5,0.7
Strawberry,32.0,81.7,15.0,2.6,5,0.0
Strawberry,0.5,97.1,0.817,2.6,5,0.0
Onion_Green,37.8,62.4,1.948,2.6,25,0.0
Banana,35.0,66.3,7.167,7.7,20,0.0
Carrot,0.8,100.0,0.086,6.7,30,22.3
Mango,22.1,79.1,4.436,12.1,21,0.0
Strawberry,1.0,90.2,0.286,0.9,5,3.7
Apple,33.9,62.5,15.0,138.7,180,0.0
Cucumber,36.3,57.6,4.116,12.6,14,0.0
Onion_Green,0.7,100.0,0.341,18.7,25,0.0
Onion,20.6,62.8,0.459,162.4,180,0.0
Potato,33.7,79.5,0.756,49.8,200,0.0
Banana,13.5,94.7,0.975,7.7,20,3.1
Cucumber,18.1,80.8,0.3,4.6,14,0.0
Strawberry,7.1,77.1,0.361,0.8,5,1.8
Carrot,0.2,100.0,0.072,8.6,30,20.2
Orange,4.6,91.3,0.108,11.5,70,55.9
Mango,13.1,99.5,1.707,13.1,21,0.0
Mango,15.4,91.9,1.27,7.2,21,1.8
Banana,35.4,53.9,15.0,16.8,20,0.0
Strawberry,8.5,74.5,0.354,0.6,5,2.3
Spinach,-1.8,94.8,0.049,4.4,12,6.4
Strawberry,36.7,84.9,15.0,1.7,5,0.0
Bell Pepper,12.1,94.4,0.279,4.7,18,11.2
Onion_Green,10.4,88.6,0.726,20.5,25,0.0
Carrot,2.1,100.0,0.206,18.8,30,5.3
Potato,31.7,64.4,1.056,60.4,200,0.0
Carrot,31.8,66.5,5.303,23.5,30,0.0
Broccoli,35.4,72.4,8.798,12.8,18,0.0
Strawberry,-1.7,89.7,0.543,2.4,5,0.7
Cucumber,21.8,86.7,0.988,10.7,14,0.0
Onion_Green,11.9,87.4,0.356,6.1,25,0.0
Bell Pepper,7.9,93.2,0.097,3.3,18,14.0
Apple,34.7,78.5,6.0,30.0,180,0.0
Cucumber,10.5,98.2,0.087,3.1,14,10.3
Bell Pepper,29.2,83.8,1.04,4.6,18,0.0
Strawberry,-0.3,99.8,0.635,2.5,5,0.0
Cucumber,10.4,95.3,0.218,7.8,14,4.0
Mango,12.7,95.2,2.246,16.1,21,0.0
Bell Pepper,31.6,76.5,1.964,5.3,18,0.0
Apple,2.3,93.3,0.876,119.3,180,0.0
Orange,14.9,78.2,1.523,63.6,70,0.0
Cucumber,36.3,64.6,5.623,9.7,14,0.0
Onion_Green,-0.9,100.0,0.154,9.4,25,13.3
Tomato,16.1,88.3,0.899,9.0,21,2.2
Broccoli,0.4,100.0,0.267,15.0,18,0.0
Spinach,1.0,94.5,0.071,5.4,12,5.8
Carrot,-2.0,95.9,0.037,3.9,30,25.1
Grapes,11.9,89.6,1.358,38.7,45,0.0
Tomato,37.1,82.3,9.912,15.3,21,0.0
Mango,24.9,78.7,0.483,0.9,21,15.9
Tomato,23.6,74.3,1.461,8.5,21,0.0
Onion_Green,8.5,92.1,0.456,16.1,25,0.0
Potato,10.0,96.1,0.037,23.4,200,172.4
Grapes,2.1,87.5,0.594,42.7,45,0.0
Grapes,0.8,96.3,0.451,35.7,45,0.0
Tomato,26.5,76.9,0.987,5.1,21,0.0
Bell Pepper,34.5,66.6,3.441,6.5,18,0.0
Cucumber,20.7,83.2,0.777,7.6,14,0.0
Strawberry,33.8,61.0,15.0,2.2,5,0.0
Apple,5.7,90.9,0.786,70.3,180,17.0
Tomato,37.4,80.1,5.242,8.4,21,0.0
Broccoli,-1.6,99.1,0.045,3.4,18,14.2
Grapes,10.3,90.1,0.267,14.3,45,0.0
Broccoli,29.8,81.5,0.774,2.7,18,0.0
Grapes,6.0,88.0,0.589,26.2,45,0.0
Strawberry,37.1,55.3,14.543,1.3,5,0.0
Mango,12.1,93.3,2.053,17.3,21,0.0
Carrot,32.4,83.4,2.914,13.1,30,0.0
Grapes,1.7,96.4,0.411,39.7,45,0.0
Onion,19.0,70.0,0.274,152.3,180,0.0
Onion,35.5,75.1,1.795,165.0,180,0.0
Mango,36.4,72.2,4.993,3.5,21,0.0
Onion_Green,1.6,95.3,0.378,20.9,25,0.0
Broccoli,1.1,95.3,0.03,1.1,18,16.8
Bell Pepper,7.8,91.5,0.014,0.6,18,17.3
Spinach,29.5,83.0,1.926,6.8,12,0.0
Onion_Green,-0.4,100.0,0.055,4.0,25,20.5
Mango,9.9,100.0,0.364,3.6,21,13.7
Potato,37.9,78.3,0.66,27.0,200,0.0
Onion,28.1,69.7,0.442,80.3,180,0.0
Banana,16.6,90.5,2.228,12.3,20,0.0
Potato,19.5,86.6,0.465,85.2,200,0.0
Spinach,35.5,72.9,1.108,2.0,12,0.0
Mango,12.5,94.4,1.362,10.7,21,0.0
Apple,-0.4,87.3,0.189,53.0,180,101.7
Strawberry,0.9,89.5,0.425,1.2,5,3.0
Broccoli,-1.2,99.8,0.05,2.6,18,15.1
Banana,30.7,63.8,3.463,5.7,20,0.0
Banana,34.6,69.7,6.737,8.0,20,0.0
Potato,11.1,92.7,0.312,187.8,200,0.0
Onion,18.4,61.9,0.119,57.2,180,99.8
Tomato,30.5,63.4,3.322,8.4,21,0.0
Spinach,1.7,100.0,0.027,1.5,12,10.4
Onion_Green,0.7,97.0,0.082,4.2,25,20.4
Grapes,0.6,94.0,0.294,28.7,45,5.5
Onion_Green,37.7,66.0,1.607,2.4,25,0.0
Banana,14.9,90.9,1.242,9.0,20,0.0
Spinach,11.5,83.1,0.339,9.3,12,0.0
Onion_Green,13.6,88.3,0.648,10.3,25,0.0
Banana,30.7,81.9,8.15,14.0,20,0.0
Grapes,1.6,97.2,0.315,27.1,45,2.3
Spinach,-0.6,100.0,0.033,2.2,12,9.5
Strawberry,38.0,81.2,15.0,3.1,5,0.0
Grapes,1.2,93.3,0.201,12.7,45,28.9
Onion_Green,12.1,88.3,0.484,9.4,25,0.0
Carrot,8.9,77.3,0.185,10.5,30,0.0
Potato,8.8,94.6,0.091,59.8,200,131.8
Broccoli,29.0,56.6,3.64,13.7,18,0.0
Onion,20.5,69.2,0.072,29.5,180,147.2
Banana,11.5,95.2,1.032,9.6,20,0.0
Banana,30.5,52.4,2.934,6.3,20,0.0
Strawberry,32.8,80.8,15.0,3.5,5,0.0
Bell Pepper,18.6,81.4,1.12,14.6,18,0.0
Grapes,37.7,57.6,15.0,32.0,45,0.0
Spinach,31.1,52.4,0.072,0.2,12,4.8
Onion_Green,-2.0,91.7,0.081,6.8,25,15.5
Tomato,25.0,75.7,3.186,17.8,21,0.0
Banana,31.2,50.2,11.725,17.3,20,0.0
Grapes,6.4,85.1,0.436,23.5,45,0.0
Strawberry,0.7,100.0,0.521,1.8,5,1.3
Bell Pepper,8.7,90.9,0.455,11.7,18,0.0
Strawberry,0.6,93.4,0.323,1.0,5,3.6
Cucumber,31.5,56.5,2.126,12.5,14,0.0
Orange,2.8,92.9,0.401,54.4,70,0.0
Onion,20.3,65.4,0.23,82.1,180,72.6
Tomato,25.2,80.0,0.297,1.7,21,15.6
Mango,30.0,68.4,6.06,9.0,21,0.0
Mango,13.3,93.7,2.23,16.4,21,0.0
Spinach,37.4,83.0,0.337,0.6,12,0.0
Mango,22.6,79.5,3.752,11.4,21,0.0
Broccoli,28.1,78.7,0.755,3.1,18,0.0
Broccoli,-2.0,96.5,0.15,14.8,18,0.0
Strawberry,8.8,82.9,2.265,3.7,5,0.0
Banana,20.5,85.3,4.277,16.9,20,0.0
Potato,29.0,80.8,2.117,179.8,200,0.0
Strawberry,35.4,63.2,15.0,4.7,5,0.0
Cucumber,13.5,96.8,0.346,8.5,14,1.1
Cucumber,12.3,100.0,0.213,4.6,14,7.4
Bell Pepper,17.3,75.8,0.915,10.5,18,0.0
Cucumber,8.3,97.0,0.284,12.0,14,0.0
Mango,28.5,52.9,8.411,14.0,21,0.0
Apple,1.7,99.7,0.625,97.5,180,0.0
Bell Pepper,9.5,90.6,0.022,0.5,18,17.4
Orange,13.5,72.2,0.451,28.2,70,0.0
Grapes,-1.7,97.3,0.048,5.9,45,37.5
Apple,36.5,63.6,15.0,124.6,180,0.0
Carrot,8.5,96.1,0.367,18.5,30,0.0
Spinach,33.9,70.4,2.919,8.6,12,0.0
Strawberry,3.5,91.0,0.365,0.9,5,3.5
Strawberry,8.4,88.2,0.894,1.4,5,0.3
Broccoli,0.9,97.6,0.076,5.0,18,12.5
Strawberry,9.6,80.6,1.806,3.1,5,0.0
Strawberry,-2.0,97.0,0.495,1.7,5,1.8
Apple,13.4,87.4,2.631,110.2,180,0.0
Bell Pepper,34.4,68.6,1.421,3.2,18,0.0
Apple,-0.1,92.1,0.258,51.5,180,109.9
Tomato,16.2,87.2,0.891,12.7,21,0.0
Apple,2.2,91.9,0.036,5.7,180,173.9
Orange,2.6,81.9,0.199,31.2,70,21.2
Bell Pepper,21.4,78.9,0.577,5.5,18,0.0
Bell Pepper,8.0,90.2,0.05,1.7,18,16.0
Orange,5.1,96.2,0.308,40.5,70,0.0
Onion,36.3,58.4,1.745,169.7,180,0.0
Mango,24.8,79.7,0.228,0.6,21,17.8
Onion_Green,10.2,79.9,0.925,15.5,25,0.0
Tomato,14.3,89.4,0.847,13.5,21,0.0
Onion_Green,31.4,78.6,0.479,1.4,25,0.0
Mango,22.2,84.1,4.855,11.9,21,0.0
Tomato,17.7,91.8,1.304,16.0,21,0.0
Bell Pepper,10.7,89.4,0.454,9.6,18,2.4
Grapes,-1.5,100.0,0.142,19.4,45,14.1
Bell Pepper,30.3,63.3,2.441,6.6,18,0.0
Strawberry,32.1,81.1,7.848,1.0,5,0.0
Potato,37.6,84.8,2.251,87.3,200,0.0
Onion,33.1,65.9,0.88,99.9,180,0.0
Spinach,36.3,76.8,0.319,0.5,12,0.0
Cucumber,18.3,100.0,0.183,3.2,14,6.7
Onion,32.6,58.2,0.768,105.9,180,0.0
Orange,4.7,86.8,0.381,40.4,70,10.9
Tomato,18.4,90.6,0.788,6.5,21,7.5
Grapes,2.3,97.0,0.391,31.0,45,0.0
Mango,13.9,98.8,1.703,12.1,21,0.0
Mango,29.6,56.0,14.169,16.6,21,0.0
Broccoli,2.4,98.1,0.149,5.9,18,10.4
Banana,14.3,91.1,1.284,10.5,20,0.0
Onion,27.5,57.9,0.039,9.4,180,153.9
Bell Pepper,10.3,92.5,0.61,12.6,18,0.0
Spinach,1.1,100.0,0.106,5.2,12,5.9
Bell Pepper,34.2,71.6,7.385,14.5,18,0.0
Grapes,31.9,74.9,3.314,15.4,45,0.0
Cucumber,12.5,100.0,0.462,12.9,14,0.0
Cucumber,10.9,94.9,0.182,7.0,14,5.4
Broccoli,2.1,93.0,0.326,10.4,18,1.3
Tomato,16.9,89.2,0.304,3.6,21,16.1
Onion_Green,36.2,66.4,3.173,5.1,25,0.0
Apple,2.2,86.5,1.159,155.3,180,0.0
Onion_Green,2.4,97.6,0.445,17.9,25,0.0
Apple,33.8,62.2,15.0,134.3,180,0.0
Grapes,-1.3,90.2,0.141,10.3,45,32.3
Spinach,0.6,100.0,0.053,3.3,12,8.4
Mango,12.6,100.0,0.783,4.9,21,9.7
Bell Pepper,34.5,81.1,10.454,15.6,18,0.0
Carrot,1.8,100.0,0.097,9.6,30,18.7
Spinach,3.9,98.6,0.158,6.3,12,3.4
Strawberry,3.0,92.1,0.452,1.1,5,3.1
Bell Pepper,8.8,90.3,0.228,5.7,18,10.4
Apple,33.4,64.6,15.0,147.1,180,0.0
Onion,20.5,69.7,0.045,19.7,180,158.5
Carrot,34.4,80.6,7.439,23.0,30,0.0
Broccoli,30.3,67.9,5.733,11.7,18,0.0
Bell Pepper,11.1,87.8,0.848,16.6,18,0.0
Cucumber,29.7,62.1,1.675,8.0,14,0.0
Bell Pepper,34.5,77.5,3.931,10.0,18,0.0
Bell Pepper,8.9,92.7,0.208,6.4,18,9.8
Banana,25.7,87.4,1.07,3.0,20,4.5
Onion,27.2,52.5,0.708,167.3,180,0.0
Carrot,12.6,100.0,0.077,2.2,30,21.7
Mango,20.9,84.7,1.104,4.0,21,5.2
Strawberry,0.7,91.2,0.684,2.4,5,0.7
Mango,13.3,88.7,0.393,2.7,21,16.8
Potato,8.0,92.3,0.218,125.9,200,40.5
Apple,0.2,90.9,0.262,49.4,180,112.5
Onion_Green,0.4,96.3,0.328,18.1,25,0.0
Mango,12.4,95.8,0.916,7.6,21,4.4
Banana,14.3,92.5,2.204,13.6,20,0.0
Bell Pepper,35.7,76.0,9.988,14.4,18,0.0
Tomato,16.6,83.5,0.39,4.2,21,14.3
Onion_Green,15.6,91.3,0.2,2.5,25,8.9
Broccoli,34.1,64.8,0.986,1.7,18,0.0
Strawberry,35.4,84.0,6.641,0.6,5,0.0
Grapes,36.5,64.2,1.217,3.6,45,0.0
Apple,3.0,92.4,0.474,78.4,180,53.7
Bell Pepper,34.5,52.0,6.44,14.8,18,0.0
Banana,37.3,82.0,3.884,2.7,20,0.0
Cucumber,13.2,94.8,0.473,11.2,14,0.0
Grapes,1.1,100.0,0.364,34.9,45,0.0
Onion_Green,29.5,57.3,2.556,9.6,25,0.0
Orange,5.6,84.6,0.08,8.2,70,60.5
Onion,19.5,64.9,0.304,152.9,180,0.0
Banana,30.9,82.9,10.165,17.4,20,0.0
Strawberry,37.4,65.5,15.0,2.6,5,0.0
Orange,18.5,80.8,2.125,45.9,70,0.0
Cucumber,36.7,60.0,6.004,11.7,14,0.0
Strawberry,3.2,88.9,0.977,2.2,5,0.0
Strawberry,32.7,63.6,15.0,4.3,5,0.0
Cucumber,12.5,95.7,0.155,4.3,14,8.8
Orange,7.4,89.3,0.048,4.7,70,64.4
Onion_Green,1.2,100.0,0.216,13.9,25,6.5
Spinach,37.8,59.0,0.163,0.2,12,4.2
Banana,36.3,57.1,5.859,4.2,20,0.0
Cucumber,36.9,69.6,0.701,2.1,14,0.0
Mango,38.0,77.3,15.0,13.3,21,0.0
Mango,10.1,95.5,0.668,7.1,21,6.7
Potato,11.4,95.0,0.276,148.9,200,0.0
Tomato,30.1,63.7,5.828,18.5,21,0.0
Grapes,32.1,84.5,4.32,17.1,45,0.0
Broccoli,32.0,80.5,0.286,0.6,18,4.6
Potato,19.1,90.8,0.016,3.0,200,190.3
Tomato,30.3,61.1,5.184,14.3,21,0.0
Onion_Green,30.4,66.1,1.169,4.7,25,0.0
Strawberry,1.0,94.3,0.051,0.2,5,4.8
Strawberry,37.0,77.6,15.0,4.0,5,0.0
Potato,4.7,90.3,0.048,58.0,200,119.7
Potato,4.6,90.2,0.037,28.9,200,159.8
Carrot,0.0,92.0,0.094,14.4,30,10.7
Strawberry,5.9,84.9,1.156,2.3,5,0.0
Onion,18.8,70.9,0.049,22.0,180,154.4
Potato,8.0,100.0,0.28,180.8,200,0.0
Potato,6.3,87.0,0.089,91.2,200,72.2
Cucumber,12.0,98.3,0.085,2.5,14,11.0
Potato,13.5,91.3,0.179,84.5,200,54.6
Cucumber,10.0,94.2,0.059,1.9,14,11.9
Onion,21.0,67.6,0.294,143.5,180,0.0
Potato,29.5,69.1,0.871,66.3,200,0.0
Onion_Green,0.4,100.0,0.044,2.7,25,22.0
Broccoli,1.1,99.6,0.386,15.4,18,0.0
Bell Pepper,10.7,92.0,0.446,13.8,18,0.0
Banana,13.5,91.7,0.272,2.4,20,16.7
Apple,6.8,76.5,2.18,151.7,180,0.0
Apple,32.0,66.2,12.023,80.4,180,0.0
Potato,6.9,94.5,0.171,126.8,200,37.3
Onion,36.2,73.5,2.156,169.0,180,0.0
Carrot,35.4,54.7,4.982,13.6,30,0.0
Mango,17.9,83.6,2.188,8.8,21,0.0
Grapes,1.6,96.2,0.268,21.8,45,13.1
Cucumber,33.8,70.0,0.546,1.3,14,0.0
Potato,7.8,98.2,0.064,47.1,200,138.5
Cucumber,9.7,96.6,0.257,8.5,14,2.2
Apple,12.4,83.9,3.469,145.3,180,0.0
Cucumber,33.0,71.2,2.36,8.1,14,0.0
Banana,30.9,83.5,6.819,9.5,20,0.0
Apple,37.3,58.0,15.0,99.1,180,0.0
Cucumber,9.6,90.4,0.407,11.0,14,0.0
Strawberry,35.7,70.3,15.0,4.4,5,0.0
Orange,3.8,97.4,0.102,14.5,70,43.9
Apple,14.9,83.5,2.396,95.3,180,0.0
Onion_Green,7.5,94.7,0.231,7.1,25,7.7
Mango,26.2,75.8,2.879,5.7,21,0.0
Onion_Green,32.7,55.7,7.648,18.0,25,0.0
Grapes,1.5,89.3,0.308,21.8,45,12.7
Strawberry,2.0,97.9,1.556,4.3,5,0.0
Apple,5.3,93.3,1.337,156.6,180,0.0
Tomato,13.7,99.1,0.713,12.3,21,0.0
Grapes,32.8,75.6,5.661,24.3,45,0.0
Mango,14.9,94.6,1.634,9.3,21,0.0
Spinach,0.6,99.2,0.093,5.8,12,5.4
Onion_Green,31.0,62.4,3.43,9.3,25,0.0
Onion_Green,-0.7,99.1,0.053,4.1,25,20.5
Spinach,31.4,81.6,0.679,1.9,12,0.0
Onion_Green,-2.0,94.7,0.162,11.8,25,9.3
Spinach,3.9,94.0,0.185,7.6,12,0.8
Strawberry,0.3,97.5,0.66,2.0,5,1.1
Potato,37.2,50.9,0.533,19.8,200,0.0
Tomato,17.6,88.6,1.17,14.1,21,0.0
Bell Pepper,21.1,85.5,1.074,8.1,18,0.0
Bell Pepper,34.9,84.5,1.328,2.4,18,0.0
Strawberry,28.1,82.7,15.0,4.5,5,0.0
Potato,8.2,93.5,0.157,106.1,200,73.1
Spinach,1.1,100.0,0.035,2.0,12,9.8
Onion_Green,-0.0,95.5,0.349,22.6,25,0.0
Cucumber,29.1,69.5,0.342,1.4,14,0.0
Broccoli,30.3,67.6,1.778,3.7,18,0.0
Tomato,14.4,85.8,1.633,18.7,21,0.0
Banana,20.8,84.5,1.907,9.6,20,0.0
Bell Pepper,20.6,82.0,0.453,5.0,18,0.0
Onion,19.5,76.0,0.231,95.2,180,0.0
Onion,17.1,70.1,0.251,155.7,180,0.0
Grapes,34.0,84.8,1.691,7.8,45,0.0
Tomato,36.0,50.8,10.688,16.4,21,0.0
Bell Pepper,15.1,97.6,0.523,7.9,18,0.0
Onion,28.2,58.3,0.23,45.9,180,32.9
Banana,20.3,88.8,2.562,12.2,20,0.0
Cucumber,22.5,82.6,0.431,4.5,14,0.0
Grapes,2.0,95.3,0.301,30.8,45,0.0
Onion_Green,0.2,100.0,0.357,21.6,25,0.0
Bell Pepper,35.9,82.1,2.825,6.2,18,0.0
Spinach,30.9,72.2,0.252,0.9,12,0.0
Cucumber,19.5,80.7,0.946,10.0,14,0.0
Strawberry,1.2,100.0,0.91,3.9,5,0.0
Tomato,15.7,84.9,0.893,11.9,21,0.0
Broccoli,-1.1,99.2,0.043,2.5,18,15.3
Apple,34.5,77.4,7.938,55.7,180,0.0
Carrot,14.3,84.4,0.706,15.0,30,0.0
Mango,16.0,95.5,0.85,4.0,21,12.1
Onion_Green,37.2,79.6,7.085,10.0,25,0.0
Apple,1.8,89.5,0.152,19.2,180,156.2
Tomato,37.2,76.2,12.642,18.7,21,0.0
Grapes,29.2,70.4,6.607,40.8,45,0.0
Tomato,17.2,95.1,1.209,13.4,21,0.0
Banana,33.8,51.6,15.0,15.2,20,0.0
Mango,13.9,91.5,1.718,10.7,21,0.0
Bell Pepper,31.2,84.2,0.483,1.4,18,2.1
Onion,19.7,66.1,0.038,17.2,180,161.8
Mango,11.6,99.1,2.012,13.7,21,0.0
Apple,31.8,57.7,2.71,25.0,180,0.0
Spinach,14.3,83.4,0.316,4.9,12,0.0
Onion,31.7,67.8,0.833,113.3,180,0.0
Cucumber,11.4,100.0,0.399,11.0,14,0.0
Apple,4.1,93.1,1.495,148.8,180,0.0
Grapes,0.6,100.0,0.139,10.6,45,28.6
Apple,30.7,62.6,2.143,13.9,180,0.0
Mango,36.3,63.5,8.159,7.0,21,0.0
Tomato,18.5,90.1,1.322,14.3,21,0.0
Onion_Green,0.8,100.0,0.013,1.0,25,23.9
Tomato,31.8,61.5,2.008,7.0,21,0.0
Orange,3.1,88.0,0.13,15.4,70,51.1
Mango,34.6,57.7,1.197,1.1,21,0.0
Potato,33.4,54.9,0.839,51.3,200,0.0
Onion,20.1,69.8,0.109,47.3,180,124.9
Potato,29.2,73.8,1.838,141.6,200,0.0
Tomato,33.7,73.9,7.27,17.2,21,0.0
Cucumber,14.2,93.6,0.01,0.1,14,13.9
Cucumber,29.5,68.8,2.087,10.2,14,0.0
Bell Pepper,10.9,99.1,0.109,2.8,18,14.0
Onion,19.4,65.8,0.198,98.0,180,56.1
Strawberry,38.0,69.2,15.0,2.7,5,0.0
Spinach,13.3,85.1,0.581,11.2,12,0.0
Mango,13.8,89.1,0.815,8.8,21,2.7
Cucumber,10.6,91.9,0.196,6.5,14,5.5
Tomato,17.8,91.3,0.614,6.9,21,8.1
Mango,21.8,82.3,5.998,15.4,21,0.0
Banana,32.1,68.0,11.59,13.2,20,0.0
Cucumber,23.0,85.0,1.058,10.9,14,0.0
Banana,15.2,99.9,0.675,4.3,20,10.5
Banana,32.6,75.7,15.0,18.5,20,0.0
Spinach,12.3,84.4,0.484,8.1,12,0.0
Bell Pepper,10.1,95.2,0.387,11.1,18,1.2
Broccoli,-0.9,90.0,0.206,10.8,18,0.3
Apple,34.4,68.5,7.26,45.5,180,0.0
Broccoli,0.6,96.8,0.084,3.5,18,14.1
Orange,13.8,75.7,0.604,25.6,70,0.0
Tomato,29.5,62.5,3.306,11.1,21,0.0
Grapes,14.2,82.4,0.107,2.3,45,31.9
Broccoli,1.4,96.6,0.01,0.4,18,17.6
Orange,5.1,93.0,0.2,18.5,70,43.3
Bell Pepper,34.7,60.1,4.609,9.4,18,0.0
Carrot,4.4,91.2,0.079,5.6,30,21.1
Spinach,37.6,81.2,1.788,3.0,12,0.0
Tomato,36.1,57.3,2.557,3.2,21,0.0
Strawberry,-0.9,90.2,0.261,1.5,5,3.0
Grapes,17.6,73.0,0.453,9.4,45,0.0
Orange,28.8,76.3,5.438,57.8,70,0.0
Grapes,28.4,51.5,7.675,37.9,45,0.0
Strawberry,9.2,85.6,0.908,1.2,5,0.1
Bell Pepper,9.3,93.8,0.268,6.8,18,8.9
Cucumber,18.7,89.9,0.921,10.3,14,0.0
Apple,34.9,59.6,5.898,26.3,180,0.0
Bell Pepper,11.0,89.0,0.845,16.2,18,0.0
Spinach,8.9,78.5,0.297,8.8,12,0.0
Cucumber,10.7,96.6,0.06,1.8,14,12.1
Apple,9.1,89.5,1.34,94.9,180,0.0
Cucumber,10.8,92.0,0.071,2.1,14,11.6
Banana,14.5,100.0,2.184,15.1,20,0.0
Potato,10.5,90.7,0.014,7.0,200,192.1
Onion_Green,5.8,93.4,0.533,18.3,25,0.0
Tomato,26.0,78.7,0.719,3.3,21,7.2
Carrot,-0.2,99.3,0.108,8.7,30,19.8
Spinach,0.9,93.9,0.143,7.0,12,3.3
Cucumber,14.7,100.0,0.054,0.9,14,12.7
Carrot,7.5,78.9,0.169,9.5,30,0.0
Potato,13.5,88.1,0.01,3.7,200,194.0
Mango,20.2,89.3,2.61,9.3,21,0.0
Banana,12.8,87.1,1.641,18.8,20,0.0
Potato,6.4,96.5,0.175,174.0,200,0.0
Bell Pepper,7.8,88.8,0.107,4.3,18,12.4
Onion_Green,1.4,100.0,0.307,13.2,25,5.8
Apple,2.3,98.3,1.206,167.9,180,0.0
Mango,20.6,85.5,1.646,5.2,21,0.0
Spinach,0.4,97.6,0.072,8.3,12,2.9
Mango,20.4,88.9,0.76,5.9,21,2.8
Grapes,-2.0,100.0,0.311,28.8,45,0.0
Apple,10.5,76.9,1.424,86.1,180,0.0
Broccoli,-2.0,100.0,0.202,9.3,18,5.3
Onion_Green,33.6,75.6,5.571,10.1,25,0.0
Broccoli,8.5,89.2,0.176,3.4,18,7.5
Strawberry,31.9,73.2,15.0,3.4,5,0.0
Carrot,9.8,90.6,0.028,1.1,30,26.9
Orange,5.7,88.3,0.419,45.1,70,1.6
Onion_Green,6.6,91.8,0.068,2.7,25,19.2
Cucumber,10.3,89.8,0.361,10.4,14,0.0
Grapes,-2.0,94.3,0.319,39.8,45,0.0
Strawberry,2.6,96.7,0.676,1.4,5,2.2
Grapes,28.4,64.6,4.629,25.4,45,0.0
Grapes,37.4,62.2,7.997,17.0,45,0.0
Cucumber,13.0,93.4,0.135,2.7,14,10.7
Spinach,1.4,95.4,0.076,3.6,12,7.9
Orange,28.7,51.5,4.34,46.3,70,0.0
Mango,14.9,86.7,1.673,11.0,21,0.0
Banana,14.7,90.0,2.538,16.6,20,0.0
Spinach,0.2,100.0,0.132,6.5,12,4.1
Mango,24.5,83.6,6.137,14.7,21,0.0
Potato,35.3,69.8,1.45,61.4,200,0.0
Onion,21.1,66.9,0.153,63.0,180,103.8
Onion,21.2,65.6,0.045,16.3,180,162.0
Onion,18.7,65.7,0.088,57.5,180,113.2
Apple,31.8,66.2,4.768,28.1,180,0.0
Tomato,24.8,73.4,3.029,15.7,21,0.0
Orange,4.0,87.2,0.25,34.8,70,24.1
Mango,21.5,84.7,0.959,3.5,21,6.9
Grapes,37.6,59.2,6.369,13.0,45,0.0
Potato,8.9,89.9,0.014,8.6,200,190.8
Mango,37.3,75.1,13.751,15.5,21,0.0
Carrot,-0.5,98.2,0.058,5.3,30,24.1
Tomato,17.0,87.6,1.846,17.2,21,0.0
Apple,30.9,61.6,9.214,93.9,180,0.0
Strawberry,29.5,56.4,15.0,4.2,5,0.0
Onion_Green,-0.8,98.8,0.126,10.0,25,13.3
Apple,2.9,92.9,0.438,65.6,180,77.3
Spinach,36.0,63.1,0.973,1.9,12,0.0
Orange,7.6,89.1,0.871,62.4,70,0.0
Banana,29.5,77.7,4.447,7.1,20,0.0
Potato,30.1,76.8,1.483,110.6,200,0.0
Apple,2.6,92.1,0.126,13.4,180,164.2
Mango,33.0,61.8,12.053,12.9,21,0.0
Mango,24.1,86.4,4.082,8.5,21,0.0
Onion,32.3,62.4,0.428,55.0,180,0.0
Apple,31.3,55.8,9.058,86.0,180,0.0
Potato,30.8,55.3,0.192,15.7,200,0.0
Apple,36.1,63.6,15.0,83.1,180,0.0
Banana,14.6,93.3,1.576,13.5,20,0.0
Tomato,16.8,91.4,1.358,16.3,21,0.0
Orange,9.9,94.0,0.527,42.2,70,0.0
Spinach,2.2,100.0,0.14,7.1,12,3.3
Spinach,0.9,100.0,0.141,8.6,12,1.5
Cucumber,11.3,96.8,0.127,4.6,14,8.6
Carrot,37.0,58.4,7.609,21.8,30,0.0
Onion,19.8,76.2,0.263,113.7,180,0.0
Onion_Green,-0.6,96.9,0.282,19.4,25,0.0
Broccoli,1.1,97.1,0.456,14.9,18,0.0
Cucumber,14.3,91.8,0.36,6.7,14,2.8
Mango,22.5,77.3,1.03,3.3,21,2.4
Carrot,31.1,73.7,1.931,8.8,30,0.0
Orange,7.2,89.0,0.263,22.0,70,38.5
Grapes,-0.0,92.5,0.12,8.4,45,35.4
Apple,2.8,92.0,0.359,50.4,180,106.2
Broccoli,29.0,58.3,4.95,13.7,18,0.0
Banana,12.2,100.0,0.059,0.6,20,19.1
Bell Pepper,9.8,94.5,0.01,0.3,18,17.7
Mango,13.4,96.6,1.764,13.6,21,0.0
Apple,36.9,55.0,15.0,84.5,180,0.0
Bell Pepper,10.8,90.3,0.403,9.9,18,2.9
Bell Pepper,36.7,82.0,2.897,8.4,18,0.0
Orange,13.9,71.7,0.551,25.7,70,0.0
Mango,21.1,81.5,4.008,13.4,21,0.0
Grapes,-0.6,90.0,0.115,14.7,45,27.6
Grapes,-2.0,92.2,0.083,11.2,45,31.8
Strawberry,5.7,82.8,2.21,4.2,5,0.0
Onion,20.0,66.4,0.312,133.3,180,0.0
Broccoli,-2.0,100.0,0.025,1.3,18,16.5
Cucumber,36.3,51.1,1.012,1.9,14,0.0
Cucumber,10.4,100.0,0.284,10.6,14,0.0
Onion,30.7,74.7,0.849,108.8,180,0.0
Onion_Green,30.9,51.3,6.886,20.9,25,0.0
Banana,27.3,83.8,5.785,9.9,20,0.0
Spinach,11.2,86.1,0.287,7.7,12,0.0
Potato,8.4,93.4,0.044,36.1,200,161.8
Carrot,35.1,65.6,3.186,9.9,30,0.0
Cucumber,23.1,88.5,0.869,7.3,14,0.0
Onion_Green,16.1,82.7,0.339,4.1,25,0.0
Potato,10.1,89.6,0.029,19.2,200,178.0
Banana,30.3,57.2,6.5,13.4,20,0.0
Apple,11.9,87.3,0.737,44.7,180,0.0
Potato,32.4,62.0,0.294,19.5,200,0.0
Onion,34.5,63.9,0.792,86.6,180,0.0
Cucumber,36.8,59.3,3.247,8.3,14,0.0
Carrot,-0.1,94.6,0.017,1.7,30,28.1
Carrot,-0.6,99.3,0.184,25.3,30,0.0
Cucumber,35.0,72.4,1.463,4.8,14,0.0
Mango,9.9,100.0,1.411,14.4,21,0.0
Orange,4.9,87.4,0.306,39.4,70,16.2
Banana,28.2,80.0,1.519,2.8,20,0.0
Onion,17.9,76.0,0.182,98.9,180,0.0
Banana,13.6,94.3,1.397,13.3,20,0.0
Mango,35.4,50.8,1.148,1.3,21,0.0
Carrot,1.5,96.6,0.046,4.5,30,25.2
Potato,19.7,84.9,0.873,167.2,200,0.0
Apple,1.0,93.5,0.317,47.9,180,113.3
Potato,6.6,95.2,0.252,163.3,200,0.0
Orange,29.7,59.1,5.953,59.8,70,0.0
Broccoli,4.7,100.0,0.202,5.0,18,9.4
Potato,33.8,67.9,3.261,185.4,200,0.0
Cucumber,11.0,98.2,0.058,2.1,14,11.6
Banana,16.8,88.3,1.565,9.2,20,0.0
Mango,37.8,64.9,15.0,15.8,21,0.0
Onion,17.4,70.3,0.135,77.4,180,75.5
Bell Pepper,9.3,94.3,0.358,8.4,18,5.7
Broccoli,2.7,99.5,0.152,6.7,18,9.0
Orange,32.6,56.3,7.927,43.8,70,0.0
Onion_Green,9.1,91.5,0.497,15.1,25,0.0
Tomato,38.0,83.5,6.053,7.7,21,0.0
Strawberry,-1.8,95.9,0.674,3.8,5,0.0
Tomato,19.3,96.0,1.114,9.6,21,0.0
Strawberry,28.3,50.7,1.056,0.3,5,0.0
Onion_Green,-1.5,100.0,0.254,20.6,25,0.0
Tomato,15.2,83.5,0.956,15.7,21,0.0
Onion,18.6,66.2,0.087,53.2,180,118.7
Tomato,24.2,74.1,2.496,11.1,21,0.0
Tomato,28.1,82.6,4.84,17.1,21,0.0
Grapes,0.4,89.6,0.357,29.4,45,1.1
Tomato,32.1,75.1,6.485,14.6,21,0.0
Mango,31.4,53.7,10.741,13.7,21,0.0
Carrot,-0.5,100.0,0.217,27.9,30,0.0
Broccoli,-0.9,100.0,0.267,14.7,18,0.0
Strawberry,37.5,61.5,15.0,2.3,5,0.0
Spinach,0.6,100.0,0.152,9.6,12,0.2
Mango,34.8,79.5,5.914,5.2,21,0.0
Onion_Green,29.0,50.1,6.065,18.9,25,0.0
Tomato,30.7,80.7,0.634,2.1,21,8.5
Carrot,-2.0,92.9,0.067,8.7,30,17.8
Grapes,10.9,80.7,0.529,15.8,45,0.0
Onion,21.5,66.4,0.351,152.4,180,0.0
Orange,20.6,60.5,1.234,24.2,70,0.0
Broccoli,0.9,98.9,0.282,12.8,18,0.6
Potato,10.3,91.9,0.117,67.9,200,117.8
Bell Pepper,38.0,71.2,8.787,13.4,18,0.0
Mango,37.6,50.2,14.255,8.3,21,0.0
Bell Pepper,21.2,94.6,0.867,7.7,18,0.0
Onion,18.2,70.2,0.302,144.0,180,0.0
Tomato,16.8,92.5,0.756,8.9,21,2.6
Cucumber,18.4,87.0,0.353,5.9,14,0.0
Apple,1.4,98.5,0.798,120.2,180,0.0
Broccoli,-2.0,94.7,0.344,16.0,18,0.0
Onion_Green,-0.3,99.2,0.229,12.8,25,8.4
Strawberry,4.4,86.8,1.133,2.3,5,0.0
Strawberry,33.1,73.0,15.0,3.7,5,0.0
Apple,3.4,100.0,0.303,36.5,180,113.8
Banana,24.4,81.5,5.42,14.5,20,0.0
Potato,8.2,95.5,0.052,41.9,200,152.9
Tomato,14.4,86.0,0.383,5.3,21,12.7
Spinach,-0.2,99.7,0.01,0.5,12,11.4
Mango,12.7,98.6,1.111,8.7,21,0.0
Mango,13.7,94.0,0.921,7.5,21,4.9
Orange,4.8,87.0,0.01,0.3,70,69.7
Cucumber,19.6,77.6,0.923,13.2,14,0.0
Banana,14.3,100.0,1.624,9.9,20,0.0
Orange,6.2,82.0,0.1,9.9,70,56.7
Potato,17.9,89.1,0.489,122.2,200,0.0
Bell Pepper,21.1,83.4,1.905,15.0,18,0.0
Orange,29.9,55.0,7.585,55.5,70,0.0
Apple,30.5,76.2,4.674,34.7,180,0.0
Onion_Green,-1.4,94.1,0.088,5.8,25,17.9
Onion_Green,37.3,62.6,5.099,8.4,25,0.0
Apple,2.2,90.5,0.01,0.3,180,179.7
Grapes,28.8,63.2,5.099,19.1,45,0.0
Mango,13.9,94.9,1.432,11.8,21,0.0
Strawberry,1.0,93.1,0.989,3.0,5,0.0
Carrot,1.0,100.0,0.108,12.3,30,15.5
Apple,3.8,89.0,0.816,120.8,180,0.0
Banana,13.4,93.7,1.062,8.7,20,0.0
Orange,12.6,82.3,0.298,16.6,70,25.3
Potato,33.5,67.1,3.553,187.5,200,0.0
Mango,9.4,100.0,1.706,19.8,21,0.0
Tomato,16.9,99.1,0.654,8.5,21,0.0
Potato,5.0,99.6,0.069,82.5,200,62.7
Orange,14.2,82.4,0.018,0.9,70,67.3
Banana,22.8,80.7,1.329,4.9,20,0.0
Strawberry,0.2,91.9,0.86,4.4,5,0.0
Strawberry,34.9,63.2,15.0,3.3,5,0.0
Tomato,23.2,65.8,2.352,13.2,21,0.0
Apple,31.0,76.9,14.764,110.0,180,0.0
Tomato,29.8,64.0,1.996,5.9,21,0.0
Carrot,-1.4,100.0,0.074,18.9,30,6.5
Strawberry,-0.1,87.8,0.684,2.3,5,0.5
Carrot,1.0,95.8,0.252,25.6,30,0.0
Spinach,31.9,79.3,3.277,10.8,12,0.0
Apple,4.4,80.2,0.777,129.1,180,0.0
Cucumber,14.3,97.1,0.318,7.6,14,2.0
Mango,24.0,78.7,5.121,14.0,21,0.0
Potato,37.8,78.9,0.284,14.5,200,0.0
Spinach,2.9,94.8,0.131,6.9,12,3.2
Grapes,32.4,80.7,1.676,6.0,45,0.0
Onion,17.4,65.8,0.058,40.8,180,130.3
Onion,29.2,56.0,0.406,64.6,180,0.0
Cucumber,14.2,96.2,0.502,11.8,14,0.0
Apple,34.7,58.6,15.0,104.4,180,0.0
Mango,28.1,65.8,2.526,5.1,21,0.0
Carrot,0.1,92.2,0.06,7.9,30,19.9
Strawberry,1.3,88.5,0.873,3.2,5,0.0
Tomato,15.3,95.7,1.446,15.0,21,0.0
Onion,19.7,69.1,0.047,24.4,180,153.8
Potato,29.2,63.5,0.751,63.6,200,0.0
Carrot,2.7,98.2,0.123,10.4,30,17.5
Mango,15.7,91.6,0.629,3.5,21,14.4
Bell Pepper,17.1,81.0,0.358,4.9,18,1.7
Orange,3.1,93.6,0.412,53.3,70,0.0
Apple,4.0,91.6,1.004,126.9,180,0.0
Apple,1.6,92.6,0.367,53.1,180,103.5
Apple,33.5,70.5,15.0,132.6,180,0.0
Spinach,2.1,99.0,0.124,8.2,12,2.3
Orange,6.0,88.4,0.425,52.1,70,0.0
Spinach,33.1,71.9,3.827,9.8,12,0.0
Broccoli,-2.0,90.9,0.08,5.6,18,9.8
Carrot,2.0,92.7,0.225,25.3,30,0.0
Apple,2.5,92.9,0.467,56.1,180,91.3
Carrot,0.1,100.0,0.162,22.0,30,2.4
Grapes,1.2,88.6,0.425,34.5,45,0.0
Tomato,31.9,83.0,6.377,16.3,21,0.0
Orange,5.4,93.8,0.573,61.6,70,0.0
Strawberry,32.3,54.5,15.0,4.2,5,0.0
Spinach,-2.0,97.8,0.1,7.3,12,2.5
Grapes,32.0,63.3,12.466,39.7,45,0.0
Strawberry,2.8,94.2,0.123,0.4,5,4.5
Onion,22.3,66.4,0.065,28.2,180,146.3
Grapes,11.3,75.3,1.2,38.7,45,0.0
Tomato,33.1,69.5,9.388,17.6,21,0.0
Spinach,15.3,96.7,0.687,8.4,12,0.0
Banana,13.1,91.2,0.413,4.7,20,12.8
Tomato,30.5,69.0,1.601,4.6,21,0.0
Strawberry,36.3,64.9,15.0,3.1,5,0.0
Carrot,-1.1,100.0,0.229,27.2,30,0.0
Tomato,13.5,86.9,0.237,4.9,21,13.8
Spinach,35.1,52.8,4.021,10.3,12,0.0
Mango,10.8,95.0,1.125,7.9,21,1.3
Cucumber,24.4,82.4,1.048,7.9,14,0.0
Carrot,3.4,97.2,0.172,12.6,30,13.4
Grapes,-2.0,90.8,0.192,26.0,45,10.4
Tomato,36.7,50.3,10.826,17.7,21,0.0
Strawberry,-2.0,91.4,0.771,3.1,5,0.0
Carrot,29.2,77.1,2.009,11.0,30,0.0
Carrot,2.1,100.0,0.077,7.4,30,21.4
Carrot,4.1,99.5,0.274,21.0,30,0.0
Strawberry,8.7,82.5,2.536,4.4,5,0.0
Strawberry,36.5,74.5,15.0,3.1,5,0.0
Bell Pepper,7.5,89.4,0.274,9.1,18,4.2
Onion_Green,0.0,99.9,0.176,11.5,25,10.6
Tomato,16.2,94.9,1.237,17.7,21,0.0
Cucumber,37.4,82.0,5.394,12.5,14,0.0
Onion_Green,29.6,73.0,3.203,11.3,25,0.0
Tomato,16.4,83.6,0.744,8.0,21,5.1
Broccoli,-0.0,98.3,0.354,12.0,18,0.8
Cucumber,13.3,100.0,0.078,1.4,14,12.1
Grapes,35.7,70.4,11.019,24.4,45,0.0
Tomato,34.9,63.4,2.825,4.8,21,0.0
Onion,28.4,55.4,0.555,109.0,180,0.0
Onion,34.5,57.7,1.191,125.0,180,0.0
Cucumber,12.1,94.6,0.351,9.0,14,1.2
Carrot,1.6,94.3,0.144,16.7,30,9.1
Cucumber,34.8,52.0,3.111,10.0,14,0.0
Broccoli,5.7,88.1,0.598,12.4,18,0.0
Bell Pepper,31.2,77.9,5.063,17.0,18,0.0
Spinach,1.3,99.2,0.022,1.4,12,10.5
Spinach,-0.4,100.0,0.091,7.7,12,2.9
Banana,14.5,94.4,0.272,1.5,20,18.0
Onion_Green,3.2,84.8,0.01,0.2,25,24.5
Broccoli,-1.0,96.2,0.246,12.0,18,2.1
Onion,19.2,78.5,0.058,27.0,180,91.4
Carrot,-0.4,98.5,0.032,4.3,30,25.3
Grapes,5.0,87.2,0.522,25.3,45,0.0
Mango,13.6,91.3,2.235,12.6,21,0.0
Onion_Green,0.1,95.3,0.073,4.9,25,19.5
Broccoli,16.1,90.9,0.735,6.5,18,0.0
Carrot,11.3,92.4,0.31,16.7,30,0.0
Bell Pepper,33.0,50.2,3.545,10.2,18,0.0
Broccoli,30.5,75.1,3.686,7.0,18,0.0
Strawberry,0.8,94.0,1.313,4.2,5,0.0
Spinach,-0.1,98.4,0.072,5.2,12,6.3
Onion,18.2,69.0,0.087,44.5,180,127.4
Tomato,32.6,75.5,3.508,7.8,21,0.0
Cucumber,9.5,98.3,0.195,7.5,14,3.7
Apple,33.1,82.2,3.19,15.7,180,0.0
Grapes,30.2,63.0,3.554,18.4,45,0.0
Orange,9.9,75.0,0.165,10.6,70,41.2
Apple,0.1,88.9,0.081,14.2,180,162.7
Orange,1.6,89.8,0.213,33.9,70,18.5
Orange,14.2,75.3,1.257,57.8,70,0.0
Bell Pepper,18.8,78.0,1.128,13.8,18,0.0
Broccoli,30.9,66.6,5.523,12.8,18,0.0
Onion_Green,-1.1,100.0,0.148,9.1,25,13.6
Cucumber,11.5,100.0,0.149,5.1,14,7.1
Cucumber,21.2,83.8,0.744,7.0,14,0.0
Potato,8.0,96.5,0.027,34.9,200,160.0
Grapes,2.3,100.0,0.357,32.8,45,0.0
Onion_Green,37.4,60.1,11.135,16.2,25,0.0
Cucumber,33.5,62.0,2.498,8.1,14,0.0
Cucumber,19.4,90.2,0.062,0.7,14,12.2
Orange,11.4,82.8,0.591,28.1,70,0.0
Tomato,23.8,75.0,1.79,10.4,21,0.0
Broccoli,-0.3,96.0,0.045,2.2,18,15.6
Potato,9.1,92.3,0.09,63.6,200,129.1
Strawberry,8.9,74.1,1.684,2.8,5,0.0
Potato,7.8,95.5,0.082,47.2,200,144.7
Tomato,17.5,88.4,0.978,13.2,21,0.0
Onion,33.5,71.1,1.345,160.3,180,0.0
Carrot,1.0,100.0,0.084,9.2,30,19.5
Onion_Green,-1.0,100.0,0.217,13.5,25,7.1
Carrot,13.8,87.0,0.077,2.1,30,19.2
Onion_Green,-1.4,100.0,0.018,1.1,25,23.8
Onion,32.7,68.2,1.402,170.1,180,0.0
Bell Pepper,28.6,76.6,0.591,2.3,18,0.0
Cucumber,14.3,94.5,0.593,12.8,14,0.0
Mango,19.7,83.0,1.935,9.8,21,0.0
Banana,12.7,91.2,2.788,19.0,20,0.0
Potato,10.0,93.7,0.023,12.9,200,186.1
Onion_Green,-1.4,100.0,0.288,22.4,25,0.0
Spinach,34.9,78.7,1.466,3.1,12,0.0
Broccoli,1.3,98.7,0.408,17.0,18,0.0
Potato,8.3,93.4,0.105,63.8,200,127.8
Potato,11.8,100.0,0.142,60.8,200,92.4
Apple,2.3,97.2,0.453,61.3,180,75.8
Cucumber,10.4,89.9,0.029,1.0,14,12.8
Carrot,-0.7,93.6,0.193,20.9,30,1.0
Carrot,-0.0,98.4,0.247,24.6,30,0.0
Spinach,0.6,99.6,0.103,4.8,12,6.5
Bell Pepper,18.3,86.9,1.29,14.7,18,0.0
Potato,18.0,91.4,0.524,142.8,200,0.0
Cucumber,11.5,92.4,0.256,5.5,14,6.5
Grapes,0.5,89.3,0.118,10.0,45,32.9
Spinach,4.3,100.0,0.124,5.9,12,3.7
Orange,5.5,87.7,0.453,56.9,70,0.0
Banana,13.1,95.6,1.23,15.4,20,0.0
Broccoli,-1.4,98.0,0.065,3.5,18,14.1
Apple,-0.8,95.0,0.012,2.5,180,177.1
Onion,31.1,54.6,0.056,7.5,180,145.1
Apple,4.6,93.7,1.015,81.2,180,0.0
Broccoli,-1.1,98.5,0.25,11.9,18,2.2
Banana,11.7,90.0,0.911,9.8,20,0.0
Strawberry,1.2,93.6,0.042,0.1,5,4.9
Grapes,32.7,84.8,7.729,31.3,45,0.0
Grapes,1.4,91.5,0.094,8.1,45,35.7
Cucumber,11.4,97.0,0.143,3.3,14,10.1
Tomato,16.4,96.6,0.718,8.4,21,0.7
Orange,29.1,69.7,5.341,54.2,70,0.0
Tomato,16.8,98.0,1.38,16.1,21,0.0
Carrot,2.7,94.2,0.246,25.6,30,0.0
Carrot,34.2,80.7,0.742,3.1,30,0.0
Banana,12.3,92.8,1.091,9.9,20,0.0
Orange,15.4,71.9,1.644,66.1,70,0.0
Onion,22.9,62.4,0.053,17.6,180,155.2
Cucumber,8.5,94.2,0.207,6.6,14,4.6
Spinach,1.2,100.0,0.14,8.3,12,1.9
Banana,31.7,73.6,10.688,12.1,20,0.0
Spinach,-1.1,99.8,0.027,2.6,12,9.0
Potato,30.6,50.1,1.258,80.5,200,0.0
Carrot,3.3,92.5,0.279,22.3,30,0.0
Banana,12.1,94.2,0.976,8.1,20,1.7
Spinach,1.6,97.6,0.175,9.8,12,0.1
Apple,34.0,73.2,8.619,51.7,180,0.0
Mango,31.1,68.7,14.562,19.9,21,0.0
Onion,35.0,77.3,0.499,52.4,180,0.0
Strawberry,8.7,83.7,2.051,2.7,5,0.0
Bell Pepper,32.1,56.1,3.464,7.9,18,0.0
Bell Pepper,10.5,94.5,0.066,1.6,18,16.2
Onion,18.8,70.5,0.305,155.5,180,0.0
Orange,4.8,95.1,0.02,2.3,70,66.8
Grapes,-1.5,100.0,0.446,42.4,45,0.0
Orange,17.9,96.0,0.478,15.0,70,0.0
Banana,16.2,89.6,2.53,18.0,20,0.0
Mango,13.8,97.2,2.774,19.2,21,0.0
Broccoli,1.2,92.8,0.122,4.3,18,12.3
Bell Pepper,32.5,68.3,4.569,11.9,18,0.0
Mango,36.3,69.5,2.629,2.0,21,0.0
Carrot,14.3,89.1,0.065,1.8,30,21.0
Potato,7.2,87.8,0.091,58.8,200,124.3
Bell Pepper,9.1,92.5,0.035,1.3,18,16.6
Tomato,15.8,87.0,0.694,8.2,21,5.9
Mango,10.7,100.0,1.773,16.4,21,0.0
Strawberry,-2.0,100.0,0.08,0.3,5,4.5
Cucumber,37.2,54.4,0.712,1.6,14,0.0
Banana,24.8,77.5,4.773,16.2,20,0.0
Broccoli,13.9,93.0,1.004,9.5,18,0.0
Grapes,0.3,89.0,0.358,40.8,45,0.0
Bell Pepper,11.8,98.7,0.628,11.9,18,0.0
Mango,13.3,96.0,0.993,6.6,21,6.1
Grapes,9.9,85.5,0.328,10.3,45,7.1
Orange,35.2,73.4,1.004,7.3,70,0.0
Grapes,0.8,92.9,0.288,25.3,45,10.6
Grapes,-1.5,100.0,0.273,29.6,45,0.0
Bell Pepper,9.0,94.5,0.2,5.7,18,10.7
Orange,13.7,74.4,1.369,61.9,70,0.0
Strawberry,-1.4,100.0,0.864,3.1,5,0.0
Carrot,2.9,99.8,0.194,19.3,30,4.1
Banana,11.4,100.0,0.065,0.7,20,18.9
Apple,2.1,93.8,0.298,66.6,180,88.4
Carrot,32.0,60.7,0.918,4.4,30,0.0
Bell Pepper,11.1,88.4,0.261,6.3,18,8.9
Banana,13.9,99.0,1.07,11.3,20,0.0
Grapes,-2.0,93.6,0.128,11.7,45,30.5
Onion_Green,12.1,94.8,0.242,4.7,25,5.0
Bell Pepper,13.2,99.1,0.265,4.5,18,9.9
Potato,8.0,92.9,0.05,36.5,200,161.1
Cucumber,24.4,86.8,0.859,7.9,14,0.0
Orange,4.3,90.5,0.02,2.2,70,67.5
Onion,31.8,50.2,0.303,57.6,180,0.0
Onion,31.7,61.8,0.695,83.9,180,0.0
Apple,3.7,93.4,0.294,36.6,180,126.7
Potato,8.3,97.1,0.202,154.9,200,0.0
Orange,4.2,82.7,0.166,24.3,70,36.8
Spinach,0.5,93.7,0.137,9.1,12,0.5
Mango,28.1,73.8,12.248,17.6,21,0.0
Cucumber,11.2,97.2,0.217,5.9,14,6.4
Strawberry,-1.4,91.6,1.084,4.1,5,0.0
Cucumber,34.0,73.1,2.997,7.1,14,0.0
Orange,5.3,90.3,0.342,54.8,70,0.0
Onion,30.4,52.6,0.195,31.4,180,26.6
Spinach,29.2,55.6,0.97,3.7,12,0.0
Broccoli,-0.3,100.0,0.215,10.7,18,4.1
Broccoli,-1.1,97.9,0.339,15.4,18,0.0
Strawberry,-0.3,86.3,1.357,3.7,5,0.0
Banana,13.3,88.0,1.478,13.6,20,0.0
Banana,18.5,80.2,1.001,6.5,20,0.0
Carrot,1.0,100.0,0.279,28.2,30,0.0
Strawberry,-2.0,96.3,0.468,2.4,5,0.7
Spinach,3.2,96.4,0.037,1.8,12,10.0
Tomato,17.6,83.0,1.099,12.4,21,0.0
Mango,37.7,76.9,15.0,10.4,21,0.0
Broccoli,0.4,100.0,0.199,8.6,18,6.9
Potato,9.5,92.2,0.177,128.3,200,41.9
Onion,22.3,70.0,0.386,129.0,180,0.0
Bell Pepper,18.6,86.4,0.76,8.3,18,0.0
Carrot,10.4,89.6,0.169,7.4,30,5.1
Strawberry,0.7,94.8,1.006,3.3,5,0.0
Apple,11.8,86.8,2.595,159.3,180,0.0
Cucumber,11.5,100.0,0.231,5.5,14,6.1
Spinach,11.3,87.3,0.502,9.9,12,0.0
Carrot,4.1,74.6,0.418,27.1,30,0.0
Tomato,25.8,74.0,2.872,12.0,21,0.0
Apple,9.8,77.0,2.268,126.0,180,0.0
Tomato,17.8,96.8,0.927,9.6,21,0.0
Onion,31.2,73.1,0.523,93.3,180,0.0
Onion,32.6,62.5,0.709,92.2,180,0.0
Grapes,-1.4,91.1,0.297,33.4,45,0.0
Onion,30.8,52.5,0.936,122.2,180,0.0
Banana,32.2,79.9,10.693,14.9,20,0.0
Potato,8.5,97.2,0.094,76.9,200,102.9
Banana,23.8,72.4,4.063,10.6,20,0.0
Apple,36.1,77.8,15.0,118.9,180,0.0
Bell Pepper,28.7,55.8,2.199,10.0,18,0.0
Strawberry,13.3,73.2,0.125,0.1,5,4.2
Bell Pepper,9.2,98.3,0.152,4.1,18,12.2
Carrot,7.8,81.0,0.09,4.7,30,11.9
Tomato,16.1,86.2,0.659,8.9,21,4.8
Apple,2.7,97.2,0.133,16.4,180,158.2
Potato,9.7,95.0,0.126,78.9,200,103.5
Spinach,0.1,98.8,0.132,6.5,12,4.3
Onion,22.3,72.5,0.111,41.8,180,121.3
Tomato,33.9,57.6,5.516,11.5,21,0.0
Spinach,6.0,94.3,0.244,9.2,12,0.0
Bell Pepper,9.7,100.0,0.278,7.6,18,5.0
Strawberry,30.2,56.9,15.0,4.1,5,0.0
Mango,11.2,100.0,0.103,1.0,21,19.5
Orange,6.5,90.5,0.302,35.6,70,17.7
Apple,36.9,63.2,10.626,50.3,180,0.0
Banana,16.0,100.0,0.904,6.6,20,3.3
Potato,13.2,77.0,0.037,14.6,200,154.9
Tomato,13.4,89.6,1.156,18.6,21,0.0
Onion,30.8,56.5,0.665,88.8,180,0.0
Bell Pepper,12.4,89.9,0.039,0.8,18,17.1
Tomato,28.8,78.7,4.018,15.3,21,0.0
Strawberry,10.1,78.3,1.521,2.1,5,0.0
Grapes,0.1,91.4,0.104,9.1,45,34.7
Potato,7.4,97.5,0.019,23.3,200,171.8
Bell Pepper,7.7,93.9,0.464,16.4,18,0.0
Potato,34.0,82.5,2.341,131.2,200,0.0
Mango,37.6,82.2,15.0,9.5,21,0.0
Onion_Green,-2.0,100.0,0.08,4.4,25,19.6
Potato,9.0,91.8,0.021,16.3,200,183.2
Tomato,32.0,70.2,2.31,5.5,21,0.0
Spinach,12.4,91.7,0.02,0.4,12,10.3
Cucumber,22.8,86.3,0.659,5.2,14,0.0
Carrot,11.3,91.6,0.724,25.4,30,0.0
Bell Pepper,7.8,92.0,0.133,5.5,18,11.1
Carrot,0.7,100.0,0.158,19.7,30,5.7
Spinach,8.9,81.8,0.362,10.1,12,0.0
Broccoli,34.4,59.9,6.003,10.4,18,0.0
Grapes,33.4,77.0,1.942,6.6,45,0.0
Cucumber,13.6,92.9,0.01,0.3,14,13.7
Apple,10.4,81.7,1.058,76.5,180,0.0
Grapes,32.9,73.0,0.204,0.8,45,25.8
Grapes,37.0,79.0,4.893,9.9,45,0.0
Tomato,18.9,82.9,0.969,7.8,21,2.3
Onion,29.0,54.3,0.591,122.7,180,0.0
Grapes,8.6,90.1,1.184,41.7,45,0.0
Onion_Green,13.8,89.7,0.643,10.8,25,0.0
Tomato,33.7,70.5,1.895,4.3,21,0.0
Banana,13.4,88.5,1.319,9.8,20,0.0
Broccoli,-2.0,97.8,0.214,10.2,18,4.4
Onion_Green,31.8,60.8,7.57,13.3,25,0.0
Cucumber,28.8,69.9,1.736,6.9,14,0.0
Orange,36.4,51.7,1.525,8.4,70,0.0
Carrot,29.7,59.3,0.748,4.2,30,0.0
Apple,0.8,94.1,0.628,90.9,180,18.0
Bell Pepper,35.5,50.3,4.56,11.2,18,0.0
Carrot,30.9,69.2,2.267,11.2,30,0.0
Onion_Green,7.9,90.0,0.594,21.0,25,0.0
Mango,32.0,61.1,7.289,8.4,21,0.0
Cucumber,11.2,92.6,0.435,13.1,14,0.0
Cucumber,13.3,100.0,0.305,9.0,14,0.0
Potato,6.1,91.8,0.075,60.7,200,126.6
Tomato,15.8,87.8,1.492,16.7,21,0.0
Spinach,7.6,87.5,0.417,11.3,12,0.0
Carrot,0.8,95.8,0.035,3.5,30,26.2
Spinach,1.3,98.6,0.154,10.4,12,0.0
Broccoli,32.9,69.4,1.31,2.0,18,0.0
Onion,21.2,70.3,0.164,74.5,180,85.1
Bell Pepper,7.0,94.9,0.277,7.7,18,6.1
Bell Pepper,11.5,88.6,0.632,14.7,18,0.0
Onion_Green,-0.9,100.0,0.341,21.7,25,0.0
Carrot,32.8,57.4,4.32,19.0,30,0.0
Apple,29.2,53.4,7.112,55.4,180,0.0
Banana,15.3,92.5,0.597,4.7,20,11.8
Cucumber,37.1,83.7,2.493,4.1,14,0.0
Spinach,1.8,97.6,0.159,7.8,12,2.7
Orange,4.1,94.5,0.514,59.7,70,0.0
Banana,36.8,70.4,8.29,6.8,20,0.0
Spinach,31.5,76.6,1.408,3.7,12,0.0
Orange,6.1,86.9,0.26,28.5,70,31.9
Cucumber,24.6,89.5,0.091,0.9,14,9.7
Onion,33.0,76.8,1.25,147.7,180,0.0
Potato,8.6,100.0,0.049,40.1,200,142.5
Onion,28.1,58.4,0.215,54.1,180,10.3
Tomato,25.9,71.0,3.196,18.9,21,0.0
Grapes,32.1,70.5,1.94,7.1,45,0.0
Cucumber,34.9,84.2,2.221,6.1,14,0.0
Mango,11.9,100.0,1.999,16.1,21,0.0
Cucumber,11.8,100.0,0.049,1.8,14,11.8
Tomato,27.2,79.6,2.65,9.2,21,0.0
Onion_Green,0.1,100.0,0.336,20.5,25,0.0
Orange,8.2,88.4,0.725,62.3,70,0.0
Grapes,37.9,59.8,15.0,39.2,45,0.0
Strawberry,2.4,94.2,0.441,1.3,5,3.0
Broccoli,10.5,91.1,0.939,14.5,18,0.0
Grapes,-1.0,90.6,0.122,14.2,45,28.1
Mango,14.2,88.8,0.37,2.4,21,17.2
Broccoli,-2.0,99.8,0.143,7.9,18,7.8
Tomato,28.3,70.3,2.897,12.0,21,0.0
Spinach,33.1,79.3,1.849,6.4,12,0.0
Onion_Green,0.7,94.2,0.438,21.0,25,0.0
Potato,33.3,54.5,3.234,154.1,200,0.0
Grapes,14.7,72.3,0.233,6.4,45,0.0
Orange,11.0,72.7,0.861,54.1,70,0.0
Apple,0.6,93.7,0.209,30.5,180,141.1
Orange,6.1,89.5,0.233,20.5,70,42.7
Tomato,33.8,53.8,5.724,14.2,21,0.0
Spinach,3.3,100.0,0.202,9.0,12,0.0
Strawberry,-0.6,95.2,0.032,0.1,5,4.9
Onion_Green,0.4,100.0,0.118,6.8,25,16.9
Onion,21.8,67.3,0.408,145.9,180,0.0
Onion,22.2,71.3,0.073,24.8,180,148.3
Broccoli,-0.1,99.6,0.045,1.8,18,16.0
Cucumber,12.0,94.6,0.334,9.2,14,1.1
Onion,17.5,65.8,0.173,76.3,180,76.8
Strawberry,31.5,64.0,15.0,3.7,5,0.0
Carrot,3.4,98.6,0.01,0.4,30,29.5
Mango,12.2,93.9,0.692,6.3,21,9.3
Spinach,0.6,97.7,0.094,6.8,12,4.4
Mango,12.4,89.2,2.192,18.2,21,0.0
Apple,0.2,91.9,0.14,25.3,180,149.5
Bell Pepper,16.2,74.7,0.823,10.8,18,0.0
Spinach,-0.0,94.8,0.01,0.2,12,11.7
Spinach,13.0,86.1,0.089,1.7,12,3.7
Mango,37.1,51.7,3.686,2.5,21,0.0
Bell Pepper,35.0,78.1,6.704,15.1,18,0.0
Grapes,31.5,62.0,10.578,40.4,45,0.0
Spinach,2.3,96.5,0.195,8.8,12,0.8
Orange,6.8,86.1,0.278,19.7,70,42.2
Strawberry,2.2,90.3,0.57,1.4,5,2.5
Potato,34.7,76.1,2.195,128.2,200,0.0
Banana,13.9,99.2,0.74,5.1,20,9.0
Spinach,34.1,52.0,2.576,6.4,12,0.0
Tomato,22.3,77.4,0.364,3.3,21,11.8
Tomato,24.0,73.1,2.572,15.1,21,0.0
Grapes,9.6,83.4,0.961,28.5,45,0.0
Spinach,1.3,100.0,0.118,7.8,12,2.8
Bell Pepper,8.3,92.8,0.345,12.2,18,0.1
Cucumber,11.0,92.6,0.146,4.6,14,8.4
Orange,5.9,90.5,0.464,52.7,70,0.0
Orange,5.9,92.3,0.5,46.5,70,0.0
Onion_Green,30.1,75.3,4.735,13.0,25,0.0
Carrot,-0.1,100.0,0.189,18.3,30,6.4
Bell Pepper,10.3,87.7,0.01,0.1,18,17.8
Bell Pepper,20.5,83.3,1.763,13.9,18,0.0
Apple,1.4,90.3,0.691,143.4,180,0.0
Potato,7.7,93.2,0.134,77.9,200,108.4
Cucumber,11.4,99.0,0.206,5.4,14,6.7
Strawberry,36.8,60.4,15.0,2.5,5,0.0
Strawberry,-1.9,93.3,1.283,4.7,5,0.0
Strawberry,33.2,84.9,10.78,1.6,5,0.0
Orange,15.2,88.2,0.909,40.5,70,0.0
Tomato,15.9,86.4,0.854,10.3,21,0.1
Orange,18.0,71.7,1.089,37.0,70,0.0
Apple,-1.2,86.6,0.742,138.3,180,0.0
Onion,32.6,55.6,0.244,39.6,180,0.0
Mango,14.7,98.0,0.797,4.5,21,11.1
Orange,12.8,74.8,0.092,5.6,70,51.0
Onion_Green,34.0,75.1,5.301,11.3,25,0.0
Mango,15.5,96.8,3.853,19.8,21,0.0
Tomato,16.3,93.2,1.08,12.9,21,0.0
Bell Pepper,9.1,100.0,0.73,16.1,18,0.0
Banana,16.3,78.6,2.575,16.3,20,0.0
Onion_Green,16.1,82.7,1.747,19.9,25,0.0
Banana,11.5,89.5,0.778,12.9,20,0.0
Orange,35.9,75.7,6.52,35.2,70,0.0
Apple,0.8,93.2,0.952,165.2,180,0.0
Orange,3.3,84.5,0.254,32.0,70,24.6
Apple,13.3,91.2,1.55,78.3,180,0.0
Banana,16.0,93.4,0.551,3.4,20,14.1
Apple,13.2,80.8,2.023,80.6,180,0.0
Potato,28.8,61.0,0.661,56.8,200,0.0
Cucumber,11.4,93.4,0.058,1.5,14,12.4
Cucumber,10.5,95.9,0.375,12.0,14,0.0
Cucumber,32.6,53.8,0.101,0.3,14,7.0
Spinach,8.2,81.9,0.072,2.1,12,3.9
Spinach,1.9,99.1,0.105,6.2,12,4.8
Onion,27.9,49.1,0.265,62.0,180,0.0
Broccoli,35.9,75.3,9.121,14.2,18,0.0
Potato,7.7,92.1,0.063,48.6,200,147.1
Carrot,35.6,78.0,1.642,7.9,30,0.0
Bell Pepper,9.2,85.8,0.084,2.3,18,14.7
Carrot,30.2,81.7,2.881,13.6,30,0.0
Banana,12.0,97.3,0.369,4.0,20,13.3
Grapes,-1.0,94.3,0.372,37.1,45,0.0
Cucumber,10.7,100.0,0.017,0.4,14,13.5
Mango,15.5,100.0,0.773,5.0,21,9.0
Grapes,-2.0,91.6,0.229,22.8,45,14.0
Cucumber,30.9,79.8,1.347,6.0,14,0.0
Onion_Green,0.5,100.0,0.42,19.9,25,0.0
Apple,31.5,67.0,6.023,32.2,180,0.0
Bell Pepper,31.3,62.8,0.319,1.5,18,0.0
Orange,16.3,76.0,0.441,19.5,70,0.0
Banana,12.6,99.0,0.053,0.5,20,19.3
Apple,12.1,78.0,0.265,10.7,180,126.8
Banana,15.3,90.5,0.346,2.2,20,16.8
Cucumber,22.4,92.7,1.101,10.2,14,0.0
Grapes,0.4,92.9,0.242,18.9,45,20.6
Onion,21.1,67.0,0.019,8.4,180,171.2
Onion,19.8,75.3,0.091,48.0,180,52.0
Bell Pepper,28.3,68.9,0.595,2.0,18,0.0
Orange,4.4,95.6,0.198,22.4,70,32.2
Carrot,3.1,97.1,0.114,12.7,30,14.3
Orange,6.0,86.8,0.137,17.4,70,49.3
Broccoli,1.4,92.3,0.103,4.3,18,12.2
Apple,3.0,90.3,0.081,9.9,180,168.3
Orange,13.4,78.0,0.147,6.1,70,50.6
Onion_Green,-0.1,97.5,0.031,1.7,25,23.3
Strawberry,1.9,100.0,1.0,2.5,5,0.0
Broccoli,8.1,95.8,0.131,2.6,18,11.5
Banana,16.8,78.3,1.637,11.8,20,0.0
Tomato,16.1,88.7,0.422,5.2,21,13.1
Strawberry,-0.9,91.8,0.202,0.7,5,4.1
Orange,30.7,66.3,7.24,58.4,70,0.0
Broccoli,-1.7,100.0,0.087,3.8,18,13.4
Mango,29.5,66.7,9.281,14.5,21,0.0
Mango,12.1,92.9,1.564,13.8,21,0.0
Banana,16.7,100.0,3.264,16.8,20,0.0
Mango,13.1,88.6,0.981,9.2,21,0.0
Orange,6.4,97.4,0.366,32.8,70,0.2
Mango,14.6,93.2,2.749,17.8,21,0.0
Banana,22.1,85.6,4.815,18.4,20,0.0
Onion,32.8,64.4,0.842,113.9,180,0.0
Bell Pepper,9.8,100.0,0.101,2.9,18,13.7
Broccoli,32.7,52.8,5.15,9.5,18,0.0
Orange,6.1,84.4,0.105,9.8,70,58.1
Strawberry,3.2,92.1,0.868,2.1,5,0.4
Broccoli,12.7,92.4,0.521,7.2,18,0.0
Orange,33.4,71.0,4.471,29.7,70,0.0
Spinach,36.6,60.7,5.018,10.3,12,0.0
Spinach,2.5,99.2,0.058,3.1,12,8.4
Mango,21.0,86.6,5.779,16.7,21,0.0
Tomato,17.3,91.3,0.668,6.8,21,8.0
Mango,14.8,91.5,1.618,8.1,21,0.0
Apple,0.4,88.6,0.178,33.1,180,135.6
Banana,14.6,100.0,0.844,6.5,20,4.5
Onion,19.0,70.3,0.037,19.3,180,158.4
Grapes,36.0,68.7,10.933,28.9,45,0.0
Carrot,1.3,94.9,0.01,0.3,30,29.7
Strawberry,1.8,95.3,1.596,4.4,5,0.0
Orange,33.8,70.5,8.106,51.9,70,0.0
Bell Pepper,15.4,81.1,0.654,12.4,18,0.0
Bell Pepper,12.9,97.1,0.981,15.5,18,0.0
Grapes,36.7,62.5,2.07,6.2,45,0.0
Apple,29.4,75.7,15.0,164.1,180,0.0
Apple,8.1,83.2,0.831,90.9,180,0.0
Cucumber,21.5,86.4,0.927,8.4,14,0.0
Tomato,15.9,87.8,1.474,17.0,21,0.0
Spinach,30.9,79.7,2.698,7.0,12,0.0
Bell Pepper,6.5,99.2,0.177,6.6,18,6.5
Bell Pepper,18.9,84.9,0.041,0.6,18,16.2
Cucumber,13.0,100.0,0.169,4.4,14,7.8
Grapes,3.4,82.9,0.055,3.9,45,37.6
Broccoli,32.9,66.0,2.011,3.7,18,0.0
Orange,17.4,76.7,1.302,40.7,70,0.0
Apple,-1.1,84.7,0.728,159.7,180,0.0
Banana,14.1,91.7,0.812,5.9,20,8.4
Spinach,11.8,87.5,0.06,0.9,12,8.4
Onion_Green,28.8,61.8,5.753,18.1,25,0.0
Mango,14.3,91.3,1.605,9.4,21,0.0
Grapes,34.4,62.3,2.515,7.2,45,0.0
Orange,13.1,73.4,0.742,37.1,70,0.0
Tomato,26.2,83.2,3.199,16.9,21,0.0
Potato,35.1,81.5,1.354,67.7,200,0.0
Onion_Green,33.1,57.9,1.612,3.2,25,0.0
Onion,16.3,68.2,0.196,114.2,180,7.5
Tomato,13.5,95.2,0.876,16.9,21,0.0
Grapes,-2.0,100.0,0.207,26.0,45,0.7
Onion,30.9,83.4,0.985,149.9,180,0.0
Grapes,-2.0,100.0,0.086,7.7,45,33.0
Apple,34.2,64.7,15.0,85.5,180,0.0
Onion_Green,3.9,100.0,0.158,6.8,25,14.7
Grapes,-0.5,88.8,0.311,31.6,45,0.0
Strawberry,-2.0,95.0,0.11,0.4,5,4.5
Apple,12.4,81.5,0.217,8.8,180,140.8
Strawberry,33.3,53.1,15.0,1.8,5,0.0
Orange,2.4,87.2,0.086,13.5,70,53.3
Grapes,9.9,88.5,0.144,3.7,45,32.9
Banana,15.0,93.3,1.175,7.8,20,0.9
Cucumber,29.7,76.5,1.601,6.7,14,0.0
Tomato,31.1,83.5,1.279,3.2,21,0.0
Cucumber,11.4,95.2,0.182,6.3,14,6.3
Onion,20.4,64.3,0.324,110.6,180,18.5
Cucumber,10.5,90.8,0.209,7.4,14,3.6
Onion,18.4,73.7,0.033,15.7,180,158.9
Banana,23.6,72.4,3.123,9.6,20,0.0
Orange,9.6,81.2,0.529,46.8,70,0.0
Cucumber,14.8,100.0,0.237,4.3,14,6.8
Grapes,11.7,82.7,0.934,25.9,45,0.0
Potato,10.4,96.5,0.044,30.1,200,162.8
Potato,20.8,90.3,0.076,18.5,200,122.8
Strawberry,-2.0,93.7,1.204,4.6,5,0.0
Banana,14.3,87.5,2.301,14.1,20,0.0
Strawberry,36.0,76.4,15.0,3.2,5,0.0
Cucumber,22.8,84.8,1.156,12.5,14,0.0
Apple,4.6,95.2,0.396,54.0,180,87.5
Mango,25.2,84.9,7.313,16.2,21,0.0
Bell Pepper,10.6,93.2,0.054,1.1,18,16.8
Carrot,31.8,50.6,3.409,14.9,30,0.0
Grapes,31.2,52.7,1.741,7.8,45,0.0
Grapes,-1.2,86.9,0.286,39.6,45,0.0
Banana,13.2,94.0,1.648,13.0,20,0.0
Grapes,9.5,83.4,0.943,32.4,45,0.0
Strawberry,0.8,88.6,0.539,1.8,5,1.8
Potato,37.6,54.8,1.956,71.5,200,0.0
Orange,6.4,92.9,0.045,3.8,70,65.1
Onion,34.9,51.3,0.124,24.4,180,2.2
Onion_Green,9.5,84.1,0.43,9.5,25,0.0
Onion_Green,29.7,66.6,2.503,8.1,25,0.0
Mango,13.9,92.2,2.188,15.0,21,0.0
Mango,36.3,70.7,15.0,11.4,21,0.0
Orange,3.6,93.8,0.272,31.6,70,18.3
Bell Pepper,23.1,79.3,0.979,7.7,18,0.0
Banana,13.9,97.6,0.046,0.4,20,19.5
Onion_Green,-2.0,98.0,0.248,19.2,25,0.0
Carrot,1.0,100.0,0.421,27.2,30,0.0
Orange,14.7,75.7,1.021,48.6,70,0.0
Bell Pepper,32.8,73.8,3.818,10.6,18,0.0
Cucumber,30.2,69.9,1.116,4.9,14,0.0
Strawberry,35.2,67.2,15.0,2.2,5,0.0
Spinach,8.7,88.2,0.329,9.5,12,0.0
Tomato,19.3,97.4,1.689,15.6,21,0.0
Orange,4.3,82.8,0.077,10.4,70,57.0
Orange,33.3,82.8,12.394,66.3,70,0.0
Bell Pepper,37.9,58.8,10.058,12.4,18,0.0
Cucumber,11.6,99.3,0.297,12.1,14,0.0
Mango,20.1,88.8,2.853,9.8,21,0.0
Strawberry,-2.0,92.7,0.358,2.0,5,1.9
Cucumber,9.2,100.0,0.287,12.7,14,0.0
Tomato,16.3,91.6,0.832,10.3,21,0.0
Orange,37.9,68.8,7.659,47.6,70,0.0
Potato,36.8,51.7,0.181,8.1,200,0.0
Spinach,-0.3,100.0,0.058,4.4,12,7.0
Carrot,0.3,93.3,0.093,10.0,30,17.5
Mango,30.9,52.0,13.442,18.3,21,0.0
Grapes,-2.0,98.6,0.132,14.3,45,23.8
Bell Pepper,36.2,55.9,7.866,13.8,18,0.0
Onion,21.7,76.8,0.436,169.6,180,0.0
Onion_Green,0.7,96.3,0.329,16.2,25,2.1
Banana,35.2,67.9,15.0,18.0,20,0.0
Grapes,-1.2,87.2,0.186,34.0,45,0.0
Tomato,12.5,85.5,0.368,7.5,21,7.7
Grapes,1.3,92.1,0.458,42.6,45,0.0
Apple,10.3,80.7,0.823,50.3,180,0.0
Carrot,30.5,77.4,5.112,24.2,30,0.0
Onion,20.2,66.5,0.089,34.9,180,141.1
Orange,8.8,82.1,0.468,36.9,70,0.0
Banana,17.3,93.3,2.099,10.6,20,0.0
Strawberry,-1.1,100.0,1.091,3.9,5,0.0
Tomato,33.4,80.3,7.307,13.6,21,0.0
Onion_Green,3.5,96.0,0.314,19.9,25,0.0
Bell Pepper,9.7,92.4,0.634,14.0,18,0.0
Cucumber,10.8,93.9,0.162,4.8,14,8.2
Orange,13.3,86.4,0.06,2.5,70,63.8
Tomato,20.5,96.5,0.085,0.7,21,19.6
Onion_Green,8.7,86.5,0.178,4.4,25,9.6
Onion_Green,0.5,98.7,0.442,21.4,25,0.0
Tomato,26.9,73.5,4.051,16.6,21,0.0
Broccoli,0.5,98.7,0.018,0.8,18,17.2
Bell Pepper,9.4,88.0,0.39,12.1,18,0.0
Orange,31.4,55.2,5.26,49.7,70,0.0
Onion_Green,9.8,88.2,0.544,13.9,25,0.0
Carrot,-1.6,100.0,0.067,9.6,30,17.9
Apple,28.1,73.8,10.031,83.7,180,0.0
Orange,3.0,94.2,0.067,8.5,70,57.7
Carrot,-1.0,100.0,0.017,2.4,30,27.3
Onion,21.9,64.8,0.26,93.5,180,45.9
Onion_Green,-0.5,100.0,0.244,18.6,25,0.1
Bell Pepper,7.3,93.4,0.154,4.9,18,11.4
Mango,14.1,91.9,1.068,6.6,21,5.7
Onion_Green,7.5,79.9,0.469,13.5,25,0.0
Broccoli,0.9,97.7,0.203,9.9,18,5.5
Banana,37.5,76.2,5.344,3.4,20,0.0
Bell Pepper,33.1,78.8,0.32,0.9,18,6.1
Spinach,1.7,96.9,0.071,3.6,12,8.1
Grapes,34.2,64.3,8.399,28.5,45,0.0
Onion_Green,31.7,78.2,1.078,3.3,25,0.0
Bell Pepper,9.6,92.6,0.301,8.4,18,6.5
Tomato,15.6,86.6,0.772,9.0,21,3.5
Cucumber,33.2,82.2,0.832,2.6,14,0.0
Potato,28.4,71.2,1.148,122.2,200,0.0
Orange,3.9,88.6,0.011,1.6,70,68.3
Spinach,1.3,100.0,0.164,8.8,12,1.1
Onion_Green,-0.1,100.0,0.021,1.5,25,23.4
Onion_Green,-2.0,96.3,0.137,12.4,25,9.5
Cucumber,21.8,85.9,0.204,1.6,14,7.8
Orange,5.7,89.0,0.534,66.4,70,0.0
Orange,4.8,87.8,0.394,41.3,70,9.1
Onion,31.8,55.6,0.181,27.6,180,42.7
Apple,10.1,84.3,2.309,150.4,180,0.0
Potato,28.7,79.6,1.165,85.9,200,0.0
Grapes,34.1,82.5,6.167,22.2,45,0.0
Bell Pepper,33.5,52.4,3.625,8.7,18,0.0
Broccoli,14.4,88.7,0.534,6.6,18,0.0
Spinach,8.1,85.8,0.074,2.4,12,4.8
Spinach,1.9,100.0,0.086,4.3,12,7.1
Cucumber,10.4,97.1,0.049,1.3,14,12.5
Carrot,4.3,96.9,0.325,21.8,30,0.0
Onion,25.7,61.1,0.588,149.0,180,0.0
Broccoli,8.8,92.6,0.694,15.1,18,0.0
Mango,23.5,79.0,2.264,5.1,21,0.0
Carrot,0.4,100.0,0.084,11.8,30,16.4
Mango,27.6,85.1,3.87,6.4,21,0.0
Orange,6.7,88.6,0.462,52.9,70,0.0
Strawberry,0.2,96.2,0.941,3.1,5,0.0
Bell Pepper,36.6,66.9,1.574,4.1,18,0.0
Mango,36.3,58.1,8.376,8.9,21,0.0
Cucumber,18.2,81.3,0.37,4.9,14,0.0
Broccoli,-1.8,99.5,0.098,4.6,18,12.4
Cucumber,35.1,72.3,2.698,7.8,14,0.0
Apple,5.1,100.0,0.342,37.7,180,103.1
Orange,28.9,78.0,1.394,16.0,70,0.0
Spinach,31.9,58.6,2.539,7.8,12,0.0
Onion_Green,0.4,100.0,0.093,6.7,25,17.2
Orange,12.7,79.9,0.825,48.5,70,0.0
Broccoli,-0.1,100.0,0.022,1.2,18,16.8
Potato,36.3,67.5,3.93,153.4,200,0.0
Carrot,6.0,93.4,0.276,21.1,30,0.0
Strawberry,30.9,82.2,15.0,4.2,5,0.0
Spinach,0.8,100.0,0.136,8.8,12,1.3
Tomato,31.3,77.2,5.814,17.3,21,0.0
Bell Pepper,13.8,83.0,0.344,5.2,18,6.1
Mango,10.8,88.8,0.927,8.2,21,2.2
Carrot,-0.4,97.0,0.244,26.2,30,0.0
Potato,12.1,100.0,0.364,160.5,200,0.0
Banana,25.6,86.8,2.843,6.0,20,0.0
Potato,12.4,100.0,0.227,92.2,200,19.6
Potato,28.2,72.4,1.573,145.7,200,0.0
Broccoli,-1.4,100.0,0.203,15.7,18,0.0
Bell Pepper,22.6,80.7,0.565,6.3,18,0.0
Carrot,31.8,60.4,0.514,2.7,30,0.0
Onion_Green,36.4,80.1,11.473,21.9,25,0.0
Tomato,30.8,72.4,4.638,11.9,21,0.0
Onion,20.6,64.3,0.259,137.5,180,0.0
Mango,22.0,82.7,5.101,16.3,21,0.0
Bell Pepper,23.3,75.3,0.628,3.8,18,0.0
Broccoli,37.7,65.0,12.882,15.5,18,0.0
Potato,26.4,80.8,0.892,115.6,200,0.0
Mango,12.0,90.1,0.449,3.0,21,16.2
Onion,18.3,67.3,0.039,21.3,180,156.4
Bell Pepper,9.3,98.2,0.157,3.7,18,12.7
Carrot,3.3,97.7,0.01,0.5,30,29.5
Carrot,0.1,95.6,0.184,20.2,30,4.5
Bell Pepper,13.3,99.9,0.429,6.4,18,4.5
Banana,33.7,54.3,6.321,7.1,20,0.0
Apple,16.0,77.1,1.382,45.3,180,0.0
Apple,0.3,93.4,0.895,142.4,180,0.0
Banana,22.0,79.3,3.376,11.2,20,0.0
Broccoli,29.4,61.7,2.819,7.3,18,0.0
Orange,35.8,66.4,0.829,3.8,70,0.0
Grapes,2.1,93.3,0.3,24.8,45,8.9
Apple,30.3,65.9,15.0,147.9,180,0.0
Strawberry,1.5,90.2,0.063,0.2,5,4.8
Apple,16.4,87.4,5.862,144.7,180,0.0
Strawberry,1.1,89.8,0.682,2.4,5,0.5
Banana,31.0,64.9,0.272,0.4,20,15.6
Grapes,28.6,72.2,9.493,41.1,45,0.0
Apple,2.2,94.0,0.582,86.6,180,30.9
Onion,32.9,75.1,1.16,125.1,180,0.0
Carrot,1.3,96.3,0.121,10.5,30,17.8
Cucumber,33.8,62.6,0.925,3.9,14,0.0
Mango,15.7,93.8,1.854,10.6,21,0.0
Onion_Green,9.1,93.6,0.942,20.0,25,0.0
Banana,13.6,93.7,0.846,7.3,20,5.1
Banana,29.2,78.7,8.485,12.1,20,0.0
Broccoli,7.8,84.2,0.176,3.2,18,6.3
Banana,12.3,90.2,0.141,1.3,20,18.4
Banana,13.6,89.7,0.65,4.4,20,11.9
Banana,34.8,81.4,15.0,16.1,20,0.0
Bell Pepper,35.2,59.9,1.055,2.1,18,0.0
Onion_Green,1.3,100.0,0.613,22.8,25,0.0
Grapes,31.6,66.2,8.069,29.9,45,0.0
Tomato,17.1,90.9,0.356,4.8,21,13.8
Orange,17.1,89.3,1.386,51.1,70,0.0
Tomato,15.6,83.4,1.299,18.5,21,0.0
Strawberry,6.6,80.8,0.751,1.1,5,1.0
Cucumber,28.3,60.2,1.185,4.8,14,0.0
Strawberry,9.1,82.2,2.589,3.7,5,0.0
Onion_Green,33.8,52.5,5.456,11.7,25,0.0
Onion,37.1,76.6,0.382,38.9,180,0.0
Onion_Green,-0.3,100.0,0.367,22.2,25,0.0
Onion,19.8,64.2,0.339,152.2,180,0.0
Apple,2.1,89.4,0.493,76.9,180,52.2
Potato,29.2,78.3,1.039,75.2,200,0.0
Tomato,32.9,59.4,0.084,0.4,21,16.7
Tomato,30.2,80.6,4.028,13.0,21,0.0
Grapes,12.0,87.5,1.076,32.9,45,0.0
Onion_Green,-0.4,99.1,0.269,18.8,25,0.0
Onion_Green,0.6,100.0,0.178,8.7,25,14.1
Mango,30.6,65.1,1.653,2.1,21,0.0
Apple,36.9,57.5,5.451,20.1,180,0.0
Potato,34.3,66.0,0.401,27.5,200,0.0
Grapes,1.4,99.5,0.448,36.2,45,0.0
Carrot,0.9,96.5,0.125,11.9,30,16.2
Onion,25.7,51.2,0.528,101.8,180,0.0
Banana,14.6,94.3,1.039,6.7,20,4.8
Orange,3.5,83.1,0.325,43.1,70,2.5
Orange,32.7,66.5,2.479,16.7,70,0.0
Onion_Green,-1.4,98.7,0.119,9.4,25,13.8
Potato,33.3,68.2,0.371,20.4,200,0.0
Tomato,13.7,86.8,0.912,12.5,21,0.0
Banana,31.7,56.2,9.441,14.4,20,0.0
Onion,19.4,63.6,0.09,34.3,180,138.3
Mango,13.9,91.3,2.059,15.4,21,0.0
Broccoli,-0.9,96.4,0.163,8.4,18,7.8
Broccoli,-0.9,100.0,0.164,7.7,18,8.3
Carrot,10.5,97.1,0.418,23.8,30,0.0
Strawberry,2.0,92.1,0.05,0.2,5,4.8
Spinach,33.9,62.2,5.468,11.3,12,0.0
Cucumber,10.8,100.0,0.088,3.5,14,9.5
Banana,13.9,100.0,0.548,5.1,20,9.5
Onion,30.5,50.7,0.046,7.2,180,143.1
Onion,21.6,73.7,0.19,78.4,180,59.6
Apple,2.6,91.5,0.534,60.6,180,78.8
Cucumber,11.0,99.0,0.069,2.6,14,11.0
Spinach,30.8,58.9,1.917,6.3,12,0.0
Spinach,2.4,98.7,0.217,10.7,12,0.0
Cucumber,33.7,76.9,1.43,4.9,14,0.0
Onion,21.6,69.8,0.285,97.2,180,41.6
Tomato,18.4,88.2,0.244,2.5,21,17.6
Spinach,0.7,88.5,0.144,8.7,12,0.0
Apple,4.6,89.7,0.74,106.1,180,0.0
Tomato,16.8,89.9,0.696,7.3,21,7.3
Onion,21.9,64.5,0.158,66.0,180,93.0
Cucumber,10.9,99.8,0.159,4.8,14,7.6
Mango,26.9,76.9,11.589,19.3,21,0.0
Apple,12.6,86.7,0.562,31.7,180,41.1
Apple,35.8,71.7,15.0,92.1,180,0.0
Apple,0.1,87.2,0.549,101.7,180,0.0
Potato,28.8,53.3,1.62,129.7,200,0.0
Carrot,8.7,91.3,0.443,24.2,30,0.0
Apple,28.8,79.9,15.0,163.0,180,0.0
Potato,8.2,90.9,0.195,156.0,200,4.5
Carrot,1.2,97.9,0.092,6.7,30,22.5
Cucumber,11.8,91.4,0.309,7.5,14,3.1
Mango,12.9,95.7,0.118,1.1,21,19.7
Broccoli,-0.8,95.9,0.083,4.2,18,13.2
Carrot,33.4,53.7,5.122,26.6,30,0.0
Onion_Green,29.6,65.0,2.655,10.3,25,0.0
Cucumber,12.0,100.0,0.384,11.3,14,0.0
Banana,16.3,98.0,0.831,8.1,20,1.3
Carrot,-1.8,90.4,0.123,17.2,30,1.9
Orange,30.6,72.4,6.996,55.1,70,0.0
Onion_Green,-2.0,98.2,0.074,4.6,25,19.6
Apple,29.2,65.4,6.323,51.3,180,0.0
Mango,11.6,99.1,1.079,9.5,21,0.0
Cucumber,12.2,94.8,0.494,11.7,14,0.0
Mango,12.9,100.0,0.342,2.6,21,16.4
Carrot,0.9,98.1,0.136,12.6,30,15.3
Banana,27.3,78.0,3.893,7.4,20,0.0
Apple,31.0,66.2,4.166,37.6,180,0.0
Mango,37.2,63.0,15.0,9.0,21,0.0
Tomato,18.3,97.1,0.973,11.8,21,0.0
Cucumber,10.5,94.8,0.393,11.8,14,0.0
Banana,15.0,99.3,2.366,17.5,20,0.0
Banana,12.8,92.9,1.857,16.9,20,0.0
Cucumber,31.0,75.3,2.095,8.6,14,0.0
Mango,30.2,76.6,0.727,1.1,21,11.0
Spinach,11.0,89.5,0.054,1.1,12,8.3
Apple,34.2,59.0,0.881,4.4,180,44.3
Bell Pepper,7.6,90.3,0.089,2.4,18,15.0
Bell Pepper,11.4,89.6,0.42,10.3,18,1.5
Potato,38.0,72.7,1.357,47.7,200,0.0
Banana,12.6,90.0,2.356,17.2,20,0.0
Banana,23.9,81.2,1.231,3.6,20,0.9
Banana,25.4,89.0,4.012,10.9,20,0.0
Onion,35.6,84.9,1.324,133.6,180,0.0
Apple,8.9,85.2,0.268,17.1,180,132.5
Apple,9.2,82.7,0.438,25.6,180,94.5
Carrot,0.3,100.0,0.174,16.0,30,9.8
Onion_Green,9.9,78.7,0.661,14.9,25,0.0
Onion_Green,36.4,80.4,4.139,7.1,25,0.0
Banana,13.7,99.5,0.203,1.7,20,17.4
Orange,37.2,79.9,7.891,36.2,70,0.0
Cucumber,13.3,95.9,0.337,6.2,14,4.9
Cucumber,12.0,97.6,0.067,1.6,14,12.2
Potato,8.7,92.6,0.322,160.3,200,0.0
Orange,5.7,88.2,0.19,20.0,70,45.2
Cucumber,12.6,91.9,0.533,12.1,14,0.0
Cucumber,31.8,81.6,0.171,0.6,14,7.8
Spinach,28.7,64.6,1.597,4.5,12,0.0
Broccoli,12.2,90.5,1.001,13.1,18,0.0
Spinach,4.0,91.9,0.01,0.2,12,11.8
Onion,19.8,66.5,0.237,116.1,180,30.0
Mango,13.3,91.4,1.506,12.2,21,0.0
Orange,5.4,89.3,0.259,40.3,70,16.2
Potato,11.1,97.1,0.18,129.5,200,7.2
Tomato,18.9,96.4,2.171,18.6,21,0.0
Potato,6.9,89.9,0.051,46.3,200,146.2
Tomato,16.8,90.5,1.42,17.7,21,0.0
Orange,35.2,60.1,2.604,14.8,70,0.0
Onion_Green,-0.0,100.0,0.031,2.1,25,22.8
Strawberry,11.0,84.5,3.312,4.3,5,0.0
Orange,31.1,66.3,4.951,49.3,70,0.0
Mango,23.8,89.8,0.092,0.2,21,20.4
Broccoli,31.1,71.4,5.655,11.3,18,0.0
Banana,32.2,62.4,7.649,15.4,20,0.0
Carrot,1.2,97.5,0.072,6.0,30,23.5
Mango,32.4,67.6,12.966,12.7,21,0.0
Spinach,30.7,73.1,0.674,2.7,12,0.0
Cucumber,10.4,96.6,0.329,9.2,14,0.8
Cucumber,37.9,77.0,2.671,4.7,14,0.0
Onion,21.2,69.4,0.297,140.6,180,0.0
Carrot,-0.4,95.7,0.266,22.0,30,0.0
Orange,32.4,78.2,8.06,64.5,70,0.0
Banana,20.6,78.5,2.977,11.7,20,0.0
Broccoli,-0.3,90.3,0.1,5.2,18,10.5
Bell Pepper,32.6,72.0,5.689,14.5,18,0.0
Strawberry,37.5,68.2,15.0,1.9,5,0.0
Cucumber,33.8,58.7,0.161,0.4,14,5.5
Onion_Green,-2.0,95.7,0.222,17.6,25,0.9
Spinach,6.4,88.7,0.192,8.4,12,0.0
Potato,37.3,78.4,0.831,28.0,200,0.0
Orange,16.7,68.6,0.262,11.3,70,0.0
Banana,25.7,82.3,8.551,17.1,20,0.0
Strawberry,-1.1,100.0,0.706,3.5,5,0.0
Tomato,28.4,77.1,2.163,8.6,21,0.0
Broccoli,30.6,55.1,2.22,6.7,18,0.0
Tomato,16.1,91.9,0.425,7.6,21,8.6
Tomato,29.4,60.6,3.715,15.1,21,0.0
Bell Pepper,12.6,95.2,0.02,0.5,18,17.4
Onion,33.5,52.8,1.611,152.8,180,0.0
Orange,3.4,88.5,0.023,3.0,70,66.7
Apple,-0.5,91.8,0.13,27.5,180,145.8
Broccoli,-1.1,95.9,0.105,8.5,18,8.1
Orange,4.2,86.3,0.542,62.6,70,0.0
Strawberry,12.8,80.2,1.797,2.2,5,0.0
Apple,4.6,90.4,0.856,95.0,180,0.0
Spinach,2.0,95.5,0.01,0.5,12,11.4
Tomato,30.0,64.4,3.586,10.6,21,0.0
Potato,16.0,86.5,0.46,161.0,200,0.0
Onion,28.6,65.1,0.316,70.1,180,0.0
Broccoli,-2.0,100.0,0.067,5.5,18,11.4
Grapes,32.3,73.4,2.695,9.2,45,0.0
Spinach,-1.2,96.4,0.069,4.9,12,6.2
Grapes,-2.0,90.5,0.016,1.5,45,43.4
Onion_Green,9.7,86.0,0.914,21.1,25,0.0
Strawberry,0.9,90.7,1.249,3.8,5,0.0
Spinach,0.2,99.6,0.04,2.9,12,8.9
Spinach,1.4,99.1,0.111,6.2,12,4.9
Apple,1.2,94.0,0.783,120.9,180,0.0
Grapes,0.9,92.1,0.118,12.7,45,30.2
Onion,34.7,64.7,0.846,93.5,180,0.0
Orange,4.2,85.0,0.227,27.6,70,33.4
Spinach,1.6,100.0,0.098,5.1,12,6.1
Cucumber,11.8,95.9,0.143,3.8,14,9.5
Spinach,-0.0,96.0,0.066,3.9,12,7.6
Broccoli,-2.0,98.4,0.289,16.2,18,0.0
Orange,3.5,86.1,0.418,60.3,70,0.0
Strawberry,-2.0,96.1,0.805,3.6,5,0.0
Tomato,29.2,74.0,1.739,6.3,21,0.0
Apple,0.9,99.5,0.731,128.5,180,0.0
Bell Pepper,17.9,81.6,0.834,9.2,18,0.0
Onion,34.2,60.8,1.088,142.6,180,0.0
Carrot,0.3,97.9,0.137,16.8,30,10.2
Carrot,15.0,79.5,0.247,5.3,30,0.0
Banana,12.6,89.2,2.052,18.9,20,0.0
Potato,6.3,94.2,0.183,169.8,200,0.0
Potato,37.9,57.8,6.465,168.8,200,0.0
Apple,36.3,74.3,15.0,156.7,180,0.0
Broccoli,1.0,100.0,0.141,6.3,18,10.2
Spinach,0.8,96.1,0.023,1.3,12,10.6
Banana,36.0,52.1,7.985,7.9,20,0.0
Onion,35.2,51.0,0.654,80.1,180,0.0
Strawberry,4.6,93.9,0.317,0.8,5,3.7
Spinach,37.5,81.0,7.538,9.8,12,0.0
Carrot,-0.5,96.3,0.084,9.8,30,18.7
Mango,12.3,87.0,1.843,15.3,21,0.0
Strawberry,-0.7,95.9,0.338,1.3,5,3.1
Potato,14.8,77.8,0.06,25.7,200,114.9
Apple,32.9,65.4,15.0,130.2,180,0.0
Broccoli,28.4,54.1,5.373,15.5,18,0.0
Cucumber,31.3,57.2,2.194,11.0,14,0.0
Carrot,-2.0,98.9,0.078,10.3,30,16.8
Strawberry,-0.8,90.9,1.185,3.7,5,0.0
Onion,31.5,59.6,0.247,36.6,180,20.9
Bell Pepper,10.6,94.2,0.269,6.0,18,10.0
Onion,33.9,55.8,0.171,20.1,180,59.4
Potato,32.9,79.7,0.801,40.8,200,0.0
Cucumber,21.5,82.6,1.398,10.9,14,0.0
Bell Pepper,28.5,84.6,2.559,11.9,18,0.0
Carrot,0.1,100.0,0.116,13.2,30,14.3
Tomato,18.3,89.5,1.653,19.6,21,0.0
Broccoli,37.7,60.2,14.143,15.2,18,0.0
Carrot,13.5,86.5,0.603,13.5,30,0.0
Carrot,-0.6,98.6,0.18,24.0,30,0.0
Carrot,3.5,95.1,0.249,24.5,30,0.0
Tomato,30.4,58.8,2.182,7.1,21,0.0
Onion,19.3,62.9,0.067,27.8,180,145.8
Cucumber,30.3,61.4,1.99,9.5,14,0.0
Carrot,2.0,98.6,0.033,2.2,30,27.6
Orange,2.8,96.5,0.318,39.8,70,0.0
Strawberry,-2.0,100.0,0.835,3.2,5,0.0
Bell Pepper,10.2,100.0,0.215,6.4,18,7.6
Onion,32.0,78.4,0.287,48.0,180,0.0
Spinach,37.9,76.0,1.991,3.9,12,0.0
Onion_Green,10.8,88.4,1.122,23.1,25,0.0
Tomato,26.4,79.5,1.3,6.9,21,0.0
Spinach,35.9,53.6,6.196,8.9,12,0.0
Strawberry,1.1,94.0,1.245,4.1,5,0.0
Grapes,28.1,78.8,2.14,12.0,45,0.0
Banana,11.3,100.0,0.406,4.2,20,11.7
Cucumber,11.5,91.0,0.328,10.0,14,0.0
Strawberry,1.7,97.0,0.447,1.2,5,2.9
Spinach,13.0,85.2,0.232,3.3,12,0.0
Broccoli,0.6,100.0,0.385,16.2,18,0.0
Banana,21.3,77.3,0.254,0.9,20,16.4
Orange,32.4,83.2,0.157,1.0,70,54.0
Cucumber,28.4,60.3,1.15,5.0,14,0.0
Potato,33.2,69.1,0.043,2.7,200,154.3
Orange,9.4,83.4,0.142,11.1,70,51.4
Cucumber,12.3,99.3,0.23,5.4,14,6.4
Grapes,9.9,79.6,0.695,18.7,45,0.0
Bell Pepper,31.9,84.4,4.23,11.7,18,0.0
Cucumber,29.4,94.5,2.298,11.6,14,0.0
Strawberry,1.8,92.5,1.591,3.4,5,0.0
Bell Pepper,9.4,87.6,0.371,10.2,18,1.5
Banana,10.9,90.6,1.598,13.5,20,0.0
Apple,8.6,83.7,0.326,26.9,180,101.8
Carrot,2.3,97.8,0.094,12.7,30,15.5
Onion,19.9,68.8,0.152,67.6,180,99.2
Mango,33.9,76.1,9.838,8.7,21,0.0
Mango,13.9,100.0,2.272,13.9,21,0.0
Carrot,32.7,54.4,6.042,25.8,30,0.0
Tomato,15.0,90.6,0.59,7.8,21,6.8
Tomato,17.7,90.6,0.583,6.2,21,10.0
Potato,8.1,91.0,0.315,189.5,200,0.0
Mango,12.6,87.5,0.402,3.4,21,15.4
Mango,28.4,67.7,0.919,1.1,21,8.8
Broccoli,28.0,53.0,4.479,13.7,18,0.0
Mango,10.4,86.9,0.156,1.7,21,18.4
Bell Pepper,11.6,98.1,0.416,9.4,18,1.4
Potato,33.4,61.8,3.185,185.8,200,0.0
Tomato,14.3,94.7,0.77,9.8,21,0.0
Mango,13.0,96.3,2.195,13.1,21,0.0
Tomato,18.3,82.5,1.645,17.8,21,0.0
Strawberry,30.1,65.3,6.288,0.9,5,0.0
Cucumber,34.7,73.8,3.294,8.6,14,0.0
Bell Pepper,33.9,63.4,1.29,3.0,18,0.0
Tomato,19.5,96.5,2.021,16.4,21,0.0
Strawberry,29.4,71.5,13.729,2.3,5,0.0
Onion_Green,29.4,54.6,1.59,4.8,25,0.0
Broccoli,15.3,92.5,1.518,16.6,18,0.0
Orange,35.8,83.4,0.881,4.4,70,0.0
Banana,16.1,100.0,2.406,14.5,20,0.0
Grapes,34.8,52.3,0.595,1.8,45,0.0
Banana,26.1,82.8,4.84,13.2,20,0.0
Onion_Green,-0.8,97.2,0.316,20.7,25,0.0
Potato,6.3,88.5,0.161,128.1,200,21.0
Mango,13.2,100.0,1.255,10.2,21,0.0
Banana,33.2,81.8,13.543,18.4,20,0.0
Apple,28.7,77.0,11.404,109.3,180,0.0
Cucumber,37.9,56.7,5.968,11.6,14,0.0
Broccoli,-0.4,100.0,0.046,2.3,18,15.5
Carrot,35.8,84.3,7.69,21.6,30,0.0
Grapes,29.1,59.4,5.396,29.2,45,0.0
Onion_Green,-2.0,100.0,0.014,1.2,25,23.6
Banana,33.5,62.1,0.641,0.9,20,5.3
Onion_Green,6.9,82.0,0.484,13.2,25,0.0
Banana,33.5,84.3,10.473,15.2,20,0.0
Tomato,17.7,87.4,0.038,0.3,21,20.6
Apple,29.1,55.0,6.521,69.2,180,0.0
Bell Pepper,12.5,93.0,0.226,4.2,18,12.1
Cucumber,12.7,98.3,0.416,11.1,14,0.0
Apple,32.5,81.4,2.433,15.8,180,0.0
Grapes,-0.4,87.4,0.109,8.9,45,33.4
Potato,8.7,90.7,0.086,53.1,200,140.2
Tomato,15.3,86.2,1.218,15.4,21,0.0
Tomato,28.4,77.9,0.29,1.2,21,15.4
Banana,34.5,67.2,15.0,16.2,20,0.0
Onion_Green,-1.2,96.7,0.277,18.1,25,0.2
Tomato,28.9,74.9,5.369,17.0,21,0.0
Orange,37.7,81.7,6.214,24.0,70,0.0
Bell Pepper,28.6,72.1,1.126,4.8,18,0.0
Potato,17.6,87.5,0.631,124.3,200,0.0
Grapes,-1.3,94.5,0.275,27.9,45,6.2
Tomato,16.1,90.3,1.155,13.9,21,0.0
Onion_Green,1.4,91.5,0.196,13.5,25,4.7
Banana,26.0,84.3,3.311,8.9,20,0.0
Bell Pepper,8.3,97.7,0.363,10.3,18,0.8
Apple,10.1,67.1,1.577,113.0,180,0.0
Bell Pepper,17.2,79.3,1.182,12.0,18,0.0
Carrot,1.2,100.0,0.079,5.9,30,23.3
Onion_Green,1.9,99.9,0.246,12.1,25,7.9
Tomato,29.8,52.2,4.032,14.2,21,0.0
Apple,2.6,98.7,0.807,138.3,180,0.0
Strawberry,33.0,60.4,15.0,4.2,5,0.0
Carrot,28.4,59.3,4.392,25.2,30,0.0
Onion_Green,1.9,93.4,0.26,15.7,25,1.5
Strawberry,28.8,64.5,10.596,2.2,5,0.0
Spinach,0.5,99.6,0.139,7.2,12,3.3
Bell Pepper,11.4,93.2,0.719,11.2,18,0.0
Banana,22.2,73.7,2.703,12.6,20,0.0
Onion,35.1,61.5,0.265,30.7,180,0.0
Onion_Green,13.7,86.9,1.033,18.5,25,0.0
Onion_Green,36.5,64.5,10.384,18.9,25,0.0
Banana,16.2,88.6,1.906,14.7,20,0.0
Strawberry,15.5,85.5,2.831,1.9,5,0.0
Tomato,25.6,70.2,1.884,8.7,21,0.0
Onion_Green,1.3,94.2,0.132,8.5,25,14.2
Mango,19.0,78.9,2.294,8.9,21,0.0
Spinach,1.6,97.1,0.039,1.8,12,10.1
Strawberry,-2.0,91.9,1.044,4.4,5,0.0
Grapes,-2.0,89.5,0.2,20.6,45,16.5
Tomato,17.8,92.9,0.899,8.8,21,0.7
Cucumber,23.4,78.2,0.219,2.0,14,2.0
Orange,7.0,83.6,0.085,8.8,70,58.8
Tomato,18.2,88.9,0.423,3.9,21,14.8
Strawberry,-1.2,89.6,1.046,4.5,5,0.0
Broccoli,-0.7,100.0,0.047,2.2,18,15.5
Cucumber,21.4,87.2,0.347,4.0,14,0.0
Onion,29.8,54.2,0.01,1.4,180,174.1
Spinach,1.6,98.8,0.134,7.7,12,2.9
Potato,6.4,92.4,0.076,68.5,200,119.2
Broccoli,11.4,85.4,0.228,4.4,18,0.0
Banana,11.6,100.0,1.029,15.0,20,0.0
Tomato,16.6,81.6,0.336,4.4,21,13.8
Onion,34.0,53.3,0.039,4.7,180,150.4
Spinach,-0.3,94.0,0.154,11.0,12,0.0
Tomato,16.5,82.5,1.266,12.7,21,0.0
Onion_Green,7.8,90.0,0.097,3.0,25,16.9
Mango,14.5,92.3,0.255,1.6,21,18.8
Apple,-0.4,96.0,0.295,80.5,180,58.8
Apple,3.2,89.9,0.859,93.2,180,0.0
Onion_Green,-0.0,99.3,0.045,3.7,25,21.0
Cucumber,12.2,88.0,0.107,3.7,14,8.5
Strawberry,2.0,93.7,0.122,0.4,5,4.6
Onion,37.8,71.9,0.155,13.3,180,78.6
Orange,31.3,71.7,2.583,22.1,70,0.0
Spinach,36.6,72.9,4.116,5.8,12,0.0
Orange,17.0,71.8,0.881,30.1,70,0.0
Broccoli,10.7,80.2,0.355,6.5,18,0.0
Potato,38.0,81.5,4.708,147.5,200,0.0
Banana,15.9,92.4,0.226,1.4,20,18.1
Onion,20.2,68.6,0.242,97.4,180,53.3
Onion_Green,0.8,99.9,0.356,21.4,25,0.0
Spinach,31.1,50.3,1.522,3.7,12,0.0
Apple,31.7,69.0,12.829,103.4,180,0.0
Onion,19.2,68.1,0.117,49.1,180,123.2
Strawberry,28.9,72.1,9.076,1.8,5,0.0
Bell Pepper,8.8,92.4,0.202,9.6,18,5.7
Strawberry,0.4,94.4,0.167,0.5,5,4.4
Tomato,18.4,92.9,1.419,12.1,21,0.0
Strawberry,30.2,52.0,15.0,3.9,5,0.0
Onion_Green,31.2,66.9,4.768,11.7,25,0.0
Grapes,33.0,71.2,2.207,7.0,45,0.0
Apple,2.0,90.7,0.355,45.1,180,114.5
Onion,20.8,66.4,0.103,45.8,180,127.7
Onion_Green,12.3,84.4,0.615,10.1,25,0.0
Banana,22.1,75.4,0.492,1.4,20,13.4
Onion,34.5,56.5,0.846,94.0,180,0.0
Tomato,16.3,95.3,0.997,11.1,21,0.0
Orange,19.6,70.5,1.279,43.3,70,0.0
Carrot,1.6,99.4,0.185,14.4,30,12.0
Carrot,-0.5,97.2,0.231,23.3,30,0.0
Onion_Green,-1.2,91.4,0.098,9.2,25,12.3
Banana,13.7,92.0,0.376,3.5,20,14.8
Spinach,1.9,94.2,0.013,0.7,12,11.2
Onion_Green,0.7,100.0,0.096,5.3,25,18.8
Onion,19.5,77.6,0.137,54.1,180,7.2
Spinach,1.2,97.6,0.091,6.1,12,5.3
Mango,12.3,91.2,0.859,6.8,21,7.1
Carrot,29.0,71.8,1.778,12.0,30,0.0
Grapes,12.6,77.6,0.767,20.5,45,0.0
Spinach,29.4,73.4,1.699,8.5,12,0.0
Orange,18.0,82.1,2.339,64.2,70,0.0
Broccoli,1.3,99.8,0.155,6.0,18,10.5
Apple,1.2,94.9,0.809,125.9,180,0.0
Orange,13.4,71.9,0.629,21.4,70,0.0
Apple,-1.3,94.4,0.496,98.8,180,4.1
Broccoli,8.5,87.6,0.443,10.0,18,0.0
Bell Pepper,28.6,62.3,3.504,12.5,18,0.0
Onion,20.7,60.8,0.134,78.7,180,64.5
Cucumber,12.2,96.1,0.395,10.6,14,0.0
Onion_Green,31.7,51.1,0.782,1.9,25,0.0
Strawberry,36.7,77.2,15.0,4.5,5,0.0
Onion_Green,-1.4,93.9,0.122,8.4,25,14.3
Orange,6.6,88.7,0.324,37.4,70,15.7
Potato,3.7,100.0,0.015,14.7,200,172.7
Broccoli,1.3,98.4,0.049,1.6,18,16.3
Potato,8.5,100.0,0.304,185.2,200,0.0
Potato,7.6,91.8,0.031,21.3,200,177.5
Grapes,30.3,63.2,7.983,26.8,45,0.0
Bell Pepper,11.3,94.5,0.244,5.7,18,10.3
Apple,2.5,91.8,0.09,14.4,180,163.7
Spinach,3.8,97.7,0.176,7.9,12,1.3
Orange,3.3,85.2,0.19,24.7,70,37.4
Tomato,15.6,83.4,1.398,15.2,21,0.0
Tomato,25.1,81.8,3.474,14.7,21,0.0
Banana,14.7,100.0,2.141,16.4,20,0.0
Bell Pepper,17.9,77.9,0.788,10.6,18,0.0
Orange,32.7,77.6,6.483,43.0,70,0.0
Strawberry,14.9,84.1,5.139,3.9,5,0.0
Mango,12.4,91.3,1.275,11.0,21,0.0
Banana,28.8,67.3,7.115,11.9,20,0.0
Potato,6.8,97.2,0.128,103.1,200,60.3
Potato,8.8,86.1,0.285,177.8,200,0.0
Grapes,1.4,93.0,0.2,15.6,45,24.9
Potato,20.7,85.5,0.258,41.4,200,9.6
Spinach,0.8,94.9,0.147,9.4,12,0.5
Apple,2.6,100.0,0.375,52.8,180,82.3
Strawberry,7.6,75.3,2.457,3.6,5,0.0
Orange,35.7,72.4,1.924,10.8,70,0.0
Onion,37.9,52.5,1.395,94.7,180,0.0
Carrot,28.9,80.8,3.132,17.0,30,0.0
Carrot,0.9,97.0,0.051,4.7,30,25.0
Orange,5.9,89.3,0.081,8.6,70,60.2
Cucumber,20.6,91.1,1.035,8.6,14,0.0
Apple,1.9,91.2,1.214,130.5,180,0.0
Cucumber,13.1,92.6,0.089,2.7,14,10.8
Strawberry,8.2,88.0,1.441,1.8,5,0.0
Broccoli,-0.9,97.5,0.042,2.0,18,15.9
Potato,30.5,82.6,0.159,16.5,200,9.8
Orange,14.1,77.7,0.626,21.2,70,0.0
Mango,27.7,76.5,9.284,19.9,21,0.0
Bell Pepper,11.7,100.0,0.355,8.8,18,1.6
Potato,10.7,92.5,0.19,87.5,200,84.0
Spinach,32.6,52.4,0.856,2.4,12,0.0
Onion,20.8,59.6,0.181,71.6,180,61.9
Grapes,0.8,100.0,0.254,17.0,45,16.2
Strawberry,0.3,94.5,0.818,3.0,5,0.0
Apple,2.4,98.2,0.628,118.2,180,0.0
Spinach,15.0,73.9,0.405,10.3,12,0.0
Orange,9.3,74.4,0.401,29.5,70,0.0
Strawberry,-1.8,94.2,0.133,0.5,5,4.3
Onion,20.3,64.5,0.218,106.5,180,38.8
Strawberry,0.6,94.2,1.105,4.2,5,0.0
Carrot,2.9,100.0,0.259,25.1,30,0.0
Carrot,-0.4,100.0,0.01,0.7,30,29.2
Potato,15.5,81.1,0.324,119.2,200,0.0
Banana,36.0,53.0,10.25,9.1,20,0.0
Strawberry,1.0,89.8,0.449,1.6,5,2.5
Grapes,-0.4,87.2,0.074,7.8,45,35.0
Carrot,29.0,82.4,0.403,2.6,30,0.0
Cucumber,11.2,90.2,0.343,10.1,14,0.0
Broccoli,0.9,97.2,0.024,0.9,18,17.0
Apple,11.1,89.9,2.667,149.4,180,0.0
Onion,20.2,65.5,0.086,47.1,180,126.8
Broccoli,-2.0,100.0,0.013,0.8,18,17.0
Mango,23.3,81.0,3.176,8.0,21,0.0
Bell Pepper,9.6,90.9,0.293,7.0,18,8.4
Bell Pepper,11.4,86.9,0.494,9.3,18,0.8
Broccoli,0.1,100.0,0.162,5.8,18,10.8
Grapes,37.9,50.5,13.918,31.2,45,0.0
Strawberry,-1.6,89.4,1.31,4.7,5,0.0
Grapes,36.9,56.7,7.355,11.9,45,0.0
Cucumber,35.8,83.5,2.328,6.0,14,0.0
Orange,5.6,92.2,0.163,23.5,70,38.2
Carrot,31.5,56.8,2.308,9.7,30,0.0
Strawberry,0.6,93.5,0.967,3.4,5,0.0
Tomato,19.4,71.2,1.784,12.9,21,0.0
Tomato,31.1,82.8,3.919,12.3,21,0.0
Broccoli,31.9,51.8,5.27,10.8,18,0.0
Onion,37.5,83.9,1.948,141.4,180,0.0
Banana,12.4,95.6,1.617,18.5,20,0.0
Apple,3.7,98.9,0.837,110.8,180,0.0
Potato,20.7,82.8,0.336,66.9,200,0.0
Strawberry,0.4,95.8,1.23,4.5,5,0.0
Apple,36.4,75.4,15.0,162.9,180,0.0
Strawberry,6.9,74.4,0.938,1.3,5,0.0
Strawberry,0.9,92.4,1.681,4.6,5,0.0
Strawberry,1.0,100.0,0.263,0.7,5,3.8
Mango,27.4,87.9,6.404,11.2,21,0.0
Grapes,30.9,69.0,1.388,5.2,45,0.0
Carrot,2.9,100.0,0.079,6.0,30,22.7
Potato,17.5,78.5,0.179,46.8,200,7.1
Banana,32.2,54.8,3.122,4.9,20,0.0
Onion_Green,1.9,99.9,0.381,19.2,25,0.0
Mango,15.8,91.4,3.147,19.3,21,0.0
Carrot,29.6,83.3,5.268,28.3,30,0.0
Grapes,-1.1,89.4,0.062,5.5,45,38.7
Carrot,-0.7,97.7,0.226,26.9,30,0.0
Carrot,4.1,99.2,0.225,16.9,30,4.9
Cucumber,35.1,54.8,0.259,0.7,14,0.0
Strawberry,32.7,69.2,15.0,2.9,5,0.0
Broccoli,1.7,94.1,0.453,15.1,18,0.0
Onion_Green,31.5,53.0,5.589,11.1,25,0.0
Banana,35.1,54.3,6.924,12.1,20,0.0
Banana,10.9,89.1,0.565,6.3,20,7.7
Apple,34.3,59.6,5.392,30.8,180,0.0
Cucumber,33.7,56.6,4.215,13.0,14,0.0
Cucumber,13.0,94.9,0.569,13.2,14,0.0
Banana,15.1,98.7,1.815,13.4,20,0.0
Bell Pepper,35.6,72.4,3.928,11.6,18,0.0
Onion,20.6,74.0,0.072,29.2,180,140.0
Carrot,34.6,76.6,2.675,11.9,30,0.0
Carrot,33.9,57.9,5.948,21.5,30,0.0
Banana,35.7,66.9,11.553,9.7,20,0.0
Onion,20.0,60.5,0.128,58.9,180,92.9
Orange,12.2,75.7,0.553,27.3,70,0.0
Banana,22.8,82.5,0.448,1.7,20,13.5
Mango,12.4,97.3,1.603,12.9,21,0.0
Onion_Green,14.6,78.1,0.257,3.7,25,0.0
Bell Pepper,33.8,64.5,3.92,11.1,18,0.0
Potato,22.8,78.7,1.17,162.4,200,0.0
Potato,19.5,93.0,0.259,53.4,200,0.0
Mango,11.2,94.7,0.386,3.3,21,15.9
Onion,23.0,67.9,0.117,54.4,180,107.9
Bell Pepper,34.3,76.2,4.959,12.2,18,0.0
Strawberry,1.3,96.2,0.473,2.0,5,1.7
Apple,1.9,95.0,0.461,75.5,180,59.4
Tomato,25.4,80.0,2.642,11.2,21,0.0
Banana,33.0,81.0,3.718,3.5,20,0.0
Strawberry,-0.1,94.2,0.83,2.9,5,0.0
Mango,11.4,100.0,0.261,2.9,21,16.0
Orange,31.9,60.5,1.902,14.9,70,0.0
Potato,10.8,95.5,0.025,16.0,200,180.8
Broccoli,-1.9,98.9,0.319,16.5,18,0.0
Bell Pepper,8.7,85.1,0.379,12.9,18,0.0
Strawberry,0.4,95.8,1.297,3.8,5,0.0
Onion,22.7,73.6,0.214,67.0,180,69.4
Bell Pepper,34.2,82.7,2.584,6.7,18,0.0
Tomato,17.7,90.9,0.488,6.1,21,10.6
Banana,29.9,83.8,7.645,12.7,20,0.0
Banana,15.1,86.9,0.641,3.6,20,12.9
Carrot,2.2,99.0,0.259,24.0,30,0.0
Grapes,-0.7,93.7,0.202,18.3,45,21.9
Bell Pepper,24.7,85.9,1.768,12.8,18,0.0
Spinach,31.5,64.6,1.116,3.0,12,0.0
Grapes,12.6,75.6,0.899,35.3,45,0.0
Carrot,1.7,96.6,0.184,17.5,30,8.4
Onion_Green,0.5,98.8,0.327,19.6,25,0.0
Bell Pepper,32.2,51.3,0.095,0.3,18,11.6
Mango,12.8,86.5,0.042,0.3,21,20.6
Cucumber,31.9,81.9,0.719,2.6,14,0.0
Grapes,28.2,55.9,4.463,20.0,45,0.0
Tomato,15.0,87.5,0.15,2.1,21,18.5
Potato,30.8,69.4,1.459,92.2,200,0.0
Spinach,10.0,87.7,0.332,7.5,12,0.0
Banana,27.8,73.4,9.137,17.5,20,0.0
Onion,28.3,60.1,0.113,22.2,180,116.3
Potato,36.8,50.8,2.309,72.7,200,0.0
Onion_Green,7.3,82.5,0.412,15.0,25,0.0
Grapes,1.2,100.0,0.02,1.9,45,42.2
Bell Pepper,7.4,87.2,0.544,16.0,18,0.0
Orange,5.4,86.5,0.31,31.1,70,27.1
Tomato,18.3,88.3,2.08,19.8,21,0.0
Tomato,37.3,75.1,4.55,5.6,21,0.0
Orange,35.6,55.3,1.636,11.1,70,0.0
Cucumber,10.3,100.0,0.161,9.2,14,1.2
Spinach,9.6,89.7,0.336,7.8,12,0.0
Broccoli,10.8,95.4,0.542,11.7,18,0.0
Apple,10.2,78.6,0.984,65.9,180,0.0
Bell Pepper,7.4,93.1,0.273,8.8,18,5.1
Carrot,31.4,79.1,4.714,19.2,30,0.0
Strawberry,-1.0,93.7,0.454,1.8,5,2.1
Tomato,22.5,77.5,1.143,8.6,21,0.0
Grapes,-0.4,94.4,0.456,37.3,45,0.0
Carrot,28.5,53.3,2.348,17.7,30,0.0
Carrot,12.9,81.0,0.586,17.9,30,0.0
Bell Pepper,21.9,82.1,1.819,14.7,18,0.0
Strawberry,34.2,83.3,15.0,4.6,5,0.0
Cucumber,23.4,83.5,1.351,12.9,14,0.0
Mango,12.8,95.6,1.648,12.6,21,0.0
Cucumber,11.1,100.0,0.109,3.8,14,9.1
Onion,29.5,83.0,0.17,36.4,180,0.0
Tomato,17.1,89.5,0.14,1.6,21,19.1
Apple,14.4,87.0,3.873,157.2,180,0.0
Cucumber,10.9,98.5,0.116,3.7,14,9.4
Banana,32.1,61.7,2.162,3.4,20,0.0
Mango,30.1,78.9,5.448,7.1,21,0.0
Broccoli,1.5,96.4,0.256,8.7,18,6.2
Spinach,1.7,100.0,0.109,7.5,12,3.1
Tomato,34.8,63.1,8.504,19.3,21,0.0
Cucumber,8.3,100.0,0.24,8.5,14,0.0
Banana,15.6,98.9,2.383,17.6,20,0.0
Grapes,33.6,78.8,3.055,8.0,45,0.0
Cucumber,37.1,71.1,2.584,9.4,14,0.0
Bell Pepper,7.4,93.3,0.236,11.7,18,1.4
Spinach,-0.1,95.5,0.064,4.3,12,7.1
Tomato,16.6,84.8,1.171,12.9,21,0.0
Carrot,31.0,69.2,2.834,13.1,30,0.0
Grapes,0.4,86.0,0.052,5.5,45,37.6
Onion,31.1,55.1,0.601,88.2,180,0.0
Spinach,31.8,58.6,3.773,11.3,12,0.0
Strawberry,36.1,77.4,9.18,0.8,5,0.0
Bell Pepper,11.6,100.0,0.307,6.0,18,7.1
Orange,32.7,77.6,0.285,3.3,70,12.3
Cucumber,21.8,92.1,0.635,6.0,14,0.0
Potato,17.0,84.4,0.196,63.1,200,4.0
Mango,19.4,89.0,1.098,7.4,21,0.0
Mango,12.7,86.9,1.023,8.9,21,0.0
Bell Pepper,22.5,74.9,1.36,13.2,18,0.0
Broccoli,-2.0,100.0,0.174,12.1,18,1.9
Onion,20.2,72.8,0.19,78.8,180,68.6
Mango,13.8,89.5,2.33,15.6,21,0.0
Grapes,2.3,94.7,0.11,9.8,45,32.6
Orange,4.3,91.6,0.405,50.3,70,0.0
Bell Pepper,17.4,82.6,0.225,2.4,18,10.7
Grapes,31.9,80.1,4.263,24.4,45,0.0
Cucumber,29.5,77.0,0.58,2.8,14,0.0
Broccoli,-2.0,93.8,0.165,12.5,18,0.8
Bell Pepper,9.2,91.9,0.507,12.6,18,0.0
Grapes,17.1,82.4,1.195,17.4,45,0.0
Carrot,-0.2,100.0,0.143,17.1,30,8.7
Grapes,2.3,94.4,0.092,6.7,45,36.6
Banana,33.4,65.6,6.509,7.1,20,0.0
Onion,32.1,64.8,0.172,28.1,180,62.1
Spinach,1.7,96.4,0.042,2.4,12,9.5
Mango,12.5,90.6,0.53,3.7,21,14.9
Mango,14.7,95.5,0.052,0.4,21,20.5
Broccoli,13.2,92.8,0.629,7.4,18,0.0
Potato,11.8,92.5,0.306,154.8,200,0.0
Grapes,35.9,69.4,12.742,38.7,45,0.0
Onion,19.7,73.0,0.155,71.5,180,80.6
Cucumber,28.9,71.3,1.824,8.8,14,0.0
Spinach,0.6,97.7,0.018,1.3,12,10.7
Grapes,35.5,71.7,3.727,9.0,45,0.0
Bell Pepper,10.7,95.4,0.288,7.2,18,7.9
Banana,24.9,79.4,1.361,3.8,20,0.0
Carrot,34.5,50.6,5.933,26.9,30,0.0
Potato,8.5,91.8,0.01,2.7,200,197.2
Carrot,1.8,97.2,0.074,7.2,30,22.1
Banana,33.0,84.5,8.101,9.9,20,0.0
Tomato,14.7,88.4,1.083,17.3,21,0.0
Onion,27.8,59.6,0.061,14.1,180,141.9
Mango,12.7,95.2,0.076,0.7,21,20.1
Onion,20.4,65.7,0.069,36.7,180,139.3
Spinach,-2.0,99.5,0.01,0.4,12,11.5
Apple,7.6,73.7,1.44,104.9,180,0.0
Onion_Green,33.5,56.5,9.14,19.6,25,0.0
Tomato,29.2,58.6,4.621,17.3,21,0.0
Banana,12.5,88.7,0.078,0.8,20,19.0
Onion,19.2,65.9,0.314,132.3,180,0.0
Apple,1.5,93.6,0.197,31.9,180,140.3
Onion,18.5,69.2,0.103,49.7,180,121.1
Onion,21.2,71.7,0.199,81.5,180,67.3
Spinach,10.5,89.0,0.35,7.8,12,0.0
Mango,11.9,90.0,2.782,19.7,21,0.0
Orange,3.5,87.7,0.527,55.3,70,0.0
Potato,16.9,78.4,0.33,111.9,200,0.0
Broccoli,9.8,93.2,0.645,12.6,18,0.0
Grapes,1.6,91.5,0.644,42.0,45,0.0
Apple,13.9,93.3,3.707,130.5,180,0.0
Apple,0.3,92.4,0.511,107.7,180,3.2
Cucumber,13.0,100.0,0.079,1.6,14,11.9
Banana,36.0,55.3,13.37,12.6,20,0.0
Orange,17.5,79.0,0.01,0.2,70,69.0
Bell Pepper,11.6,99.0,0.659,16.0,18,0.0
Cucumber,24.4,86.9,1.308,10.3,14,0.0
Onion,19.5,70.6,0.185,89.8,180,64.1
Strawberry,-0.5,91.0,0.778,2.6,5,0.0
Spinach,37.7,75.6,1.554,1.9,12,0.0
Cucumber,12.4,100.0,0.389,10.8,14,0.0
Strawberry,32.3,78.6,10.862,1.5,5,0.0
Carrot,2.0,98.6,0.326,26.4,30,0.0
Onion,16.8,65.6,0.01,2.5,180,176.9
Potato,8.9,93.0,0.01,5.0,200,194.9
Broccoli,9.4,81.3,0.354,5.9,18,0.0
Strawberry,11.7,83.6,3.613,4.5,5,0.0
Strawberry,13.0,71.6,0.442,0.5,5,1.4
Onion_Green,8.1,89.5,0.715,22.2,25,0.0
Broccoli,10.7,89.7,0.158,2.2,18,9.3
Onion,19.7,70.1,0.29,116.5,180,17.3
Carrot,29.3,83.9,1.096,6.9,30,0.0
Cucumber,11.4,99.1,0.126,3.2,14,10.0
Broccoli,7.0,87.0,0.282,6.8,18,0.0
Onion,34.5,68.0,0.757,115.5,180,0.0
Strawberry,10.7,78.6,1.212,1.5,5,0.0
Orange,4.6,90.4,0.316,49.3,70,0.0
Strawberry,14.5,75.8,1.424,0.9,5,0.0
Grapes,37.7,64.4,15.0,42.4,45,0.0
Broccoli,12.2,85.7,0.951,12.0,18,0.0
Spinach,-0.4,96.3,0.051,3.6,12,8.0
Orange,5.6,83.7,0.415,53.9,70,0.0
Banana,29.7,59.3,10.012,16.9,20,0.0
Onion_Green,33.7,73.4,6.289,12.7,25,0.0
Apple,9.2,86.1,0.308,26.6,180,104.9
Spinach,8.8,83.6,0.259,7.2,12,0.0
Tomato,28.4,74.2,1.997,7.9,21,0.0
Broccoli,32.5,82.4,6.823,12.0,18,0.0
Strawberry,12.8,83.5,1.334,1.6,5,0.0
Broccoli,1.0,100.0,0.26,10.0,18,4.3
Broccoli,9.9,89.8,0.559,8.4,18,0.0
Carrot,-1.2,96.8,0.161,14.3,30,11.5
Bell Pepper,11.3,99.7,0.633,10.5,18,0.0
Spinach,7.5,83.9,0.044,1.5,12,7.4
Onion,24.5,60.8,0.286,84.8,180,6.5
Tomato,15.2,83.4,1.382,17.6,21,0.0
Bell Pepper,28.6,61.1,1.516,5.5,18,0.0
Strawberry,33.8,63.7,6.756,1.2,5,0.0
Tomato,17.2,85.3,0.062,0.6,21,20.4
Onion_Green,28.3,73.7,0.404,1.6,25,0.0
Broccoli,-0.5,98.1,0.039,1.5,18,16.4
Onion,19.5,66.5,0.291,132.7,180,0.0
Apple,0.1,89.8,0.303,61.7,180,90.6
Grapes,36.1,70.0,3.273,8.2,45,0.0
Mango,35.9,63.8,15.0,13.8,21,0.0
Cucumber,13.3,96.0,0.453,9.9,14,0.0
Mango,29.0,50.0,1.06,1.6,21,0.0
Orange,33.4,63.9,1.931,13.4,70,0.0
Strawberry,0.7,92.0,0.767,2.2,5,0.9
Strawberry,5.4,80.7,1.584,3.1,5,0.0
Broccoli,-0.4,95.2,0.384,16.4,18,0.0
Banana,25.1,83.5,0.439,0.9,20,15.8
Grapes,0.6,92.4,0.441,37.0,45,0.0
Orange,17.5,75.7,1.396,43.5,70,0.0
Apple,28.2,78.4,15.0,169.3,180,0.0
Carrot,2.5,97.8,0.178,16.7,30,9.0
Onion,30.7,54.9,0.809,139.4,180,0.0
Potato,9.5,91.1,0.241,140.2,200,14.5
Cucumber,24.3,88.5,1.024,7.8,14,0.0
Mango,34.4,79.3,15.0,12.4,21,0.0
Banana,32.7,63.4,7.452,10.5,20,0.0
Bell Pepper,6.7,92.4,0.199,8.7,18,5.4
Grapes,4.1,94.7,0.651,33.2,45,0.0
Cucumber,19.7,79.7,0.199,2.4,14,3.9
Cucumber,11.6,93.6,0.286,8.4,14,2.5
Orange,3.0,92.3,0.281,44.3,70,0.1
Broccoli,-1.4,100.0,0.019,1.2,18,16.7
Spinach,8.4,89.2,0.324,7.8,12,0.0
Onion,19.9,63.3,0.126,47.4,180,119.9
Spinach,0.6,100.0,0.019,1.1,12,10.8
Grapes,11.7,86.5,0.408,13.1,45,0.0
Banana,25.7,86.4,7.311,18.5,20,0.0
Onion_Green,-1.0,100.0,0.184,11.6,25,10.1
Broccoli,1.3,97.4,0.342,12.8,18,0.0
Broccoli,0.9,100.0,0.22,8.8,18,6.3
Apple,13.2,92.1,0.489,36.4,180,22.8
Broccoli,-0.7,93.7,0.088,4.9,18,12.1
Tomato,18.2,85.3,1.119,10.0,21,0.0
Carrot,2.5,100.0,0.296,24.7,30,0.0
Banana,11.8,100.0,1.158,9.4,20,0.0
Bell Pepper,9.5,92.1,0.51,14.0,18,0.0
Cucumber,28.4,67.4,2.655,11.5,14,0.0
Spinach,37.1,60.8,0.803,2.2,12,0.0
Tomato,16.9,88.3,0.082,1.0,21,19.9
Onion,28.2,56.6,0.485,97.5,180,0.0
Tomato,17.0,85.4,0.865,11.1,21,0.0
Orange,5.2,88.8,0.136,14.7,70,52.7
Cucumber,23.7,93.5,1.074,10.2,14,0.0
Carrot,15.4,72.6,1.088,28.4,30,0.0
Cucumber,8.6,100.0,0.151,5.7,14,5.4
Cucumber,35.6,58.0,3.271,8.2,14,0.0
Orange,17.4,74.5,0.811,26.0,70,0.0
Carrot,-2.0,100.0,0.071,11.9,30,14.5
Broccoli,-0.4,95.3,0.012,0.4,18,17.6
Apple,0.8,89.4,0.255,38.0,180,127.6
Cucumber,37.0,84.2,4.868,13.1,14,0.0
Carrot,1.4,100.0,0.231,19.0,30,4.9
Apple,29.7,57.2,11.984,139.3,180,0.0
Strawberry,35.6,53.7,15.0,3.9,5,0.0
Spinach,11.9,89.6,0.019,0.4,12,10.6
Cucumber,13.1,95.7,0.14,3.9,14,9.3
Apple,10.0,83.5,2.486,139.1,180,0.0
Orange,35.5,69.7,3.304,13.9,70,0.0
Broccoli,3.7,92.0,0.285,10.7,18,0.0
Potato,8.3,94.1,0.1,66.2,200,124.7
Onion,19.2,64.5,0.092,45.0,180,126.8
Broccoli,-1.3,98.8,0.075,7.4,18,9.6
Strawberry,11.3,89.0,4.212,4.4,5,0.0
Strawberry,34.1,71.0,5.043,0.7,5,0.0
Mango,14.7,89.6,0.607,3.4,21,14.8
Potato,28.4,80.0,0.065,5.4,200,146.3
Strawberry,0.2,97.5,1.496,4.3,5,0.0
Onion,18.6,71.7,0.08,34.0,180,137.2
Bell Pepper,9.2,91.5,0.407,9.8,18,3.2
Cucumber,10.8,94.7,0.439,13.1,14,0.0
Grapes,1.9,96.0,0.123,7.3,45,35.4
Tomato,33.1,61.0,4.443,8.0,21,0.0
Carrot,3.7,95.1,0.248,19.0,30,1.7
Tomato,15.9,86.0,0.285,3.2,21,16.6
Tomato,17.7,84.2,1.223,12.1,21,0.0
Cucumber,20.7,84.5,0.063,0.7,14,11.7
Orange,32.9,82.0,1.072,6.9,70,0.0
Mango,37.0,58.2,15.0,14.1,21,0.0
Cucumber,11.0,100.0,0.196,6.0,14,5.6
Banana,13.2,97.3,1.767,13.4,20,0.0
Spinach,1.6,99.9,0.065,4.2,12,7.3
Spinach,1.4,94.5,0.023,1.2,12,10.7
Grapes,31.5,70.4,5.154,16.2,45,0.0
Carrot,12.8,86.3,0.034,1.0,30,25.5
Bell Pepper,24.4,78.2,0.057,0.4,18,15.5
Onion,29.2,52.6,0.618,102.9,180,0.0
Cucumber,14.0,100.0,0.513,10.3,14,0.0
Strawberry,1.0,92.3,1.014,3.2,5,0.0
Onion,37.8,72.8,1.896,127.6,180,0.0
Broccoli,-0.6,91.3,0.145,7.0,18,7.9
Cucumber,10.7,91.1,0.244,8.2,14,2.5
Potato,32.7,57.8,1.68,98.3,200,0.0
Banana,13.2,92.8,1.423,12.6,20,0.0
Tomato,35.1,78.9,2.839,4.1,21,0.0
Tomato,25.3,79.2,2.566,14.0,21,0.0
Broccoli,0.6,93.7,0.352,15.0,18,0.0
Bell Pepper,10.9,94.7,0.54,12.4,18,0.0
Broccoli,-1.1,100.0,0.294,15.4,18,0.0
Cucumber,30.2,58.0,1.512,6.4,14,0.0
Onion_Green,-0.6,100.0,0.316,23.5,25,0.0
Onion,30.4,53.3,0.974,131.6,180,0.0
Onion,36.0,57.5,1.061,100.3,180,0.0
Spinach,32.5,55.6,2.959,9.1,12,0.0
Spinach,0.2,99.3,0.101,6.2,12,4.8
Onion_Green,13.5,89.9,0.427,8.5,25,0.0
Potato,11.1,100.0,0.01,3.9,200,194.1
Banana,11.9,98.3,0.535,5.9,20,8.5
Orange,4.1,90.0,0.073,7.6,70,61.3
Apple,1.8,95.1,0.247,31.6,180,137.5
Spinach,1.8,96.4,0.194,9.7,12,0.0
Onion_Green,32.6,64.2,2.585,8.8,25,0.0
Spinach,31.5,58.9,0.819,2.5,12,0.0
Onion_Green,11.8,90.1,0.219,4.9,25,3.1
Banana,29.1,69.0,7.883,12.9,20,0.0
Onion,29.4,59.2,0.39,92.7,180,0.0
Cucumber,10.1,99.7,0.068,2.5,14,10.8
Apple,2.1,96.3,0.453,71.9,180,61.6
Carrot,1.4,99.4,0.182,21.3,30,3.5
Strawberry,3.5,82.7,2.076,4.6,5,0.0
Onion_Green,7.3,89.7,0.711,19.8,25,0.0
Spinach,30.9,56.7,3.118,7.2,12,0.0
Bell Pepper,9.7,88.5,0.118,3.8,18,13.2
Orange,3.8,87.0,0.314,30.4,70,27.2
Strawberry,0.8,96.6,0.956,3.3,5,0.0
Banana,14.8,89.7,2.96,18.8,20,0.0
Grapes,-0.9,90.8,0.302,32.9,45,0.0
Bell Pepper,21.4,80.9,0.322,3.0,18,3.1
Bell Pepper,35.5,58.0,6.886,11.0,18,0.0
Potato,7.2,85.6,0.066,48.1,200,131.1
Broccoli,2.8,99.2,0.011,0.7,18,17.2
Banana,13.0,95.9,1.668,17.7,20,0.0
Spinach,4.0,97.5,0.181,7.8,12,1.1
Apple,15.5,85.6,3.016,159.6,180,0.0
Broccoli,31.6,77.0,7.483,16.1,18,0.0
Mango,20.8,75.7,0.2,0.7,21,17.8
Cucumber,9.8,91.1,0.149,4.9,14,7.4
Broccoli,31.7,78.1,1.665,2.9,18,0.0
Bell Pepper,8.7,88.7,0.284,7.0,18,7.7
Strawberry,1.1,92.1,0.896,2.7,5,0.0
Carrot,0.4,97.2,0.302,23.1,30,0.0
Spinach,2.8,100.0,0.143,10.0,12,0.0
Strawberry,36.8,65.6,2.744,0.2,5,0.0
Grapes,9.8,83.2,0.544,16.0,45,0.0
Grapes,2.5,91.9,0.458,34.2,45,0.0
Onion,19.8,67.0,0.058,30.3,180,147.5
Potato,7.4,92.4,0.118,77.0,200,110.0
Orange,32.0,51.7,1.961,16.0,70,0.0
Carrot,33.8,74.2,5.614,23.8,30,0.0
Carrot,-0.5,99.3,0.168,19.4,30,5.4
Apple,33.7,52.4,15.0,158.1,180,0.0
Carrot,-0.7,93.4,0.065,8.2,30,19.7
Spinach,28.9,63.9,0.548,1.8,12,0.0
Potato,17.0,84.6,0.472,121.3,200,0.0
Potato,36.2,60.8,0.095,3.6,200,117.2
Mango,13.7,91.1,2.605,18.1,21,0.0
Potato,29.9,53.4,1.203,123.6,200,0.0
Mango,37.5,53.7,15.0,9.8,21,0.0
Mango,35.1,81.0,15.0,19.1,21,0.0
Grapes,12.3,75.3,1.935,40.9,45,0.0
Carrot,3.6,100.0,0.242,20.9,30,0.0
Tomato,14.6,87.0,0.289,4.5,21,14.6
Mango,37.0,60.3,2.172,1.8,21,0.0
Banana,13.6,95.9,0.344,2.8,20,15.9
Potato,7.2,90.5,0.221,157.8,200,0.0
Onion,30.8,66.8,1.304,158.8,180,0.0
Onion_Green,0.6,98.7,0.022,1.5,25,23.5
Tomato,16.4,87.4,0.352,3.9,21,15.4
Broccoli,36.9,51.2,1.66,1.8,18,0.0
Tomato,23.3,76.9,0.111,0.8,21,18.9
Strawberry,-0.6,95.5,0.837,3.6,5,0.0
Grapes,34.8,77.0,10.427,35.7,45,0.0
Cucumber,13.9,100.0,0.378,10.5,14,0.0
Onion_Green,1.4,94.7,0.163,12.2,25,9.3
Tomato,15.6,87.2,1.03,12.6,21,0.0
Grapes,1.2,99.2,0.278,20.4,45,11.1
Carrot,-0.4,100.0,0.242,24.9,30,0.0
Grapes,33.4,62.4,7.45,30.8,45,0.0
Tomato,17.9,87.4,0.072,0.6,21,20.3
Banana,16.0,95.1,2.435,14.0,20,0.0
Carrot,0.5,98.7,0.165,14.3,30,12.7
Spinach,10.8,87.8,0.545,10.7,12,0.0
Orange,19.6,81.4,0.964,25.9,70,0.0
Grapes,1.5,90.3,0.076,5.6,45,38.5
Onion_Green,1.7,95.8,0.309,14.6,25,3.9
Tomato,34.4,57.2,8.798,15.9,21,0.0
Carrot,12.2,80.7,0.161,6.0,30,0.0
Mango,30.4,83.3,4.954,6.7,21,0.0
Carrot,1.5,98.5,0.112,11.1,30,17.3
Strawberry,14.5,85.0,0.511,0.5,5,2.2
Bell Pepper,30.1,84.0,1.334,4.3,18,0.0
Grapes,-0.1,89.4,0.119,10.2,45,32.7
Broccoli,-1.4,100.0,0.137,7.1,18,9.1
Onion,22.4,68.5,0.401,150.1,180,0.0
Mango,23.8,84.0,6.356,13.2,21,0.0
Carrot,-0.9,97.8,0.142,15.6,30,10.6
Cucumber,33.9,64.7,0.469,1.5,14,0.0
Orange,34.4,78.3,1.541,8.9,70,0.0
Cucumber,33.0,68.5,0.25,0.8,14,1.9
Cucumber,19.3,89.4,0.673,10.8,14,0.0
Mango,11.4,99.5,0.996,12.5,21,0.0
Onion_Green,37.0,65.9,5.152,7.3,25,0.0
Strawberry,9.6,78.2,1.049,1.3,5,0.0
Onion_Green,37.2,80.0,6.971,10.5,25,0.0
Carrot,36.4,77.1,9.767,20.7,30,0.0
Onion_Green,33.5,50.7,11.734,19.5,25,0.0
Potato,21.1,85.1,0.392,88.5,200,0.0
Carrot,3.3,98.3,0.095,7.9,30,20.3
Bell Pepper,17.1,87.3,0.181,1.6,18,14.0
Orange,15.4,69.0,1.236,46.6,70,0.0
Carrot,37.9,55.6,0.244,0.8,30,0.0
Orange,16.9,81.6,1.211,51.8,70,0.0
Banana,28.4,75.5,5.34,12.4,20,0.0
Spinach,35.5,69.3,5.48,8.5,12,0.0
Cucumber,12.9,98.9,0.393,8.9,14,0.0
Carrot,-2.0,100.0,0.123,15.8,30,8.3
Apple,32.1,71.7,15.0,154.8,180,0.0
Orange,4.5,86.0,0.167,25.4,70,38.9
Orange,4.9,87.0,0.586,60.9,70,0.0
Potato,30.9,59.5,1.561,106.5,200,0.0
Strawberry,-2.0,99.9,0.899,4.6,5,0.0
Broccoli,-0.0,92.2,0.226,7.6,18,7.0
Bell Pepper,18.4,90.3,0.412,4.9,18,3.6
Mango,34.9,55.3,15.0,19.3,21,0.0
Carrot,0.7,100.0,0.203,18.3,30,6.4
Grapes,1.6,89.8,0.126,8.9,45,33.9
Banana,33.0,84.2,11.175,14.0,20,0.0
Potato,8.6,94.8,0.169,101.4,200,74.3
Strawberry,1.2,100.0,1.687,4.5,5,0.0
Grapes,33.3,63.5,8.566,26.2,45,0.0
Carrot,2.1,100.0,0.067,5.5,30,23.7
Grapes,35.1,59.8,2.175,6.7,45,0.0
Strawberry,12.8,82.2,1.892,2.2,5,0.0
Mango,14.1,88.5,2.366,16.6,21,0.0
Carrot,35.0,65.0,1.245,4.1,30,0.0
Bell Pepper,9.6,92.3,0.127,3.9,18,13.5
Tomato,28.4,74.1,4.415,16.3,21,0.0
Tomato,16.4,84.6,0.404,4.3,21,14.3
Tomato,30.3,81.6,0.46,1.3,21,13.8
Bell Pepper,9.6,90.2,0.037,0.9,18,17.1
Grapes,-2.0,100.0,0.296,38.5,45,0.0
Mango,17.2,100.0,0.377,2.3,21,16.1
Mango,31.2,79.1,3.971,4.8,21,0.0
Strawberry,35.5,84.4,4.004,0.4,5,0.0
Strawberry,1.1,92.7,1.363,4.5,5,0.0
Grapes,13.5,86.7,0.944,29.9,45,0.0
Onion,29.3,75.9,0.168,31.3,180,35.9
Strawberry,35.5,53.7,15.0,1.8,5,0.0
Tomato,29.1,59.5,3.511,15.6,21,0.0
Potato,32.4,57.9,1.828,104.5,200,0.0
Mango,26.8,77.1,1.828,3.9,21,0.0
Orange,5.2,89.4,0.58,55.8,70,0.0
Broccoli,9.6,96.4,0.467,8.7,18,0.0
Carrot,0.7,98.3,0.017,1.5,30,28.4
Potato,37.3,58.2,2.956,94.9,200,0.0
Carrot,10.8,85.8,0.691,22.3,30,0.0
Orange,4.8,98.8,0.632,60.5,70,0.0
Grapes,11.4,80.3,0.352,13.4,45,0.0
Onion_Green,10.7,84.7,0.961,23.6,25,0.0
Banana,22.2,76.8,2.182,7.8,20,0.0
Apple,33.2,58.8,11.319,65.2,180,0.0
Onion,21.6,71.4,0.272,118.3,180,5.4
Bell Pepper,9.8,100.0,0.278,10.9,18,0.0
Grapes,11.6,82.0,1.321,36.3,45,0.0
Bell Pepper,30.1,55.2,2.927,9.2,18,0.0
Cucumber,34.9,79.7,0.471,1.3,14,0.0
Strawberry,32.0,55.6,1.888,0.4,5,0.0
Mango,26.3,75.6,7.08,12.9,21,0.0
Grapes,7.0,89.5,0.075,4.6,45,35.1
Bell Pepper,9.4,95.7,0.521,14.3,18,0.0
Potato,7.2,93.6,0.176,169.9,200,0.0
Strawberry,31.1,61.9,6.862,1.0,5,0.0
Broccoli,35.1,64.7,1.5,1.6,18,0.0
Strawberry,28.7,82.6,15.0,4.4,5,0.0
Bell Pepper,32.8,52.9,2.515,6.4,18,0.0
Onion,19.9,74.3,0.199,64.5,180,80.4
Onion,36.5,64.4,1.01,93.9,180,0.0
Banana,13.8,88.9,1.341,17.5,20,0.0
Spinach,3.3,100.0,0.082,4.8,12,6.1
Grapes,32.1,81.9,1.834,6.6,45,0.0
Potato,14.6,84.8,0.235,79.3,200,7.2
Potato,33.7,72.5,1.84,110.1,200,0.0
Onion,21.3,60.8,0.286,133.9,180,0.0
Broccoli,-1.3,100.0,0.331,12.6,18,0.0
Spinach,37.4,58.4,1.026,1.5,12,0.0
Bell Pepper,12.1,95.9,0.467,12.5,18,0.0
Apple,34.6,72.9,0.273,1.2,180,148.3
Grapes,-1.3,95.3,0.054,6.3,45,37.7
Mango,14.6,90.9,2.792,17.9,21,0.0
Broccoli,33.0,62.2,5.464,12.1,18,0.0
Spinach,0.7,99.2,0.15,9.5,12,0.5
Grapes,7.4,93.1,0.204,8.8,45,24.4
Orange,3.3,89.3,0.35,46.0,70,1.2
Strawberry,-0.7,96.2,0.089,0.2,5,4.7
Banana,15.1,96.4,0.504,3.5,20,14.0
Grapes,0.7,90.6,0.296,25.7,45,9.3
Broccoli,30.4,75.2,6.566,15.9,18,0.0
Carrot,1.8,100.0,0.055,4.3,30,25.1
Apple,12.6,77.8,2.133,136.7,180,0.0
Onion,28.3,77.4,0.558,128.4,180,0.0
Strawberry,-1.5,91.1,0.75,2.5,5,0.0
Potato,7.2,90.9,0.132,95.8,200,84.3
Grapes,9.1,76.1,0.113,4.5,45,24.5
Carrot,8.1,84.4,0.432,24.4,30,0.0
Onion_Green,1.7,95.1,0.477,21.9,25,0.0
Carrot,2.8,100.0,0.103,8.0,30,20.1
Grapes,35.2,51.6,8.161,23.5,45,0.0
Carrot,4.0,98.4,0.075,6.2,30,22.1
Broccoli,-2.0,100.0,0.259,14.2,18,0.0
Potato,32.3,83.3,1.963,138.3,200,0.0
Banana,13.6,90.1,1.242,8.3,20,0.0
Mango,37.1,83.9,5.548,3.3,21,0.0
Tomato,15.9,88.3,0.099,1.2,21,19.7
Tomato,19.3,93.9,0.905,8.1,21,0.6
Tomato,31.8,83.2,2.521,6.7,21,0.0
Spinach,1.5,100.0,0.114,7.1,12,3.6
Mango,37.2,62.9,1.137,1.3,21,0.0
Tomato,17.0,84.9,0.523,6.4,21,10.2
Carrot,0.1,98.9,0.046,4.8,30,24.8
Carrot,15.9,95.3,0.235,6.3,30,0.0
Cucumber,12.4,100.0,0.5,11.9,14,0.0
Carrot,0.8,97.1,0.054,5.7,30,23.9
Bell Pepper,12.2,87.2,0.489,12.1,18,0.0
Cucumber,29.2,72.8,0.028,0.1,14,12.6
Carrot,0.9,100.0,0.186,18.0,30,7.2
Strawberry,0.8,95.5,0.804,2.4,5,0.2
Potato,33.2,64.5,2.993,171.0,200,0.0
Banana,23.6,79.0,1.594,6.2,20,0.0
Apple,13.0,85.1,1.132,66.8,180,0.0
Spinach,36.7,67.2,1.45,3.3,12,0.0
Onion,31.1,59.7,0.976,167.9,180,0.0
Cucumber,11.1,100.0,0.051,1.5,14,12.1
Potato,20.4,91.1,0.176,38.9,200,42.4
Grapes,2.8,88.7,0.441,34.1,45,0.0
Bell Pepper,37.6,74.0,7.838,12.3,18,0.0
Bell Pepper,12.3,92.1,0.121,2.5,18,14.9
Strawberry,0.8,95.2,1.558,4.2,5,0.0
Onion_Green,-0.8,99.8,0.206,11.8,25,9.7
Spinach,-2.0,100.0,0.144,11.2,12,0.0
Orange,2.5,87.1,0.432,50.2,70,0.0
Onion,35.2,66.8,0.365,32.5,180,0.0
Broccoli,0.5,98.0,0.284,10.8,18,3.4
Spinach,1.8,100.0,0.164,9.2,12,0.5
Grapes,0.5,94.3,0.01,0.5,45,44.5
Onion,20.3,67.3,0.23,117.3,180,30.0
Bell Pepper,9.8,92.3,0.033,0.9,18,17.0
Spinach,1.5,95.7,0.09,4.2,12,7.3
Cucumber,36.8,70.0,5.4,12.7,14,0.0
Apple,37.8,63.0,6.165,20.6,180,0.0
Onion,19.6,60.8,0.251,102.7,180,15.7
Apple,9.5,74.9,2.247,164.9,180,0.0
Orange,29.6,63.3,0.707,7.6,70,0.0
Apple,7.5,88.4,0.037,3.5,180,173.5
Mango,30.3,78.3,10.149,12.2,21,0.0
Onion,19.9,74.2,0.239,135.5,180,0.0
Potato,17.2,79.1,0.285,106.7,200,0.0
Broccoli,6.3,84.0,0.045,1.4,18,13.7
Banana,13.0,91.2,1.176,7.2,20,2.3
Broccoli,37.3,59.4,2.553,2.3,18,0.0
Grapes,29.5,61.5,5.43,27.3,45,0.0
Banana,14.2,89.3,0.952,8.6,20,1.0
Carrot,0.2,99.2,0.01,0.3,30,29.7
Spinach,1.1,100.0,0.018,1.4,12,10.5
Onion,20.6,64.5,0.096,43.8,180,128.3
Potato,34.5,77.7,2.346,180.6,200,0.0
Strawberry,29.7,56.1,8.802,2.3,5,0.0
Spinach,33.7,63.3,3.594,7.8,12,0.0
Onion_Green,35.6,56.7,1.335,2.2,25,0.0
Spinach,1.0,100.0,0.013,0.8,12,11.2
Mango,34.1,68.0,13.978,12.4,21,0.0
Broccoli,34.4,77.4,0.705,0.9,18,0.0
Spinach,34.6,52.0,4.362,8.3,12,0.0
Grapes,9.6,76.3,0.452,14.3,45,0.0
Bell Pepper,10.1,95.4,0.269,5.9,18,9.9
Potato,33.0,53.8,0.321,18.8,200,0.0
Mango,34.5,58.1,15.0,15.1,21,0.0
Onion_Green,31.0,67.9,1.123,3.0,25,0.0
Broccoli,0.0,93.0,0.044,2.5,18,15.0
Spinach,-0.1,96.5,0.103,7.8,12,2.9
Potato,8.6,98.4,0.275,171.5,200,0.0
Banana,16.9,79.0,1.33,8.2,20,0.0
Cucumber,16.2,100.0,0.423,7.5,14,0.0
Strawberry,0.8,99.9,0.566,2.1,5,0.7
Onion,20.4,71.6,0.115,42.2,180,127.0
Bell Pepper,36.7,70.0,6.604,10.6,18,0.0
